symbol,stock_id,sector_id,promoter_shares,public_shares,share_registar,is_delisted,is_merged,listed_date,sister_holding,core_capital,close,paidup_capital,fetched_at,quarter,fiscal_year,eps,net_worth,roe,roa,retained_earning,reserve,total_assets,total_liabilities,deposit,loan,net_interest_income,net_fee_commission_income,operating_profit,net_profit,distributable_profit,npl,capital_fund_to_rwa,cost_of_fund,base_rate,interest_spread,cd_ratio,dps,eps_a,total_equity,file_name,loan_and_advance_bfi,gram_value,prev_quarter_profit,growth_rate,discount_rate,pe_ratio,peg_value,reserve_surplus,loansandlong_termliabilities,property_plantandequipment,work_in_progress,investments,total_currentassets,total_currentliabilities,income_from_sales_of_electricity,income_fromothersources,administrative_expenses,depreciation,financial_expenses,provision_foremployee_bonus,provision_for_tax,expired_date,mega_watt_capacity,mega_watt_per_cost,local,cash,goodwill_and_intangible_assets,property_and_equipment,investment_in_subsidiaries,investment_in_associates,loans,reinsurance_assets,current_tax_assets,insurance_receivables,other_assets,other_financial_assets,cash_and_cash_equivalent,share_premium,catastrophe_reserve,retained_earnings,other_equity,provisions,gross_insurance_contract_liabilities,deferred_tax_liabilities,other_liabilities,other_financial_liabilities,total_equity_and_liabilities,gross_earned_premiums,net_earned_premiums,commission_income,other_direct_income,interest_income_on_loan_to_policyholders,income_from_investments_and_loans,net_realized_gains_losses,other_income,total_income,gross_benefits_and_claims_paid,claims_ceded,gross_change_in_contract_liabilities,net_benefits_and_claims_paid,commission_expenses,service_fees,other_direct_expenses,employee_benefits_expenses,depreciation_and_amortization_expenses,impairment_losses,other_operating_expenses,finance_cost,total_expenses,net_profit_loss_before_share_of_net_profits_of_associates,profit_before_tax,income_tax_expenses,net_profit_loss,other_comprehensive_income,total_comprehensive_income,net_premium_to_gross_premium_percentage,net_profit_to_gross_premium_percentage,gross_premium_to_total_assets_percentage,agent_commission_to_gross_premium_percentage,price_earning_ratio,networth_per_share_rs,total_inforce_policy_count,first_year_premium,single_premium,renewal_premium,total_benefits_and_claims_paid_in_count,outstanding_benefits_and_claims_in_count,declared_profit_bonus_rate,interim_profit_bonus_rate,long_term_investments,short_term_investments,total_assets_per_share,allotment_date,mutual_fund_unlock_date,royalty,project_operatingexpenses,operating_expenses,reserve_and_surplus,loans_and_long_term_liabilities,current_liabilities,property_plant_and_equipment,capital_work_in_progress,intangible_assets,current_assets,income_from_room_sales_banquets_restaurants_and_others,income_from_other_sources,inventories,trade_and_other_recievables,cash_and_bank_balance,other_current_assets,other_equity_reserve_and_surplus,total_non_current_liabilities,borrowings,trade_payables,total_current_liabilities,total_equity_and_liabilites,revenue_from_sale_of_goods,less_cost_of_sales,gross_profit,selling_and_distribution_expenses,finance_expenses,foreign,government,other_operatingexpenses,operating_income,cash_and_bank_balances,deferred_tax_liability,depreciation_and_amortisation,employee_benefits,finance_costs,investment_in_corporate_bonds,investment_in_equity,investment_in_subsidiary,non_current_liabilities,operating_and_administrative_expenses,profit_before_bonus_and_tax,property_plant_and_equipments,reserves_and_surplus,revenue_from_contract_with_customers,deferred_tax_assets,insurance_payable,financial_liabilties_borrowings,employee_benefit_expenses,income_tax,income_taxes,non_current_assets,net_income,finance_income,par_value,other_non_current_assets,other_current_liabilities,current_tax_liabilities,share_capital,special_reserve,premium_ceded,gross_claims_paid,change_in_contract_liabilities_ceded_to_reinsurers,net_claims_incurred,networth_per_share,total_issue_policy,total_renewed_policy,total_claims_paid_count,outstanding_claims_count,accrued_income,current_tax_liability,dividend_income,impairments,inventory,loan_to_power_projects,prepayments_and_advances,retirement_benefit_obligations,staff_advances_and_loans,term_deposits_with_banks,share_of_net_profit_of_associates,cash_and_cash_equivalents,total_expenditure,net_profit_before_tax,total_comprehensive_income_for_the_year,investment_properties,total_non_current_assets,trade_receivables,total_current_assets,total_current_liabilities_and_provisions,income_from_services,administrative_costs,prepayment_and_advance_tax,personnel_costs,provision_for_income_tax,loans_advances_and_others,net_gain_loss_of_fair_value_changes,other_non_current_liabilities,post_employment_benefit,subscriber_deposit,operation_and_maintenance_costs,sales_channel_marketing_and_promotions,regulatory_fees_charges_and_renewals,amortization,impairment_loss,equity_loss_in_associate,foreign_exchange_loss_gain,share_application_money_pending_allotment,gross_written_premium,less_expenses
ACLBSL,90,9.0,60.0,40.0,Aarambha Chautari Laghubitta Bittiya Sanstha Limited,False,False,2019-01-01,,367143409.0,894.8,367143409.0,2026-09-03 08:55:31,q4,082/083,27.79,180.9,15.36,1.71,89245529.0,207787552.0,5950772972.0,5286596482.0,2261787928.0,5509564183.0,474512622.0,64076050.0,146957980.0,102017981.0,89245529.0,6.01,9.26,5.96,12.85,9.04,188.13,24.31,27.79,664176490.0,microfinancereport/aclbsl_082_083_q4_aarambha_chautari.pdf,,336.32,88049893.0,15.86,166.05,32.2,2.03,,,,,,,,,,,,,,,,,,,,,,,,,,,,,,,,,,,,,,,,,,,,,,,,,,,,,,,,,,,,,,,,,,,,,,,,,,,,,,,,,,,,,,,,,,,,,,,,,,,,,,,,,,,,,,,,,,,,,,,,,,,,,,,,,,,,,,,,,,,,,,,,,,,,,,,,,,,,,,,,,,,,,,,,,,,,,,,,,,,,,,,,,,,,,,,,,,,,
ADBL,21,1.0,51.0,49.0,NIBL Ace Capital Limited,False,False,2010-08-16,,19287936300.0,296.6,19738231090.0,2026-09-03 08:55:31,q4,082/083,16.11,231.71,7.89,0.67,1262186665.0,17905910009.0,420134125077.0,381227797313.0,347219869157.0,247145223957.0,9121508260.0,1716073746.0,3943590530.0,2630641835.0,1262186665.0,4.07,13.29,2.97,4.56,3.66,66.78,6.54,16.11,38906327764.0,bankreport/adbl_082_083_q4_adbl.pdf,1939065150.0,289.81,3732416195.0,-29.52,2.34,18.41,-0.62,,,,,,,,,,,,,,,,,,,,,,,,,,,,,,,,,,,,,,,,,,,,,,,,,,,,,,,,,,,,,,,,,,,,,,,,,,,,,,,,,,,,,,,,,,,,,,,,,,,,,,,,,,,,,,,,,,,,,,,,,,,,,,,,,,,,,,,,,,,,,,,,,,,,,,,,,,,,,,,,,,,,,,,,,,,,,,,,,,,,,,,,,,,,,,,,,,,,
ADLB,244,9.0,51.0,49.0,BOK Capital Market Limited,True,False,2022-07-18,,0.0,1180.0,24840000.0,2026-09-03 08:55:31,q3,079/080,1.34,123.13,1.07,0.11,,,295848020.0,12641940.0,157462430.0,266219770.0,12502270.0,4295640.0,393740.0,250560.0,,3.52,11.34,10.19,18.05,,59.15,,,,,,60.93,2186230.0,-88.54,1836.67,880.6,-9.95,6491480.0,,,,,,,,,,,,,,,,,,1540460.0,,,,,,,,,,,,,,,,,,,,,,,,,,,,,,,,,,,,,,,,,,,,,,,,,,,,,,,,,,,,,,,,,,,,,,,,,,,,,,,,,,,,,,,,,,,,,,,,,,,,,,,,,,,,,,,,,,,,,,,,,,,,,,,,,,,,,,,,,,,,,,,,,,,,,,,,,,,,,,,,,,,,,,,,,,,,,,,,,
AHL,270,5.0,,100.0,NMB capital Limited,False,False,2023-03-22,,340000000.0,363.8,340000000.0,2026-09-03 08:55:31,q4,082/083,-17.41,68.43,-25.44,-4.38,,,1351716056.0,,202474.0,,,,,-59183628.0,,,,,,,,-17.41,-17.41,232673256.0,,,,-28161037.0,110.16,,-20.9,-0.19,-107326744.0,846549703.0,,,4900000.0,75225720.0,272493097.0,81461844.0,,9612653.0,47300401.0,62443073.0,,,2026-02-25,6.200,211500000,10.0,,,,,,,,,,,,,,,,,,,,,,,,,,,,,,,,,,,,,,,,,,,,,,,,,,,,,,,,,,,,,,,,,,,,,,,,,,,,,,,,,,,,,,,,,,,,,,,,,,,,,,,,,,,,,,,,,,,,,,,,,,,,,,,,,,,,,,,,,,,,,,,,,,,,,,,,,,,,,,,,,,,,,,,,,,,,,,,,,,
AHPC,144,5.0,,100.0,Muktinath Capital Limited,False,False,2009-11-17,,3848003000.0,248.5,4040403150.0,2026-09-03 08:55:31,q4,082/083,3.41,109.71,3.11,2.92,,,4720989529.0,,578139139.0,,,,,137892444.0,,,,,,,,3.41,3.41,4432538955.0,,,91.75,448137547.0,-69.23,170.85,72.87,-1.05,392135805.0,244893346.0,2526121587.0,108285700.0,952554307.0,2086582242.0,43557228.0,287047957.0,45462163.0,4263452.0,96905308.0,21638376.0,2732898.0,15736883.0,2012-11-17,9.940,,,,,,,,,,,,,,,,,,,,,,,,,,,,,,,,,,,,,,,,,,,,,,,,,,,,,,,,,,,,,,,,,,,,,,,,,,,,,,,,,,,,,,,,,,,,,,,,,,,,,,,,,,,,,,,,,,,,,,,,,,,,,,,,,,,,,,,,,,,,,,,,,,,,,,,,,,,,,,,,,,,,,,,,,,,,,,,,,,,,
AIL,138,10.0,70.0,30.0,Kumari Capital Limited,True,False,2020-07-27,,0.0,451.0,0.0,2026-09-03 08:55:31,,,,,,,,,,,,,,,,,,,,,,,,,,,,,,,,,,,,,,,,,,,,,,,,,,,,,,,,,,,,,,,,,,,,,,,,,,,,,,,,,,,,,,,,,,,,,,,,,,,,,,,,,,,,,,,,,,,,,,,,,,,,,,,,,,,,,,,,,,,,,,,,,,,,,,,,,,,,,,,,,,,,,,,,,,,,,,,,,,,,,,,,,,,,,,,,,,,,,,,,,,,,,,,,,,,,,,,,,,,,,,,,,,,,,,
AKBSL,108,9.0,60.0,40.0,NIBL Ace Capital Limited,True,False,2019-08-25,,0.0,919.0,119000000.0,2026-09-03 08:55:31,q2,079/080,18.99,171.38,11.08,1.5,,,1503136920.0,30662440.0,492382120.0,1445280160.0,31294260.0,,7994370.0,11296210.0,,4.91,13.3,10.77,,,297.82,,,,,,270.6,24628430.0,-54.13,239.61,48.39,-0.89,84940940.0,,,,,,,,,,,,,,,,,,,,,,,,,,,,,,,,,,,,,,,,,,,,,,,,,,,,,,,,,,,,,,,,,,,,,,,,,,,,,,,,,,,,,,,,,,,,,,,,,,,,,,,,,,,,,,,,,,,,,,,,,,,,,,,,,,,,,,,,,,,,,,,,,,,,,,,,,,,,,,,,,,,,,,,,,,,,,,,,,,,,,,,,,,,,,,,,,,,
AKJCL,162,5.0,0.0,100.0,Nabil Investment  Banking LTD,False,False,2018-12-17,,2000000000.0,344.3,2000000000.0,2026-09-03 08:55:31,q4,082/083,3.18,94.0,3.39,2.49,,,2558235748.0,,,,,,,63595209.0,,,,,,,,3.18,3.18,1873731282.0,,,82.01,41037975.0,54.97,319.82,108.27,1.97,,565805987.0,1694502527.0,,,373408221.0,118698478.0,224292684.0,7711195.0,-10387507.0,-71025556.0,-61410592.0,,,2021-10-29,7.000,288900000,,,,,,,,,,,,,,,,,,,,,,,,,,,,,,,,,,,,,,,,,,,,,,,,,,,,,,,,,,,,,,,,,,,,,,,,,,,,,,,,,,,,,,,,,,,,,,,,,,,,,,,,,,,,,,,,,,,,,,,,,,,,,,,,,,,,,,,,,,,,,,,,,,,,,,,,,,,,,,,,,,,,,,,,,,,,,,,,,,,
AKPL,152,5.0,0.0,100.0,Arun Kabeli Power Limited,False,False,2017-04-16,,3895942100.0,243.0,3895942100.0,2026-09-03 08:55:32,q4,082/083,2.05,101.77,2.01,1.09,,,7316444410.0,,48281553.0,,,,,79681696.0,,,,,,,,2.05,2.05,3964906518.0,,,68.51,-9645192.0,-926.13,254.67,118.54,-0.13,68964418.0,2763014134.0,21786842.0,,,400037797.0,572484360.0,613604193.0,80958495.0,13010277.0,223501697.0,234233256.0,1453982.0,,2020-04-17,25.000,,,,,,,,,,,,,,,,,,,,,,,,,,,,,,,,,,,,,,,,,,,,,,,,,,,,,,,,,,,,,,,,,,,,,,,,,,,,,,,,,,,,,,,,,,,,,,,,,,,,,,,,,,,,,,,,,,,,,,,,,,,,,,,,,,,,,,,,,,,,,,,,,,,,,,,,,,,,,,,,,,,,,,,,,,,,,,,,,,,,
ALBSL,92,9.0,68.0,32.0,Prabhu Capital Limited,False,False,2019-03-10,,733046280.0,1098.9,802685677.0,2026-09-03 08:55:32,q4,082/083,32.63,174.67,24.85,2.83,216041168.0,383342634.0,12314836378.0,10912766899.0,3813717339.0,11591893220.0,884504477.0,139414107.0,371419399.0,261939317.0,216041168.0,8.57,10.56,6.15,10.44,8.56,114.0,26.91,32.63,1402069479.0,microfinancereport/albsl_082_083_q4_aasha_laghubitta.pdf,,358.1,102634516.0,155.22,206.87,33.68,0.22,,,,,,,,,,,,,,,,,,,,,,,,,,,,,,,,,,,,,,,,,,,,,,,,,,,,,,,,,,,,,,,,,,,,,,,,,,,,,,,,,,,,,,,,,,,,,,,,,,,,,,,,,,,,,,,,,,,,,,,,,,,,,,,,,,,,,,,,,,,,,,,,,,,,,,,,,,,,,,,,,,,,,,,,,,,,,,,,,,,,,,,,,,,,,,,,,,,,
ALICL,114,7.0,60.0,40.0,NIBL Ace Capital Limited,False,False,2010-04-16,,4827767560.0,398.0,5251217168.0,2026-09-03 08:55:32,q4,082/083,7.89,120.13,6.57,0.66,,,62335123931.0,56026879853.0,,,,,,414200481.0,,,,,,,,7.89,7.89,6308244078.0,lifeinsurancenewreport/alicl_082_083_q4_asian_life_insurance.pdf,,146.03,409337790.0,1.19,172.54,50.44,42.46,,,,,50613906989.0,,,,,,,,,,,,,,,10305096.0,666036696.0,76500000.0,2832215876.0,5273386835.0,41999357.0,109787457.0,3096956.0,7070427.0,1089937375.0,1610680867.0,109992146.0,328893006.0,526725174.0,91416584.0,209072537.0,53134186493.0,195750829.0,292331911.0,2195538083.0,62335123931.0,10643716805.0,10443112879.0,23057607.0,84473206.0,587605847.0,3104098207.0,39904680.0,14580499.0,14296832925.0,5842550903.0,132581805.0,5802400753.0,11495515299.0,881127234.0,78323347.0,23053.0,378929196.0,19535422.0,-1055961.0,559993946.0,3986168.0,13416377704.0,880455221.0,88045522.0,466254740.0,414200481.0,-143572177.0,-76758280.0,98.12,3.89,17.07,8.28,53.12,120.13,574948.0,2917954120.0,1105909343.0,7725762685.0,29316.0,256.0,42-75,42-75,37030569865.0,16492053000.0,1187.06,,,,,,,,,,,,,,,,,,,,,,,,,,,,,,,,,,,,,,,,,,,,,,,,,,,,,,,,,,,,,,,,,,,,,,,,,,,,,,,,,,,,,,,,,,,,,,,,,,,,,,,,,,,,,,,
ANLB,277,9.0,67.37,32.63,BOK Capital Market Limited,False,False,2023-04-30,,78343280.0,5350.0,89507200.0,2026-09-03 08:55:32,q4,082/083,69.82,362.38,19.27,2.86,,234850930.0,2182422960.0,1858064830.0,1130676890.0,1884550810.0,153659590.0,,51771280.0,62399530.0,,10.78,15.73,8.45,,,,69.82,69.82,324358130.0,microfinancereport/anlb_082_083_q4_4th quarter 2083.pdf,,754.51,44711900.0,39.56,609.07,76.63,1.94,,,,,,,,,,,,,,,,,,,,,,,,,,,,,,,,,,,,,,,,,,,,,,,,,,,,,,,,,,,,,,,,,,,,,,,,,,,,,,,,,,,,,,,,,,,,,,,,,,,,,,,,,,,,,,,,,,,,,,,,,,,,,,,,,,,,,,,,,,,,,,,,,,,,,,,,,,,,,,,,,,,,,,,,,,,,,,,,,,,,,,,,,,,,,,,,,,,,
APHL,678,5.0,70.0,30.0,Himalayan Capital Limited,False,False,2026-06-08,,470000000.0,677.0,470000000.0,2026-09-03 08:55:32,q4,082/083,-6.65,102.41,-4.02,-1.23,,,1570851323.0,,,,,,,-19365846.0,,,,,,,,-6.65,-6.65,481345975.0,hydropowerreport/aphl_082_083_q4_applo_hydro.pdf,,,,,,-101.8,,11345975.0,917849172.0,6124696.0,,,86058941.0,168445827.0,32523394.0,448493.0,9483343.0,,17754565.0,,,2029-04-24,6,228673000,,,,,,,,,,,,,,,,,,,,,,,,,,,,,,,,,,,,,,,,,,,,,,,,,,,,,,,,,,,,,,,,,,,,,2026-04-24,2026-10-24,,,,,,,,,,,,,,,,,,,,,,,,,,,,,,,,,,,,,,,,,,,,,,,,,,,,,,,,,,,,,,,,,,,,,,,,,,,,,,,,,,,,,,,,,,,,,,,,,,,,,,,,,,,,,
API,148,5.0,0.0,100.0,Api Power Company Limited,False,False,2015-11-18,,6075927807.0,329.2,6379724199.0,2026-09-03 08:55:32,q4,082/083,15.06,119.51,12.6,6.15,,,15612787438.0,,100508441.0,,,,,960605093.0,,,,,,,,15.06,15.06,7624227432.0,,,201.24,417539483.0,130.06,63.59,21.86,0.17,1244503233.0,5944440719.0,20602830.0,554547052.0,,712679488.0,1754745402.0,1766558361.0,13124159.0,-30837198.0,-424411226.0,-433046132.0,-22549621.0,,2018-11-09,56.5,,,,,,,,,,,,,,,,,,,,,,,,,,,,,,,,,,,,,,,,,,,,,,,,,,,,,,,,,,,,,,,,,,,,,,,,,,,,,,,,,,,,,,,,,,,,,,,,,,,,,,,,,,,,,,,,,,,,,,,,,,,,,,,,,,,,,,,,,,,,,,,,,,,,,,,,,,,,,,,,,,,,,,,,,,,,,,,,,,,,
ARDBLPL,570,,,,,,,,,,,,2026-09-03 08:55:32,,,,,,,,,,,,,,,,,,,,,,,,,,,,,,,,,,,,,,,,,,,,,,,,,,,,,,,,,,,,,,,,,,,,,,,,,,,,,,,,,,,,,,,,,,,,,,,,,,,,,,,,,,,,,,,,,,,,,,,,,,,,,,,,,,,,,,,,,,,,,,,,,,,,,,,,,,,,,,,,,,,,,,,,,,,,,,,,,,,,,,,,,,,,,,,,,,,,,,,,,,,,,,,,,,,,,,,,,,,,,,,,,,,,,,
AVYAN,247,9.0,61.0,39.0,Kumari Capital Limited,False,False,2022-09-23,,250000000.0,1000.0,250000000.0,2026-09-03 08:55:32,q4,082/083,57.04,158.75,35.93,3.84,45230120.0,101645211.0,3710635016.0,3313759685.0,354108199.0,3597246687.0,311683514.0,36119110.0,196969432.0,142608423.0,45230120.0,7.41,8.95,5.98,10.54,8.37,111.65,18.09,57.04,396875331.0,microfinancereport/avyan_082_083_q4_aviyan_laghubitta.pdf,,451.38,3061019.0,4558.85,121.55,17.53,0.0,,,,,,,,,,,,,,,,,,,,,,,,,,,,,,,,,,,,,,,,,,,,,,,,,,,,,,,,,,,,,,,,,,,,,,,,,,,,,,,,,,,,,,,,,,,,,,,,,,,,,,,,,,,,,,,,,,,,,,,,,,,,,,,,,,,,,,,,,,,,,,,,,,,,,,,,,,,,,,,,,,,,,,,,,,,,,,,,,,,,,,,,,,,,,,,,,,,,
BANDIPUR,667,4.0,79.29,20.71,,False,False,2025-11-10,,2830000000.0,642.0,2829993000.0,2026-09-03 08:55:33,q4,082/083,-1.96,91.41,-0.53,-0.35,,,3880296552.0,,,,,,,-13650990.0,,,,,,,,-1.96,-1.96,2587036097.0,,,,,,,-327.55,,,,,,269615000.0,,,,,6815043.0,,,,,2028-09-15,,,,,,,,,,,,,,,,,,,,,,,,,,,,,,,,,,,,,,,,,,,7840222.0,,,8969581.0,,,,,,,,,,,,,,,,,,,,,,,,,2025-09-15,2026-03-15,,,,-229305912.0,989229715.0,354030740.0,1420777898.0,1696755791.0,20679491.0,472468373.0,17985049.0,4961749.0,,,,,,,,,,,,,,,,,,,,,,,,,,,,,,,,,,,,,,,,,,,,,,,,,,,,,,,,,,,,,,,,,,,,,,,,,,,,,,,,,,,,,,,,,,,,,,,,,
BARUN,147,5.0,0.0,100.0,RBB Merchant Banking Limited,False,False,2015-10-14,,1047786700.0,308.5,1122532425.0,2026-09-03 08:55:33,q4,082/083,2.08,108.19,1.92,1.57,,,1490067877.0,,,,,,,23367215.0,,,,,,,,2.08,2.08,1214441493.0,hydropowerreport/barun_082_083_q4_barun_hydro.pdf,,71.16,19855212.0,17.69,333.55,148.32,8.39,,224714557.0,501756213.0,,,338553396.0,50210697.0,109238005.0,-730429.0,8520397.0,30409296.0,23462683.0,544157.0,,2018-10-14,4.455,,,,,,,,,,,,,,,,,,,,,,,,,,,,,,,,,,,,,,,,,,,,,,,,,,,,,,,,,,,,,,,,,,,,,,,,2634761.0,16272619.0,,,,,,,,,,,,,,,,,,,,,,,,,,,,,,,,,,,,,,,,,,,,,,,,,,,,,,,,,,,,,,,,,,,,,,,,,,,,,,,,,,,,,,,,,,,,,,,,,,,,,,,,,,,
BBC,200,12.0,14.74,85.26,Prabhu Capital Limited (Growmore),False,False,1984-11-08,,4010000000.0,4034.0,4010000000.0,2026-09-03 08:55:33,,,,,,,,,,,,,,,,,,,,,,,,,,,,,,,,,,,,,,,,,,,,,,,,,1987-11-08,,,,,,,,,,,,,,,,,,,,,,,,,,,,,,,,,,,,,,,,,,,,,,,,,,,,,,,,,,,,,,,,,,,,,,,,,,,,,,,,,,,,,,,,,,,,,,,,,,,,,,,,,,,,,,,,,,,,,,,,,,,,,,,,,,,,,,,,,,,,,,,,,,,,,,,,,,,,,,,,,,,,,,,,,,,,,,,,,,,,,
BEDC,282,5.0,,100.0,NIC Asia Capital Limited,False,False,2023-06-07,,544053400.0,285.0,544053400.0,2026-09-03 08:55:33,q4,082/083,-1.7,46.28,-3.66,-1.13,,,816359854.0,,4139534.0,,,,,-9227586.0,,,,,,,,-1.7,-1.7,251791861.0,hydropowerreport/bedc_082_083_q4_bhugol_energy.pdf,,,-30961392.0,-70.2,,-167.65,2.39,-292261539.0,518000000.0,852714.0,,,230511158.0,46567994.0,62444810.0,100.0,5048147.0,25740669.0,36128183.0,,,2026-04-15,3.75,195100000,10.0,,,,,,,,,,,,,,,,,,,,,,,,,,,,,,,,,,,,,,,,,,,,,,,,,,,,,,,,,,,,,,,,,,,,,,,,,,,,,,,,,,,,,,,,,,,,,,,,,,,,,,,,,,,,,,,,,,,,,,,,,,,,,,,,,,,,,,,,,,,,,,,,,,,,,,,,,,,,,,,,,,,,,,,,,,,,,,,,,,
BENI,686,5.0,80.0,20.0,NMB Capital Limited,False,False,,,1040000000.0,,1040000000.0,2026-09-03 08:55:33,,,,,,,,,,,,,,,,,,,,,,,,,,,,,,,,,,,,,,,,,,,,,,,,,,19.8,194705809.45,,,,,,,,,,,,,,,,,,,,,,,,,,,,,,,,,,,,,,,,,,,,,,,,,,,,,,,,,,,,,,,,,,,,,,,,,,,,,,,,,,,,,,,,,,,,,,,,,,,,,,,,,,,,,,,,,,,,,,,,,,,,,,,,,,,,,,,,,,,,,,,,,,,,,,,,,,,,,,,,,,,,,,,,,,,,,,,,,,,
BFC,47,3.0,51.42,48.58,Prabhu Capital Limited,False,False,2007-07-29,,890424240.0,459.9,890424236.0,2026-09-03 08:55:34,q4,082/083,7.84,113.08,6.93,0.93,-455589482.0,557109726.0,7513636515.0,6506744042.0,6306890204.0,4183451746.0,118404877.0,25403933.0,99055473.0,69778865.0,-455589482.0,10.7,15.56,4.91,8.23,4.1,70.53,-51.17,7.84,1006892472.0,financereport/bfc_082_083_q4_best_finance.pdf,,141.23,2077504.0,3258.78,225.63,58.66,0.02,,,,,,,,,,,,,,,,,,,,,,,,,,,,,,,14947992.0,,,,,,,,,,,,,,,,,,,,,,,,,,,,,,,,,,,,,,,,,,,,,,,,,,,,,,,,,,,,,,,,,,,,,,,,,,,,,,,,,,,,,,,,,,,,,,,,,,,,,,,,,,,,,,,,,,,,,,,,,,,,,,,,,,,,,,,,,,,,,,,,,,,,,,,,,,,,,,,,,,,,,
BGWT,307,5.0,75.0,15.0,Siddhartha Capital Limited,False,False,2023-10-11,,594947300.0,485.0,678239900.0,2026-09-03 08:55:33,q4,082/083,9.01,113.3,7.95,6.2,,,985754793.0,,,,,,,61090055.0,,,,,,,,9.01,9.01,768478200.0,,,151.55,66197890.0,-7.72,220.02,53.83,-6.98,90238300.0,189000000.0,11642648.0,,339480960.0,95054055.0,14733733.0,154099599.0,13000.0,19634881.0,29568159.0,10706978.0,1385262.0,,2026-09-02,4.41,170000000,10.0,,,,,,,,,,,,,,,,,,,,,,,,,,,,,,,,,,,,,,,,,,,,,,,,,,,,,,,,,,,,,,,,,,,,2023-09-04,2024-03-04,,,24939481.0,,,,,,,,,,,,,,,,,,,,,,,,,,,,,,,,,,,,,,,,,,,,,,,,,,,,,,,,,,,,,,,,,,,,,,,,,,,,,,,,,,,,,,,,,,,,,,,,,,,,,,,,,,
BHCL,652,5.0,51.0,39.0,Prabhu Capital Limited,False,False,2025-07-13,,909101300.0,543.0,909101300.0,2026-09-03 08:55:33,q4,082/083,10.81,112.53,9.61,8.25,,,1191612618.0,,24888270.0,,,,,98272481.0,,,,,,,,10.81,10.81,1023037656.0,,,165.44,,,228.22,50.23,,113936356.0,140640400.0,2068482.0,,100000000.0,59693842.0,27934562.0,190898905.0,126612.0,8196897.0,35231036.0,21794617.0,2026472.0,31653.0,2028-07-13,,,10.0,,,,,,,,,,,,,,,,,,,,,,,,,,,,,,,,,,,,,,,,,,,,,,,,,,,,,,,,,,,,,,,,,,,,2025-07-13,2026-01-13,,,,,,,,,,,,,,,,,,,,,,,,,,,,,,,,,,,,,,,,,,,,,,,,,,,,,,,,,,,,,,,,,,,,,,,,,,,,,,,,,,,,,,,,,,,,,,,,,,,,,,,,,,,,,
BHDC,259,5.0,,100.0,Sanima Capital Limited,False,False,2022-07-27,,1129800000.0,412.5,1186290000.0,2026-09-03 08:55:34,q4,082/083,11.79,118.32,9.96,4.38,,,3193230869.0,,,,,,,139841024.0,,,,,,,,11.79,11.79,1403563886.0,hydropowerreport/bhdc_082_083_q4_bhindhayabasini_hydro.pdf,,177.16,60976709.0,129.34,132.83,34.99,0.27,,1585177441.0,7466100.0,,,516238743.0,192041796.0,455635112.0,4284410.0,59395845.0,2966134.0,123164818.0,2814867.0,,2025-06-16,15.4,187900000,,,,,,,,,,,,,,,,,,,,,,,,,,,,,,,,,,,,,,,,,,,,,,,,,,,,,,,,,,,,,,,,,,,,,,,,,,,,,,,,,,,,,,,,,,,,,,,,,,,,,,,,,,,,,,,,,,,,,,,,,,,,,,,,,,,,,,,,,,,,,,,,,,,,,,,,,,,,,,,,,,,,,,,,,,,,,,,,,,,
BHL,237,5.0,,100.0,Global IME Capital Limited,False,False,2022-05-24,,3655940000.0,199.0,3655940000.0,2026-09-03 08:55:34,q4,082/083,7.72,81.22,9.51,3.21,,,8803225770.0,,727878.0,,,,,282314687.0,,,,,,,,7.72,7.72,2969529191.0,hydropowerreport/bhl_082_083_q4_balephi_hydro.pdf,,118.78,-393999490.0,-171.65,67.54,25.78,-0.15,-686410809.0,5379290000.0,66344496.0,,,395228996.0,219791323.0,1153198486.0,93828784.0,-91884251.0,-308387221.0,-404081736.0,-6792076.0,-5497041.0,2025-04-11,36,212600000,,,,,,,,,,,,,,,,,,,,,,,,,,,,,,,,,,,,,,,,,,,,,,,,,,,,,,,,,,,,,,,,,,,,,,,,,,,,,,,,,,,,,,,,,,,,,,,,,,,,,,,,,,,,,,,,,,,,,,,,,,,,,,,,,,,,,,,,,,,,,,,,,,,,,,,,,,,,,,,,,,,,,,,,,,,,,,,,,,,
BHPL,267,5.0,,100.0,NIBL Ace Capital Limited,False,False,2023-01-02,,250000000.0,439.0,250000000.0,2026-09-03 08:55:34,q4,082/083,-0.3,50.03,-0.59,-0.21,,,357326728.0,,6678917.0,,,,,-742201.0,,,,,,,,-0.3,-0.3,125082441.0,hydropowerreport/bhpl_082_083_q4_barahi_hydro.pdf,,,-4682089.53,-84.15,,-1463.33,17.39,-124917559.0,170128822.0,666512.0,,1222000.0,70577931.0,62115465.0,28215464.0,2045741.0,2233681.0,48394.0,14884709.0,,,2025-12-16,1.500,208100000,,,,,,,,,,,,,,,,,,,,,,,,,,,,,,,,,,,,,,,,,,,,,,,,,,,,,,,,,,,,,,,,,,,,,,,,,1953733.0,,,,,,,,,,,,,,,,,,,,,,,,,,,,,,,,,,,,,,,,,,,,,,,,,,,,,,,,,,,,,,,,,,,,,,,,,,,,,,,,,,,,,,,,,,,,,,,,,,,,,,,,,,
BJHL,673,5.0,80.0,20.0,Kumari Capital Limited,False,False,2026-03-22,,1000000000.0,642.0,1000000000.0,2026-09-03 08:55:34,q4,082/083,-2.9,88.95,-2.92,-1.43,,,1822133287.0,,,,,,,-25992363.0,,,,,,,,-2.9,-2.9,889494634.0,,,,,,,-221.38,,-110505366.32,886578876.69,7972370.27,,,96179752.0,37418070.0,170084202.0,,-8563496.0,-62616634.0,-85635068.0,,,2029-01-24,7.5,1805849600.71,,,,,,,,,,,,,,,,,,,,,,,,,,,,,,,,,,,,,,,,,,,,,,,,,,,,,,,,,,,,,,,,,,,,,2026-02-10,2026-08-11,,,-38747035.0,,,,,,,,,,,,,,,,,,,,,,,,,,,,,,,,,,,,,,,,,,,,,,,,,,,,,,,,,,,,,,,,,,,,,,,,,,,,,,,,,,,,,,,,,,,,,,,,,,,,,,,,,,
BNHC,202,5.0,,100.0,Siddhartha Capital Limited,False,False,2022-01-16,,400000000.0,258.0,800000000.0,2026-09-03 08:55:34,q4,082/083,1.81,100.59,1.5,0.76,,,1587996253.9,,293250954.81,,,,,12074483.6,,,,,,,,1.81,1.81,804749434.54,hydropowerreport/bnhc_082_083_q4_buddhabhumi_nepal.pdf,,64.0,-22594427.47,-153.44,303.1,142.54,-0.93,3059034.54,738989427.97,11774529.99,,,337265481.75,44257391.38,185017463.31,,23883697.41,2194373.55,78637620.03,246418.03,,2024-10-07,4.993,238000000,,,,,,,,,,,,,,,,,,,,,,,,,,,,,,,,,,,,,,,,,,,,,,,,,,,,,,,,,,,,,,,,,,,,,,,,,,,,,,,,,,,,,,,,,,,,,,,,,,,,,,,,,,,,,,,,,,,,,,,,,,,,,,,,,,,,,,,,,,,,,,,,,,,,,,,,,,,,,,,,,,,,,,,,,,,,,,,,,,,
BNL,187,8.0,75.0,25.0,Nabil Investment Banking Limited,False,False,1986-11-05,,194889000.0,14800.0,194889000.0,2026-09-03 08:55:34,q4,082/083,420.0,3661.0,12.3,6.6,,,13223117000.0,,,,,,1369241000.0,878391000.0,,,,,,,,420.0,420.0,7134637000.0,manufacturingandprocessingreport/bnl_082_083_q4_bottlers_balaju.pdf,,5881.87,-400170000.0,-319.5,151.62,35.24,-0.11,,,,,,,,,,-776479000.0,,,,,1989-11-05,,,,,,,,,,,,,,,,,,,,,,65681000.0,,1840675000.0,,,,,,,,,154681000.0,,,,,,,,,,,,,,,,1231242000.0,,,,,,,,,,,,,,,,,,,,,,,,,,,,,,6819012000.0,,7181000.0,,,,2346779000.0,1243493000.0,188191000.0,159272000.0,6548611000.0,1024278000.0,1783783000.0,1332581000.0,5064202000.0,13223117000.0,1873754000.0,-8134352000.0,3739402000.0,-1748363000.0,-162732000.0,,,,,,,,,,,,,,,,,,,,,,,,,,,,,,,,,,,,,,,,,,,,,,,,,,,,,,,,,,,,,,,,,,,,,,,,,,,,,,,,,,
BNT,189,8.0,75.0,25.0,Nabil Investment Banking Limited,False,False,1986-11-05,,121000000.0,11650.0,121000000.0,2026-09-03 08:55:34,q4,082/083,545.0,3470.0,16.0,8.1,,,8157998000.0,,,,,,935513000.0,659281000.0,,,,,,,,545.0,545.0,4198905000.0,manufacturingandprocessingreport/bnt_082_083_q4_bottlers_tarai.pdf,,6523.1,-613938000.0,-207.39,78.6,21.38,-0.1,,,,,,,,,,-467914000.0,,,,,1989-11-05,,,,,,,,,,,,,,,,,,,,,,238476000.0,,1138039000.0,,,,,,,,,136992000.0,,,,,,,,,,,,,,,,811556000.0,,,,,,,,,,,,,,,,,,,,,,,,,,,,,,5003694000.0,,5635000.0,,,,1663971000.0,697704000.0,135221000.0,63663000.0,4077905000.0,722412000.0,1417067000.0,594939000.0,3236681000.0,8157998000.0,8677872000.0,-6023933000.0,2653939000.0,-1387504000.0,-147157000.0,,,,,,,,,,,,,,,,,,,,,,,,,,,,,,,,,,,,,,,,,,,,,,,,,,,,,,,,,,,,,,,,,,,,,,,,,,,,,,,,,,
BOKL,7,1.0,51.0,49.0,BOK Capital Market Limited,True,False,2016-09-28,,0.0,207.3,10623994072.0,2026-09-03 08:55:34,q1,079/080,10.57,174.77,6.05,0.8,1457870877.0,6502437403.0,141014069038.0,122352534149.0,109269356654.0,101682770520.0,1234178175.0,132036418.0,420689789.0,280615308.0,-183643131.0,2.46,14.1,8.34,10.87,4.24,88.96,,,,,,203.87,253477341.0,10.71,1.68,19.61,1.83,,,,,,,,,,,,,,,,,,,,,,,,,,,,,,,,,,,,,,,,,,,,,,,,,,,,,,,,,,,,,,,,,,,,,,,,,,,,,,,,,,,,,,,,,,,,,,,,,,,,,,,,,,,,,,,,,,,,,,,,,,,,,,,,,,,,,,,,,,,,,,,,,,,,,,,,,,,,,,,,,,,,,,,,,,,,,,,,,,,,,,,,,,,,,,,,,,,,
BPCL,142,5.0,,100.0,Nabil Investment Banking Limited,False,False,2004-12-28,,3409065000.0,644.0,3409065000.0,2026-09-03 08:55:34,q4,082/083,9.84,210.87,4.67,4.26,,,7871053000.0,,731224000.0,,,,,335442000.0,,,,,,,,9.84,9.84,7188627000.0,,,216.07,226150000.0,48.33,198.05,65.45,1.35,3779562000.0,34654000.0,295727000.0,430628000.0,,1124371000.0,159378000.0,801615000.0,214617000.0,-160381000.0,7901000.0,-13473000.0,,,2007-12-28,9.400,,,,,,,,,,,,,,,,,,,,,,,,,,,,,,,,,,,,,,,,,,,,,,,,,,,,,,,,,,,,,,,,,,,,,,,,,,,,,,,,,,,,,,,,,,,,,,,,,,,2.95,7.42,,,,,,,,,,,,,,,,,,,,,,,,,,,,,,,,,,,,,,,,,,,,,,,,,,,,,,,,,,,,,,,,,,,,,,,,,,,,,,,,
BPW,275,9.0,67.67,32.33,,False,True,,,30000000.0,1141.5,30000000.0,2026-09-03 08:55:34,q2,080/081,-26.97,82.0,,,,-5398530.0,251998350.0,20381960.0,50323890.0,191661550.0,3221700.0,,-6969340.0,-4044830.0,,4.93,10.63,9.89,,,380.86,,,,,,,,,,-42.32,,,,,,,,,,,,,,,,,,,,,,,,,,,,,,,,,,,,,,,,,,,,,,,,,,,,,,,,,,,,,,,,,,,,,,,,,,,,,,,,,,,,,,,,,,,,,,,,,,,,,,,,,,,,,,,,,,,,,,,,,,,,,,,,,,,,,,,,,,,,,,,,,,,,,,,,,,,,,,,,,,,,,,,,,,,,,,,,,,,,,,,,,,,,,,,,,,,,,
BUNGAL,650,5.0,65.0,35.0,,False,False,2025-09-18,,830000000.0,519.0,830000000.0,2026-09-03 08:55:35,q4,082/083,-3.84,81.42,-4.72,-1.07,,,2975146252.0,,825416.0,,,,,-31869768.0,,,,,,,,-3.84,-3.84,675782674.0,,,,,,,-135.16,,-154217326.0,2020617742.0,2915855287.0,,,59290965.0,278745836.0,282478447.0,,,841751.0,148285774.0,,,2028-09-18,,,,,,,,,,,,,,,,,,,,,,,,,,,,,,,,,,,,,,,,,,,,,,,,,,,,,,,,,,,,,,,,,,,,,,,2025-09-18,2026-03-18,,,,,,,,,,,,,,,,,,,,,,,,,,,,,,10027545.0,,,,,,,,,,,,,,,,,,,,,,,,,,,,,,,,,,,,,,,,,,,,,,,,,,,,,,,,,,,,,,,,,,,,,,,,,,,,,,,
CBBL,61,9.0,51.0,49.0,NMB Capital Limited,False,False,2015-11-24,,3215345870.0,930.5,3617264101.5,2026-09-03 08:55:35,q4,082/083,34.81,251.06,14.3,2.25,2160393833.28,3262724968.27,57662220704.98,48580869967.93,44796337583.02,45490003420.94,3008419117.58,399540083.36,1817600405.96,1298965532.35,2160393833.28,2.3,17.01,8.17,11.62,6.23,95.51,59.72,34.81,9081350737.05,microfinancereport/cbbl_082_083_q4_chhimek_laghu.pdf,,443.44,1212874494.97,7.1,109.84,26.73,3.77,,,,,,,,,,,,,,,,,,,,,,,,,,,,,,,40967834.0,,,,,,,,,,,,,,,,,,,,,,,,,,,,,,,,,,,,,,,,,,,,,,,,,,,,,,,,,,,,,,,,,,,,,,,,,,,,,,,,,,,,,,,,,,,,,,,,,,,,,,,,,,,,,,,,,,,,,,,,,,,,,,,,,,,,,,,,,,,,,,,,,,,,,,,,,,,,,,,,,,,,,
CBL,23,1.0,51.0,49.0,Civil Capital Market Limited,True,False,2017-07-19,,0.0,214.0,9075844000.0,2026-09-03 08:55:35,q2,079/080,14.04,135.96,10.32,1.07,614556000.0,2823974000.0,123894883000.0,111057651000.0,95643787000.0,88264359000.0,1163797000.0,92520000.0,326917000.0,637022000.0,252257000.0,2.43,16.08,9.49,11.73,4.0,87.05,,,,,,207.24,504001000.0,26.39,3.26,15.24,0.58,,,,,,,,,,,,,,,,,,,,,,,,,,,,,,,,,,,,,,,,,,,,,,,,,,,,,,,,,,,,,,,,,,,,,,,,,,,,,,,,,,,,,,,,,,,,,,,,,,,,,,,,,,,,,,,,,,,,,,,,,,,,,,,,,,,,,,,,,,,,,,,,,,,,,,,,,,,,,,,,,,,,,,,,,,,,,,,,,,,,,,,,,,,,,,,,,,,,
CCBL,25,1.0,51.0,49.0,Century Capital Market Limited,True,False,2018-01-04,,0.0,199.5,9553909000.0,2026-09-03 08:55:35,q1,079/080,13.34,130.52,10.22,1.1,563678000.0,2370816000.0,116315218000.0,103797349000.0,94933782000.0,85013938000.0,1083154000.0,120864000.0,443093000.0,318515000.0,547188000.0,1.88,13.18,8.73,10.76,3.72,88.4,,,,,,197.93,272476000.0,16.9,0.79,14.96,0.89,,,,,,,,,,,,,,,,,,,,,,,,,,,,,,,,,,,,,,,,,,,,,,,,,,,,,,,,,,,,,,,,,,,,,,,,,,,,,,,,,,,,,,,,,,,,,,,,,,,,,,,,,,,,,,,,,,,,,,,,,,,,,,,,,,,,,,,,,,,,,,,,,,,,,,,,,,,,,,,,,,,,,,,,,,,,,,,,,,,,,,,,,,,,,,,,,,,,
CFCL,51,3.0,54.0,46.0,NMB Capital Limited,False,False,2017-06-15,,948875460.0,635.0,948875459.0,2026-09-03 08:55:35,q4,082/083,13.44,122.15,11.01,1.28,-216797975.0,426488406.0,9938698522.0,8779690086.0,8467143862.0,4646696011.0,219534618.0,22502049.0,182213082.0,127549157.0,-216797975.0,10.12,15.03,4.24,6.56,4.42,59.89,-22.85,13.44,1159008436.0,financereport/cfcl_082_083_q4_central_finance.pdf,105879524.0,192.19,948875459.0,-86.56,230.4,47.25,-0.55,,,,,,,,,,,,,,,,,,,,,,,,,,,,,,,442546.0,,,,,,,,,,,,,,,,,,,,,,,,,,,,,,,,,,,,,,,,,,,,,,,,,,,,,,,,,,,,,,,,,,,,,,,,,,,,,,,,,,,,,,,,,,,,,,,,,,,,,,,,,,,,,,,,,,,,,,,,,,,,,,,,,,,,,,,,,,,,,,,,,,,,,,,,,,,,,,,,,,,,,
CGH,196,4.0,,100.0,Global IME Capital Limited,False,False,2021-02-05,,1534091000.0,768.0,1610795550.0,2026-09-03 08:55:35,q4,082/083,5.12,105.9,4.84,2.0,,,4128613363.0,,,,,,,82489860.0,,,,,,,,5.12,5.12,1705833878.0,hotelsandtourismreport/cgh_082_083_q4_chandragiri_hills.pdf,,110.45,210895504.0,-60.89,595.32,150.0,-2.46,,,,,325700000.0,,,,,89621137.0,,,,,2024-01-22,,,,,,,,,,,,,,,,,,,,,,,,,,,,,,,,,,,,,,,,,,,122553096.0,,,121061170.0,,,134091096.0,,,,,,,,,,,,,,,,,,,,,,,,,,,95038328.0,1961660751.0,155707953.0,3045131030.0,208568297.0,2880074.0,508785184.0,,28666219.0,,,,,,,,,,,,,,,,,,,777544221.0,,,,,,,,,,,,,,,,,,,,,,,,,,,,,,,,,,,,,,,,,,,,,,,,,,,,,,,,,,,,,,,,,,,,,,,,,,,,,,
CHCL,143,5.0,,100.0,Siddhartha Capital Limited,False,False,2005-05-30,,8782396920.0,377.0,9484988680.0,2026-09-03 08:55:35,q4,082/083,7.59,123.9,6.13,5.91,,,12186987600.0,,,,,,,720059200.0,,,,,,,,7.59,7.59,11752234190.0,hydropowerreport/chcl_082_083_q4_chilime_hydro_8lgtkqo.pdf,,145.46,676520920.0,6.44,159.18,49.67,7.72,,,2118137940.0,311600260.0,6595375900.0,3161873500.0,121847590.0,,27853160.0,-32674240.0,-85053640.0,,-18286630.0,,2008-05-30,22,,,,,,,,,,,,,,,,,,,,,,,,,,,,,,,,,,,,,,,,,,,,,,,,,,,,,,,,,,,,,,,,,,,,,,,,-138867610.0,,,,,,,,,,,,,,,,,,,,,,,,,,,,,,1167632060.0,,,,,,,,,,,,,,,,,,,,,,,,,,,,,,,,,,,,,,,,,,,,,,,,,,,,,,,,,,,,,,,,,,,,,,,,,,,,,,
CHDC,186,6.0,,100.0,CEDB Hydropower Development Company Ltd.,False,False,2021-06-08,,1034237061.0,2167.0,1034237061.0,2026-09-03 08:55:35,q4,082/083,61.12,268.77,21.98,21.53,,,2837755718.28,,,,,,,610917862.99,,,,,,,,61.12,61.12,2779737009.64,investmentreport/chdc_082_083_q4_cedb_holdings.pdf,,607.96,573502143.72,6.52,256.44,35.45,5.43,,,,,,,,,,,,,,,2024-05-12,,,,,,,,,,,1322378.76,,,,,,,,,,,,,,2837755718.28,,,,,,,,,,,,,,,,,,,,,,,,639156723.05,,,,,,,,,,,,,,,,,,,,,,,,,,,,,8225157.64,,,,943359484.48,,,,,,,,,,,,,,,,,,,,,,4253748.82,49793551.0,1098679.85,2628864.12,594.93,55600000.0,20762500.0,1470000000.0,49793551.0,7790463.65,640255997.83,3439280.99,1596119295.64,650675325.6,,,,,,,,,,,,,,,,,,,,,,,,,,,,,,,,,,,,,,,,,,,,,,,,,,,,,,,,,,,,,,,,
CHL,155,5.0,0.0,100.0,BOK Capital Market Limited,False,False,2017-08-03,,773955000.0,249.8,773955000.0,2026-09-03 08:55:35,q4,082/083,1.72,84.29,2.04,1.0,,,1323949365.0,,,,,,,13317651.0,,,,,,,,1.72,1.72,652388273.0,,,57.11,-49710313.0,-126.79,337.37,145.23,-1.15,,627689953.05,1023728.0,,150000000.0,90923386.0,43795243.0,176038941.0,6627.0,-18476444.0,-48660154.0,-56825601.0,,,2020-07-01,2.000,,,,,,,,,,,,,,,,,,,,,,,,,,,,,,,,,,,,,,,,,,,,,,,,,,,,,,,,,,,,,,,,,,,,,,,,,,-38994636.0,,,,,,,,,,,,,,,,,,,,,,,,,,,,,,,,,,,,,,,,,,,,,,,,,,,,,,,,,,,,,,,,,,,,,,,,,,,,,,,,,,,,,,,,,,,,,,,,,,,,,,,,,,
CIT,182,6.0,80.0,20.0,Citizen Investment Trust,False,False,1995-12-26,,6481712000.0,1656.7,6805798000.0,2026-09-03 08:55:35,q4,082/083,19.84,152.47,,0.36,,,370279495000.0,,,,,,,1350311000.0,,,,,,,,,19.84,,investmentreport/cit_082_083_q4_citizens_investment_trust.pdf,,260.89,1253570000.0,7.72,535.02,83.5,10.82,,,,,,,,,,,,,,,1998-12-26,,,,,,,,,,,,,,,,,,,,,,,,,370279495000.0,,,,,,,,93159000.0,,,,,,,,,,,,,,,,1801432000.0,,,,,,,,,,,,,,,,,,,,,,,,,,,,,18235411.0,,,,,,,,,,,,,,,,,,,,,,,10.0,,,,,,,,,,2724675000.0,,290655000.0,,,,1792152000.0,,,,,,,,,,,,,,,,,,,,,,,,,,,,,,,,,,,,,,,,,,,,,,,,,,,,,,,,,,,,,,,,
CITY,293,4.0,,100.0,Global IME Capital Limited,False,False,2023-07-08,,1674000000.0,344.7,3013200000.0,2026-09-03 08:55:35,q4,082/083,-5.74,96.13,-5.98,-3.08,,,5611543898.47,,,,,,,-173090730.21,,,,,,,,-5.74,-5.74,2896568386.42,hotelsandtourismreport/city_082_083_q4_city_hotel.pdf,,,-198965878.13,-13.0,,-60.05,4.62,,,,,,,,,,125007546.45,,,,,2026-05-19,,,,,,,,,,,,,,,,,,,,,,,,,,,,,,,,,,,,,,,,,,,139066208.14,,,185859930.73,,,-204187541.97,,,,,,,,,,,,,,,,,,,,,,,,,,,-116631613.58,2461336066.83,201711315.82,4835334396.64,,25697425.52,455312115.35,506034524.94,25346668.19,,,,,,,,,,,,,,,,,,,,,,,,,,,,,,,,,,83508419.24,,,,,,,,,,,,,,,,,,,,,,,,,,,,,,,,,,,,,,,,,,,,,,,,,,,,,,,,,,,,,,,
CKHL,445,5.0,70.0,24.48,,False,False,2023-11-02,,400000000.0,566.5,400000000.0,2026-09-03 08:55:35,q4,082/083,13.25,100.19,13.23,4.47,,,1186204229.0,,2622690.0,,,,,53005442.0,,,,,,,,13.25,13.25,400778987.0,hydropowerreport/ckhl_082_083_q4_chirkhuwa_hydro.pdf,,172.83,-5436262.0,-1075.03,227.78,42.75,-0.04,778987.0,686860251.0,1495851.0,,,79916762.0,96728320.0,131416520.0,,3217377.0,6650428.0,46354961.0,,,2026-11-02,4.70,212300000,5.52,,,,,,,,,,,,,,,,,,,,,,,,,,,,,,,,,,,,,,,,,,,,,,,,,,,,,,,,,,,,,,,,,,,,2023-07-01,2024-04-27,,,,,,,,,,,,,,,,,,,,,,,,,,,,,,,,,,,,,,,,,,,,,,,,,,,,,,,,,,,,,,,,,,,,,,,,,,,,,,,,,,,,,,,,,,,,,,,,,,,,,,,,,,,,,
CLI,352,7.0,70.0,30.0,NIMB Ace Capital Limited,False,False,2023-09-28,,5000000000.0,412.2,5000000000.0,2026-09-03 08:55:35,q4,082/083,7.82,131.6,5.94,1.14,,,34411807903.0,27831687742.0,,,,,,390804416.0,,,,,,,,7.82,7.82,6580120161.0,lifeinsurancenewreport/cli_082_083_q4_citizen_life_qlkh4h.pdf,,152.17,425013150.0,-8.05,170.89,52.71,-6.55,,,,,30529210784.0,,,,,,,,,,,,,,,5477543.0,203627076.0,,,1258328894.0,109053.0,745966273.0,38970565.0,6303179.0,452243754.0,857580682.0,449688265.0,269453074.0,498340489.0,362638334.0,35765961.0,27149132391.0,,212402981.0,389302581.0,34411807903.0,9374110515.0,8977120315.0,,21230920.0,146574991.0,2039539451.0,,545590.0,11185011267.0,1939748026.0,-364683622.0,7337396897.0,8912784248.0,854015670.0,67328401.0,,369873498.0,38034477.0,-1591018.0,553761575.0,,10794206852.0,390804416.0,390804416.0,,390804416.0,-56961265.0,333843151.0,95.77,4.17,27.24,9.11,55.67,131.6,798953.0,3312869965.0,1480291172.0,6061240550.0,6943.0,79.0,25-80,25-80,24364744209.0,6164466575.0,688.24,2023-09-14,2024-03-14,,,,,,,,,,,,,,,,,,,,,,,,,,,,,,,,,,,,,,,,,,,,,,313990099.0,45083829.0,,,,,,,,,,,,,,,,,,,,,,,,,,,,,,,,,,,,,,,,,,,,,,,,,,,,,,,,,,,,,,
CORBL,36,2.0,70.0,30.0,Civil Capital Market Limited,False,False,2011-07-03,,525000000.0,885.0,525000000.0,2026-09-03 08:55:36,q4,082/083,9.54,139.96,6.83,1.5,-31418947.0,216104607.0,3336160319.0,2602553406.0,2548860699.0,1406038555.0,73715386.0,6988090.0,94144050.0,50103860.0,-31418947.0,6.24,39.73,5.5,7.92,4.57,58.14,-5.98,9.54,733606913.0,devbankreport/corbl_082_083_q4_corporate_dev.pdf,,173.33,-37394785.0,-233.99,410.59,92.77,-0.4,,,,,,,,,,,,,,,,,,,,,,,,,,,,,,,23921254.0,,,,,,,,,,,,,,,,,,,,,,,,,,,,,,,,,,,,,,,,,,,,,,,,,,,,,,,,,,,,,,,,,,,,,,,,,,,,,,,,,,,,,,,,,,,,,,,,,,,,,,,,,,,,,,,,,,,,,,,,,,,,,,,,,,,,,,,,,,,,,,,,,,,,,,,,,,,,,,,,,,,,,
CREST,642,7.0,70.0,30.0,,False,False,2025-04-09,,750000000.0,1050.0,750000000.0,2026-09-03 08:55:36,q4,082/083,0.34,105.09,0.32,0.21,,,1224711833.0,436547388.0,,,,,,2526417.0,,,,,,,,0.34,0.34,788164445.0,lifeinsurancenewreport/crest_082_083_q4_creast_micro_life.pdf,,28.35,,,3603.21,3088.24,,,,,,695193629.0,,,,,,,,,,,,,,,1176517.0,30696233.0,,,,,10754669.0,55784344.0,2071037.0,4368556.0,360244644.0,,1041165.0,-27185041.0,64308321.0,4013687.0,387118081.0,,,21604940.0,1224711833.0,575078300.0,434015931.0,,678071.0,,52986247.0,14085423.0,-111661.0,467525146.0,282945365.0,143208898.0,149773663.0,289510130.0,40885393.0,2170080.0,367776.0,61752106.0,8854111.0,,93913919.0,581839.0,498035355.0,-30510209.0,-30510209.0,-33036626.0,2526417.0,,2526417.0,75.47,0.44,46.96,7.11,,,564121.0,545801477.0,370417557.0,29276823.0,991.0,,40-50,40-50,135000000.0,560193629.0,163.29,2025-03-18,2025-09-18,,,,,,,,,,,,,,,,,,,,,,,,,,,,,,,,,,,,,,,,,,,,,,64422205.0,,,,,,,,,,,,,,,,,,,,,,,,,,,,,,,,,,,,,,,,,,,,,,,,,,,,,,,,,,,,,,,
CSBY,659,,,,,,,,,,,,2026-09-03 08:55:36,,,,,,,,,,,,,,,,,,,,,,,,,,,,,,,,,,,,,,,,,,,,,,,,,,,,,,,,,,,,,,,,,,,,,,,,,,,,,,,,,,,,,,,,,,,,,,,,,,,,,,,,,,,,,,,,,,,,,,,,,,,,,,,,,,,,,,,,,,,,,,,,,,,,,,,,,,,,,,,,,,,,,,,,,,,,,,,,,,,,,,,,,,,,,,,,,,,,,,,,,,,,,,,,,,,,,,,,,,,,,,,,,,,,,,
CSY,683,,,,,,,,,,,,2026-09-03 08:55:36,,,,,,,,,,,,,,,,,,,,,,,,,,,,,,,,,,,,,,,,,,,,,,,,,,,,,,,,,,,,,,,,,,,,,,,,,,,,,,,,,,,,,,,,,,,,,,,,,,,,,,,,,,,,,,,,,,,,,,,,,,,,,,,,,,,,,,,,,,,,,,,,,,,,,,,,,,,,,,,,,,,,,,,,,,,,,,,,,,,,,,,,,,,,,,,,,,,,,,,,,,,,,,,,,,,,,,,,,,,,,,,,,,,,,,
CYCL,239,9.0,68.0,32.0,RBB Merchant Banking Limited,False,False,2022-06-12,,266424390.0,1574.9,266424390.0,2026-09-03 08:55:36,q4,082/083,110.66,357.75,30.93,4.06,48604690.0,638103300.0,7266015030.0,6312882640.0,2984045840.0,6474046270.0,455163780.0,77231530.0,411047870.0,294812210.0,228479460.0,14.04,8.6,6.67,12.48,7.91,112.53,85.76,110.66,953132380.0,microfinancereport/cycl_082_083_q4_cyc_nepal.pdf,,943.79,-90067070.0,-427.33,66.87,14.23,-0.03,,,,,,,,,,,,,,,,,,,,,,,,,,,,,,,,,,,,,,,,,,,,,,,,,,,,,,,,,,,,,,,,,,,,,,,,,,,,,,,,,,,,,,,,,,,,,,,,,,,,,,,,,,,,,,,,,,,,,,,,,,,,,,,,,,,,,,,,,,,,,,,,,,,,,,,,,,,,,,,,,,,,,,,,,,,,,,,,,,,,,,,,,,,,,,,,,,,,
CZBIL,18,1.0,51.0,49.0,CBIL Capital Limited,False,False,2017-01-10,,14769012966.0,197.2,15507463614.0,2026-09-03 08:55:36,q4,082/083,13.53,160.51,8.77,0.82,523101767.0,8861081470.0,268685134647.0,243793487796.0,231731236975.0,170141196730.0,6293653945.0,1432331099.0,3601536397.0,2098603031.0,523101767.0,5.88,12.47,3.36,5.04,3.48,75.72,3.37,13.53,24891646851.0,bankreport/czbil_082_083_q4_citizens_bank.pdf,1181772823.0,221.05,1287075105.0,63.05,-10.79,14.58,0.23,,,,,,,,,,,,,,,,,,,,,,,,,,,,,,,,,,,,,,,,,,,,,,,,,,,,,,,,,,,,,,,,,,,,,,,,,,,,,,,,,,,,,,,,,,,,,,,,,,,,,,,,,,,,,,,,,,,,,,,,,,,,,,,,,,,,,,,,,,,,,,,,,,,,,,,,,,,,,,,,,,,,,,,,,,,,,,,,,,,,,,,,,,,,,,,,,,,,
DDBL,62,9.0,51.0,49.0,Nabil Investment Banking Limited,False,False,2005-05-29,,1868285696.0,834.0,2055114266.0,2026-09-03 08:55:36,q4,082/083,48.15,226.87,21.22,3.33,1085771716.0,1521472667.0,29736626334.0,25074267685.0,12972269156.0,27282218224.0,2185676220.0,208923518.0,1438448464.0,989443903.0,1085771716.0,6.49,14.96,6.85,11.33,7.76,112.67,52.83,48.15,4662358649.0,microfinancereport/ddbl_082_083_q4_deprosc_laghu.pdf,,495.77,576861804.0,71.52,68.22,17.32,0.24,,,,,,,,,,,,,,,,,,,,,,,,,,,,,,,,,,,,,,,,,,,,,,,,,,,,,,,,,,,,,,,,,,,,,,,,,,,,,,,,,,,,,,,,,,,,,,,,,,,,,,,,,,,,,,,,,,,,,,,,,,,,,,,,,,,,,,,,,,,,,,,,,,,,,,,,,,,,,,,,,,,,,,,,,,,,,,,,,,,,,,,,,,,,,,,,,,,,
DHEL,654,5.0,61.67,38.33,,False,False,2025-11-05,,1030500000.0,566.8,1030500000.0,2026-09-03 08:55:36,q4,082/083,-9.88,118.14,-8.36,-3.53,,,2885239290.0,,9508958.0,,,,,-101817069.0,,,,,,,,-9.88,-9.88,1217413219.0,,,,,,,-57.37,,186913219.0,1427519441.0,2777207084.0,,,108032206.0,240306629.0,113974055.0,171500.0,7212107.0,72198419.0,88914669.0,,,2028-08-14,,,,,,,,,,,,,,,,,,,,,,,,,,,,,,,,,,,,,,,,,,,,,,,,,,,,,,,,,,,,,,,,,,,,,,,2025-08-14,2026-02-14,,,,,,,,,,,,,,,,,,,,,,,,,,,,,,,,,,,,,,,,,,,,,,,,,,,,,,,,,,,,,,,,,,,,,,,,,,,,,,,,,,,,,,,,,,,,,,,,,,,,,,,,,,,,,
DHPL,151,5.0,0.0,100.0,NIBL Ace Capital Limited,False,False,2017-02-13,,264000000.0,270.0,264000000.0,2026-09-03 08:55:37,q4,082/083,5.51,8.38,65.79,1.93,,,754291208.0,,437840.0,,,,,14555045.0,,,,,,,,5.51,5.51,22124221.0,hydropowerreport/dhpl_082_083_q4_dibyashwori_hydro.pdf,,32.23,-6863460.0,-312.07,737.67,49.0,-0.16,-241875779.0,573419514.0,93265.0,,,36596898.0,158747474.0,104418841.0,,-4881191.0,-33365331.0,-39959565.0,,,2019-08-24,3.300,,,,,,,,,,,,,,,,,,,,,,,,,,,,,,,,,,,,,,,,,,,,,,,,,,,,,,,,,,,,,,,,,,,,,,,,,,,,,,,,,,,,,,,,,,,,,,,,,,,,,,,,,,,,,,,,,,,,,,,,,,,,,,,,,,,,,,,,,,,,,,,,,,,,,,,,,,,,,,,,,,,,,,,,,,,,,,,,,,,,
DLBS,248,9.0,68.0,32.0,None,False,False,2022-10-21,,133100000.0,985.1,133100000.0,2026-09-03 08:55:37,q4,082/083,15.72,150.57,10.44,0.85,-33904144.87,101217826.38,2459132926.04,2258719244.53,952879157.25,2005494162.19,151279583.04,1589513.77,32895129.82,20923488.06,-33904144.91,20.52,7.57,6.72,14.15,7.98,45.18,-25.47,15.72,200413681.51,,,230.77,-29996428.82,-169.75,326.87,62.67,-0.37,,,,,,,,,,,,,,,,,,,,,,,,,,,,,,,,,,,,,,,,,,,,,,,,,,,,,,,,,,,,,,,,,,,,,,,,,,,,,,,,,,,,,,,,,,,,,,,,,,,,,,,,,,,,,,,,,,,,,,,,,,,,,,,,,,,,,,,,,,,,,,,,,,,,,,,,,,,,,,,,,,,,,,,,,,,,,,,,,,,,,,,,,,,,,,,,,,,,
DOLTI,281,5.0,,100.0,NIC Asia Capital Limited,False,False,2023-06-07,,536486000.0,284.0,549986000.0,2026-09-03 08:55:37,q4,082/083,0.87,59.87,1.45,0.45,,,1054550835.0,,7779475.0,,,,,4768637.0,,,,,,,,0.87,0.87,329300185.0,hydropowerreport/dolti_082_083_q4_dolti_power_hhipwf.pdf,,34.23,-29705469.0,-116.05,729.59,326.44,-2.81,-220685815.0,601084821.0,960089.0,,,138419189.0,124165829.0,102334150.0,,9344602.0,33794953.0,48255500.0,,,2026-04-20,4.800,240500000,,,,,,,,,,,,,,,,,,,,,,,,,,,,,,,,,,,,,,,,,,,,,,,,,,,,,,,,,,,,,,,,,,,,,,,,,,,,,,,,,,,,,,,,,,,,,,,,,,,,,,,,,,,,,,,,,,,,,,,,,,,,,,,,,,,,,,,,,,,,,,,,,,,,,,,,,,,,,,,,,,,,,,,,,,,,,,,,,,,
DORDI,242,5.0,,100.0,Dordi Khola Jal Bidyut Company Limited,False,False,2022-07-13,,2108520800.0,239.0,2108520800.0,2026-09-03 08:55:37,q4,082/083,1.42,106.3,1.34,0.7,,,4284849384.0,,41604781.0,,,,,29972813.0,,,,,,,,1.42,1.42,2241320260.0,,,58.28,-70569418.0,-142.47,310.11,168.31,-1.18,132799460.0,944396492.0,2603557340.0,795739589.0,,885552455.0,483822863.0,274553097.0,22028388.0,27601669.0,115650176.0,82140739.0,,,2025-06-21,12,224500000,,,,,,,,,,,,,,,,,,,,,,,,,,,,,,,,,,,,,,,,,,,,,,,,,,,,,,,,,,,,,,,,,,,,,,,,,,,,,,,,,,,,,,,,,,,,,,,,,,,,,,,,,,,,,,,,,,,,,,,,,,,,,,,,,,,,,,,,,,,,,,,,,,,,,,,,,,,,,,,,,,,,,,,,,,,,,,,,,,,
EBL,6,1.0,59.23,40.77,Everest Bank Limited,False,False,1995-04-03,,12944694000.0,715.0,13721376000.0,2026-09-03 08:55:37,q4,082/083,36.95,256.47,15.1,1.36,5504212000.0,15727825000.0,383758236000.0,348566353000.0,316018577000.0,235568387000.0,9190459000.0,1947263000.0,7384452000.0,5069936000.0,5257815000.0,0.49,12.23,3.15,4.25,3.05,77.57,38.32,36.95,35191883000.0,bankreport/ebl_082_083_q4_ebl.pdf,11530295000.0,461.76,4839903000.0,4.75,54.84,19.35,4.07,,,,,,,,,,,,,,,,,,,,,,,,,,,,,,,238470000.0,,,,,,,,,,,,,,,,,,,,,,,,,,,,,,,,,,,,,,,,,,,,,,,,,,,,,,,,,,,,,,,,,,,,,,,,,,,,,,,,,,,,,,,,,,,,,,,,,,,,,,,,,,,,,,,,,,,,,,,,,,,,,,,,,,,,,,,,,,,,,,,,,,,,,,,,,,,,,,,,,,,,,
ECL,694,8.0,73.67,26.33,Muktinath Capital Limited,False,False,2026-07-16,,300000000.0,1294.0,300000000.0,2026-09-03 08:55:37,q4,082/083,7.38,116.63,6.32,5.33,,,414972794.74,,,,,,28942835.38,22130077.02,,,,,,,,7.38,7.38,349900531.56,manufacturingandprocessingreport/ecl_082_083_q4_everest_color.pdf,,139.16,,,829.84,175.34,,,,,,,,,,,11428241.43,4160112.23,,,,2029-06-19,,,,,,,,,,,,,,,,,,,,,,2918872.7,,,,,,,,,,,408179.17,,,,,,,,,,,,,,,,28067283.78,,,,,,,,,,,,,,,,,,,,,,2026-06-19,2027-01-16,,,,,,,127483863.5,,527694.28,,,,49536613.86,141186560.25,84555311.01,,19063331.56,11395779.2,11578999.96,17994189.86,53676483.98,414972794.74,17264158627.0,81384428.26,91257158.01,34370326.13,875551.6,,,,,,,,,,,,,,,,,,,,,5883618.53,12709457.0,5713671.63,,,,,,,,,,,,,,,,,,,,,,,,,,,,,,,,,,,,,,,,,,,,,,,,,,,,,,,,,,,
EDBL,29,2.0,51.0,49.0,NIBL Ace Capital Limited,False,False,2007-11-26,,1249694470.0,575.0,1249694470.93,2026-09-03 08:55:37,q4,082/083,24.76,177.85,14.85,1.53,179713887.05,784136550.0,21329580325.7,19106959947.56,18582215125.98,13188634831.23,648818327.7,95554353.58,539593936.12,309400746.84,179713887.05,4.57,14.63,2.89,4.87,4.55,73.5,14.38,24.76,2222620378.14,devbankreport/edbl_082_083_q4_excel_development.pdf,204037428.56,314.77,1351992.21,22784.8,82.67,23.22,0.0,,,,,,,,,,,,,,,,,,,,,,,,,,,,,,,9075470.15,,,,,,,,,,,,,,,,,,,,,,,,,,,,,,,,,,,,,,,,,,,,,,,,,,,,,,,,,,,,,,,,,,,,,,,,,,,,,,,,,,,,,,,,,,,,,,,,,,,,,,,,,,,,,,,,,,,,,,,,,,,,,,,,,,,,,,,,,,,,,,,,,,,,,,,,,,,,,,,,,,,,,
EHPL,254,5.0,,100.0,Global IME Capital Limited,False,False,2022-12-13,,620000000.0,306.3,620000000.0,2026-09-03 08:55:37,q4,082/083,3.39,76.3,4.45,1.95,,,1079472117.0,,,,,,,21033372.0,,,,,,,,3.39,3.39,473082942.0,hydropowerreport/ehpl_082_083_q4_eastern_hydro_ejozh3.pdf,,76.29,8616204.0,144.11,301.51,90.35,0.63,-146917058.0,559979903.0,489165.0,,,114700633.0,46409271.0,146820576.0,30000.0,4684660.0,49037230.0,49225221.0,429252.0,,2025-11-02,5.000,261100000,,,,,,,,,,,,,,,,,,,,,,,,,,,,,,,,,,,,,,,,,,,,,,,,,,,,,,,,,,,,,,,,,,,,,,,,,,,,,,,,,,,,,,,,,,,,,,,,,,,,,,,,,,,,,,,,,,,,,,,,,,,,,,,,,,,,,,,,,,,,,,,,,,,,,,,,,,,,,,,,,,,,,,,,,,,,,,,,,,,
EIC,127,10.0,52.0,48.0,NMB Capital Limited,True,False,1995-04-03,,0.0,500.0,0.0,2026-09-03 08:55:38,,,,,,,,,,,,,,,,,,,,,,,,,,,,,,,,,,,,,,,,,,,,,,,,,,,,,,,,,,,,,,,,,,,,,,,,,,,,,,,,,,,,,,,,,,,,,,,,,,,,,,,,,,,,,,,,,,,,,,,,,,,,,,,,,,,,,,,,,,,,,,,,,,,,,,,,,,,,,,,,,,,,,,,,,,,,,,,,,,,,,,,,,,,,,,,,,,,,,,,,,,,,,,,,,,,,,,,,,,,,,,,,,,,,,,
ENL,207,6.0,,100.0,NIC Asia Capital Limited,False,False,2022-03-05,,555600000.0,817.8,555600000.0,2026-09-03 08:55:38,q4,082/083,2.7,110.08,2.45,2.4,,,625166676.0,,,,,,,15013780.0,,,,,,,,2.7,2.7,611627751.0,investmentreport/enl_082_083_q4_emerging.pdf,,81.78,5949048.0,152.37,900.05,302.89,1.99,,,,,,,,,,,,,,,2025-02-16,,,,,,,,,,,,,,,,,,,,,,,,,625166676.0,,,,,,,,2154855.0,,,,,,,,,,,,,,,,13447707.0,,,,,,,,,,,,,,,,,,,,,,,,,,,,,3513519.0,,,,24263504.0,,,,,,,,,,,,,,,,,,,,,,17069922.0,10025405.0,-405480.0,-6243462.0,,,,,600903172.0,,,1589422.0,56027751.0,20436064.0,,,,,,1566073.0,600903172.0,,,,,,,,,,,,,,,,,,,,,,,,,,,,,,,,,,,,,,,,,,,,,,,,,,,,,,,,,
FMDBL,65,9.0,51.0,49.0,Global IME Capital Limited,False,False,2012-06-10,,1344871323.0,724.9,1344871323.0,2026-09-03 08:55:38,q4,082/083,14.18,137.26,10.33,3.35,152621763.0,348415329.0,5694795770.0,3848887355.0,,25092898.0,227491721.0,1881965.0,272751815.0,190728215.0,136196476.0,2.88,35.43,4.75,6.48,1.36,123.87,10.13,14.18,1845908415.0,microfinancereport/fmdbl_082_083_q4_first_microfinance_q4-.pdf,4657932960.0,209.27,109846465.0,73.63,246.4,51.12,0.69,,,,,,,,,,,,,,,,,,,,,,,,,,,,,,,,,,,,,,,,,,,,,,,,,,,,,,,,,,,,,,,,,,,,,,,,,,,,,,,,,,,,,,,,,,,,,,,,,,,,,,,,,,,,,,,,,,,,,,,,,,,,,,,,,,,,,,,,,,,,,,,,,,,,,,,,,,,,,,,,,,,,,,,,,,,,,,,,,,,,,,,,,,,,,,,,,,,,
FOWAD,85,9.0,70.0,30.0,NMB Capital Limited,False,False,2017-05-16,,1195953710.0,870.0,1195953710.0,2026-09-03 08:55:38,q4,082/083,52.14,278.57,18.72,2.59,-18672930.0,2154315721.0,24073759869.0,24073759869.0,11355914743.0,21135939199.0,1517725667.0,196680017.0,888561684.0,623582581.0,-18672930.0,16.17,9.17,6.96,10.34,7.56,115.92,-1.56,52.14,3331596502.0,microfinancereport/fowad_082_083_q4_forward_microfinance_laghu.pdf,,571.67,-364544656.0,-271.06,52.19,16.69,-0.06,,,,,,,,,,,,,,,,,,,,,,,,,,,,,,,,,,,,,,,,,,,,,,,,,,,,,,,,,,,,,,,,,,,,,,,,,,,,,,,,,,,,,,,,,,,,,,,,,,,,,,,,,,,,,,,,,,,,,,,,,,,,,,,,,,,,,,,,,,,,,,,,,,,,,,,,,,,,,,,,,,,,,,,,,,,,,,,,,,,,,,,,,,,,,,,,,,,,
GASY,684,,,,,,,,,,,,2026-09-03 08:55:38,,,,,,,,,,,,,,,,,,,,,,,,,,,,,,,,,,,,,,,,,,,,,,,,,,,,,,,,,,,,,,,,,,,,,,,,,,,,,,,,,,,,,,,,,,,,,,,,,,,,,,,,,,,,,,,,,,,,,,,,,,,,,,,,,,,,,,,,,,,,,,,,,,,,,,,,,,,,,,,,,,,,,,,,,,,,,,,,,,,,,,,,,,,,,,,,,,,,,,,,,,,,,,,,,,,,,,,,,,,,,,,,,,,,,,
GBBL,33,2.0,51.0,49.0,NIBL Ace Capital Limited,False,False,2016-11-14,,5680517330.0,426.0,6021348367.0,2026-09-03 08:55:38,q4,082/083,28.04,177.26,16.94,1.55,1217961826.0,3433931838.0,113041648978.0,102368406946.0,98472073233.0,78241126667.0,3815635152.0,619273405.0,2580142370.0,1688666310.0,1217961826.0,4.76,13.63,3.53,5.26,4.04,86.14,20.23,28.04,10673242032.0,devbankreport/gbbl_082_083_q4_garima_bikash_bank.pdf,3359449873.0,334.41,1287411348.0,31.17,27.39,15.19,0.49,,,,,,,,,,,,,,,,,,,,,,,,,,,,,,,,,,,,,,,,,,,,,,,,,,,,,,,,,,,,,,,,,,,,,,,,,,,,,,,,,,,,,,,,,,,,,,,,,,,,,,,,,,,,,,,,,,,,,,,,,,,,,,,,,,,,,,,,,,,,,,,,,,,,,,,,,,,,,,,,,,,,,,,,,,,,,,,,,,,,,,,,,,,,,,,,,,,,
GBIME,17,1.0,51.0,49.0,Global IME Capital Limited,False,False,2017-07-26,,38115853000.0,249.9,38115853000.0,2026-09-03 08:55:38,q4,082/083,16.34,183.14,9.13,0.83,4581064000.0,27109347000.0,820770089000.0,750963825000.0,669171448000.0,439345125000.0,16203053000.0,3640554000.0,8682113000.0,6227156000.0,4581064000.0,4.96,12.1,3.43,4.75,3.29,68.43,12.02,16.34,69806264000.0,bankreport/gbime_082_083_q4_global_ime_bank.pdf,17924860000.0,259.48,5076304000.0,22.67,-3.69,15.29,0.67,,,,,,,,,,,,,,,,,,,,,,,,,,,,,,,,,,,,,,,,,,,,,,,,,,,,,,,,,,,,,,,,,,,,,,,,,,,,,,,,,,,,,,,,,,,,,,,,,,,,,,,,,,,,,,,,,,,,,,,,,,,,,,,,,,,,,,,,,,,,,,,,,,,,,,,,,,,,,,,,,,,,,,,,,,,,,,,,,,,,,,,,,,,,,,,,,,,,
GBLBS,70,9.0,70.0,30.0,Prabhu Capital Limited,False,False,2015-11-23,,982500000.0,659.5,1005350000.0,2026-09-03 08:55:38,q4,082/083,26.53,291.0,9.13,1.63,-5396933.0,1853913688.0,16359817443.0,13437680596.0,3954868101.0,14727898397.0,1383565601.0,117189634.0,371204755.0,266712681.0,-5396933.0,6.72,11.34,6.12,13.75,8.21,400.1,-0.54,26.53,2922136847.0,microfinancereport/gblbs_082_083_q4_grameen_bikash.pdf,,416.78,70968036.0,275.82,58.24,24.86,0.09,,,,,,,,,,,,,,,,,,,,,,,,,,,,,,,68270092.0,,,,,,,,,,,,,,,,,,,,,,,,,,,,,,,,,,,,,,,,,,,,,,,,,,,,,,,,,,,,,,,,,,,,,,,,,,,,,,,,,,,,,,,,,,,,,,,,,,,,,,,,,,,,,,,,,,,,,,,,,,,,,,,,,,,,,,,,,,,,,,,,,,,,,,,,,,,,,,,,,,,,,
GCIL,314,8.0,,100.0,,False,False,2023-08-10,,4567685700.0,386.0,5024454270.0,2026-09-03 08:55:38,q4,082/083,-6.13,165.73,-3.7,-1.44,,,21397698379.0,,,,,,296345827.0,-308072291.0,,,,,,,,-6.13,-6.13,8326808562.0,manufacturingandprocessingreport/gcil_082_083_q4_ghorahi_cement.pdf,,,-660379550.0,-53.35,,-62.97,1.18,,,,,,,,,,-213379859.0,-673721248.0,,,,2026-07-15,,,,,,,,,,,,,,,,,,,,,,234035903.0,,651581568.0,,,,,,,,,4367050.0,,,,,,,,,,,,,,,,-340435512.0,,,,,,,,,,,,,,,,,,,,,,2023-07-16,2024-01-16,,,,,,,17782192407.0,,177991759.0,,,,1520307536.0,1020592744.0,333721598.0,208895929.0,643886107.0,,3231202909.0,961456352.0,,21397698379.0,4729928355.0,-3590151971.0,1139776384.0,,-636781339.0,,,,,,,,,,,,,,,,,,,,,5708295498.0,,-436706.0,,,,,,,,,,,,,,,,,,,,,,,,,,,,,,,,,,,,,,,,,,,,,,,,,,,,,,,,,,,
GFCL,48,3.0,51.0,49.0,NIBL Ace Capital Limited,False,False,1998-12-22,,946115200.0,570.0,946115200.0,2026-09-03 08:55:39,q4,082/083,14.96,211.01,7.09,0.87,-364258588.0,1412060977.0,16180145453.0,14183752316.0,13193001506.0,8862318631.0,313737488.0,48119905.0,194915968.0,141529377.0,224328428.91,6.27,15.35,4.65,6.7,4.21,69.3,23.71,14.96,1996393137.0,financereport/gfcl_082_083_q4_goodwill_finance.pdf,210000000.0,266.51,5119394.0,2664.57,113.88,38.1,0.01,,,,,,,,,,,,,,,,,,,,,,,,,,,,,,,2475548.0,,,,,,,,,,,,,,,,,,,,,,,,,,,,,,,,,,,,,,,,,,,,,,,,,,,,,,,,,,,,,,,,,,,,,,,,,,,,,,,,,,,,,,,,,,,,,,,,,,,,,,,,,,,,,,,,,,,,,,,,,,,,,,,,,,,,,,,,,,,,,,,,,,,,,,,,,,,,,,,,,,,,,
GGBSL,109,9.0,52.0,48.0,Prabhu Capital Limited,True,False,2019-09-03,,0.0,830.0,27625000.0,2026-09-03 08:55:39,q1,078/079,-10.87,100.0,-0.76,-0.75,,,401756560.0,6241420.0,61237380.0,371215550.0,4579010.0,,-1001290.0,-750960.0,,4.8,5.89,9.53,,,,,,,,,,558150.0,-234.54,,-76.33,0.33,0.0,,,,,,,,,,,,,,,,,,,,,,,,,,,,,,,,,,,,,,,,,,,,,,,,,,,,,,,,,,,,,,,,,,,,,,,,,,,,,,,,,,,,,,,,,,,,,,,,,,,,,,,,,,,,,,,,,,,,,,,,,,,,,,,,,,,,,,,,,,,,,,,,,,,,,,,,,,,,,,,,,,,,,,,,,,,,,,,,,,,,,,,,,,,,,,,,,,,
GHL,165,5.0,0.0,100.0,Muktinath Capital Limited,False,False,2019-02-15,,1650000000.0,224.3,1650000000.0,2026-09-03 08:55:39,q4,082/083,-1.33,95.05,-1.36,-0.94,,,2270942239.75,,1492862.85,,,,,-21329153.56,,,,,,,,-1.33,-1.33,1568335841.04,hydropowerreport/ghl_082_083_q4_ghalemdi_hydro.pdf,,,-33391571.41,-36.12,,-168.65,4.67,-263168136.96,655994158.25,5232817.76,,923000000.0,68460381.97,14448650.94,136901281.49,46133.21,8598859.8,56485858.16,55108360.08,,547945.2,2022-01-24,5.000,230000000,,,,,,,,,,,,,,,,,,,,,,,,,,,,,,,,,,,,,,,,,,,,,,,,,,,,,,,,,,,,,,,,,,,,,,,,,,,,,,,,,,,,,,,,,,,,,,,,,,,,,,,,,,,,,,,,,,,,,,,,,,,,,,,,,,,,,,,,,,,,,,,,,,,,,,,,,,,,,,,,,,,,,,,,,,,,,,,,,,,
GIC,139,10.0,70.0,30.0,Kumari Capital Limited,True,False,2020-10-12,,0.0,370.0,0.0,2026-09-03 08:55:39,,,,,,,,,,,,,,,,,,,,,,,,,,,,,,,,,,,,,,,,,,,,,,,,,,,,,,,,,,,,,,,,,,,,,,,,,,,,,,,,,,,,,,,,,,,,,,,,,,,,,,,,,,,,,,,,,,,,,,,,,,,,,,,,,,,,,,,,,,,,,,,,,,,,,,,,,,,,,,,,,,,,,,,,,,,,,,,,,,,,,,,,,,,,,,,,,,,,,,,,,,,,,,,,,,,,,,,,,,,,,,,,,,,,,,
GILB,81,9.0,70.0,30.0,Global IME Capital Limited,False,False,2015-12-01,,618900045.0,1090.1,648297797.0,2026-09-03 08:55:39,q4,082/083,61.87,242.58,25.51,3.37,924320440.0,,11897057917.0,10324439680.0,4092400626.0,10664398765.0,1007427831.0,63690345.0,582105618.0,401105141.0,383501043.0,8.7,12.3,5.78,10.87,8.81,270.5,59.16,61.87,1572618237.0,microfinancereport/gilb_082_083_q4_global_ime_laghu.pdf,,581.11,74926763.0,435.33,87.59,17.62,0.04,,,,,,,,,,,,,,,,,,,,,,,,,,,,,,,,,,,,,,,,,,,,,,,,,,,,,,,,,,,,,,,,,,,,,,,,,,,,,,,,,,,,,,,,,,,,,,,,,,,,,,,,,,,,,,,,,,,,,,,,,,,,,,,,,,,,,,,,,,,,,,,,,,,,,,,,,,,,,,,,,,,,,,,,,,,,,,,,,,,,,,,,,,,,,,,,,,,,
GIMES1,234,,,,,,,,,,,,2026-09-03 08:55:39,,,,,,,,,,,,,,,,,,,,,,,,,,,,,,,,,,,,,,,,,,,,,,,,,,,,,,,,,,,,,,,,,,,,,,,,,,,,,,,,,,,,,,,,,,,,,,,,,,,,,,,,,,,,,,,,,,,,,,,,,,,,,,,,,,,,,,,,,,,,,,,,,,,,,,,,,,,,,,,,,,,,,,,,,,,,,,,,,,,,,,,,,,,,,,,,,,,,,,,,,,,,,,,,,,,,,,,,,,,,,,,,,,,,,,
GLBSL,94,9.0,68.0,32.0,NIBL Ace Capital Limited,False,False,2019-05-27,,115849500.0,1620.0,132358054.0,2026-09-03 08:55:39,q4,082/083,31.11,169.51,18.35,1.78,33410815.0,58595841.0,2319420333.0,2095055623.0,638293075.0,2222355737.0,184973853.0,18141951.0,59170824.0,41180518.0,33160533.0,8.09,8.47,6.06,11.57,8.49,352.61,25.05,31.11,224364710.0,microfinancereport/glbsl_082_083_q4_gurans_laghu.pdf,,344.46,42631820.0,-3.4,370.3,52.07,-15.3,,,,,,,,,,,,,,,,,,,,,,,,,,,,,,,,,,,,,,,,,,,,,,,,,,,,,,,,,,,,,,,,,,,,,,,,,,,,,,,,,,,,,,,,,,,,,,,,,,,,,,,,,,,,,,,,,,,,,,,,,,,,,,,,,,,,,,,,,,,,,,,,,,,,,,,,,,,,,,,,,,,,,,,,,,,,,,,,,,,,,,,,,,,,,,,,,,,,
GLH,178,5.0,,100.0,Sanima Capital Limited,False,False,2021-03-15,,18000000.0,244.3,1800000000.0,2026-09-03 08:55:39,q4,082/083,2.33,112.05,2.08,0.36,,,11717957234.0,,18554849.0,,,,,41905785.0,,,,,,,,2.33,2.33,2016950712.0,hydropowerreport/glh_082_083_q4_greenlife_hydro.pdf,,76.64,-33041209.0,-226.83,218.75,104.85,-0.46,216950712.0,8150684838.0,6936308.0,11285467262.0,,26234420.0,1009659504.0,,4117445.0,26516972.0,,136598.0,,,2024-02-18,40,191300000,,,,,,,,,,,,,,,,,,,,,,,,,,,,,,,,,,,,,,,,,,,,,,,,,,,,,,,,,,,,,,,,,,,,,,,,,,,,,,,,,,,,,,,,,,,,,,,,,,,,,1138473734.0,,,,,,,,,,,,,,,,,,,,,,,,,,,,,,,,,,,,,,,,,,,,,,,,,,,,,,,,,,,,,,,,,,,,,,,,,,,,,,
GLICL,117,7.0,51.0,49.0,NIBL Ace Capital Limited,True,False,2011-04-10,,0.0,344.0,0.0,2026-09-03 08:55:39,,,,,,,,,,,,,,,,,,,,,,,,,,,,,,,,,,,,,,,,,,,,,,,,,,,,,,,,,,,,,,,,,,,,,,,,,,,,,,,,,,,,,,,,,,,,,,,,,,,,,,,,,,,,,,,,,,,,,,,,,,,,,,,,,,,,,,,,,,,,,,,,,,,,,,,,,,,,,,,,,,,,,,,,,,,,,,,,,,,,,,,,,,,,,,,,,,,,,,,,,,,,,,,,,,,,,,,,,,,,,,,,,,,,,,
GMFBS,93,9.0,68.0,32.0,NIBL Ace Capital Limited,False,False,2019-05-13,,151554532.5,1090.0,151554532.5,2026-09-03 08:55:39,q4,082/083,28.68,158.0,18.15,1.74,-6780406.32,94675891.67,2495069094.82,2255619076.97,525931739.7,2289333451.4,174174410.42,9468270.81,62325011.87,43465949.35,-6780406.32,13.79,8.65,6.14,12.49,8.51,105.93,-4.47,28.68,239450017.85,microfinancereport/gmfbs_082_083_q4_ganapati_laghu.pdf,,319.31,-32592878.72,-233.36,241.36,38.01,-0.16,,,,,,,,,,,,,,,,,,,,,,,,,,,,,,,,,,,,,,,,,,,,,,,,,,,,,,,,,,,,,,,,,,,,,,,,,,,,,,,,,,,,,,,,,,,,,,,,,,,,,,,,,,,,,,,,,,,,,,,,,,,,,,,,,,,,,,,,,,,,,,,,,,,,,,,,,,,,,,,,,,,,,,,,,,,,,,,,,,,,,,,,,,,,,,,,,,,,
GMFIL,54,3.0,51.0,49.0,Guheswori Merchant Banking & Finance Limited,False,False,2007-07-30,,1012176000.0,417.0,1012176000.0,2026-09-03 08:55:39,q4,082/083,4.56,154.55,2.89,0.46,10034000.0,572494000.0,10032097000.0,8437393000.0,8279841000.0,5085100000.0,210424000.0,23905000.0,67243000.0,46164000.0,10034000.0,5.2,19.35,4.04,6.33,4.34,66.24,0.99,4.56,1594704000.0,financereport/gmfil_082_083_q4_guheshwori_merchant.pdf,,125.92,23832000.0,93.71,231.15,91.45,0.98,,,,,,,,,,,,,,,,,,,,,,,,,,,,,,,,,,,,,,,,,,,,,,,,,,,,,,,,,,,,,,,,,,,,,,,,,,,,,,,,,,,,,,,,,,,,,,,,,,,,,,,,,,,,,,,,,,,,,,,,,,,,,,,,,,,,,,,,,,,,,,,,,,,,,,,,,,,,,,,,,,,,,,,,,,,,,,,,,,,,,,,,,,,,,,,,,,,,
GMLI,640,7.0,70.0,30.0,,False,False,2025-02-06,,750000000.0,949.8,750000000.0,2026-09-03 08:55:39,q4,082/083,2.14,104.61,2.0,1.22,,,1321499824.0,516884895.0,,,,,,16068552.0,,,,,,,,2.14,2.14,804614930.0,lifeinsurancenewreport/gmli_082_083_q4_guardian_micro_life.pdf,,70.97,60182965.0,-73.3,1238.28,443.83,-6.05,,,,,971903077.0,,,,,,,,,,,,,,,1177448.0,16017815.0,,,,,15037132.0,50949112.0,615110.0,7960482.0,237764801.0,,4191896.0,30187501.0,20235533.0,6687829.0,449180282.0,,30116438.0,15971652.0,1321499825.0,584361911.0,493433251.0,,161115.0,,66787928.0,32242329.0,,574714094.0,314312377.0,100387683.0,185593513.0,399518207.0,44048139.0,2467166.0,85959.0,54548973.0,6976062.0,,48703413.0,2297623.0,558645542.0,16068552.0,16068552.0,,16068552.0,,16068552.0,84.44,2.75,44.22,7.54,546.05,104.61,1511325.0,557905168.0,216581352.0,26456743.0,2973.0,,25-50,,320893077.0,651010000.0,176.2,2025-01-19,2025-07-19,,,,,,,,,,,,,,,,,,,,,,,,,,,,,,,,,,,,,,,,,,,,,,20074848.0,14928694.0,,,,,,-17910529.0,,,,,,,,,,,,,,,,,,,,,,,,,,,,,,,,,,,,,,,,,,,,,,,,,,,,,,,,
GRDBL,42,2.0,51.0,49.0,NIBL Ace Capital Limited,False,False,2016-11-24,,569698500.0,957.9,615500000.0,2026-09-03 08:55:40,q4,082/083,11.76,122.83,9.57,1.0,58242462.0,82298389.0,7240419414.0,6484376754.0,6348990250.0,5288577880.0,246145875.0,21504580.0,103408297.0,72385808.0,57629058.0,3.22,13.63,4.02,7.1,4.57,84.95,9.36,11.76,7240419414.0,devbankreport/grdbl_082_083_q4_green_development.pdf,,180.28,69408395.0,4.29,431.34,81.45,18.99,,,,,,,,,,,,,,,,,,,,,,,,,,,,,,,1809.0,,,,,,,,,,,,,,,,,,,,,,,,,,,,,,,,,,,,,,,,,,,,,,,,,,,,,,,,,,,,,,,,,,,,,,,,,,,,,,,,,,,,,,,,,,,,,,,,,,,,,,,,,,,,,,,,,,,,,,,,,,,,,,,,,,,,,,,,,,,,,,,,,,,,,,,,,,,,,,,,,,,,,
GSY,639,,,,,,,,,,,,2026-09-03 08:55:40,,,,,,,,,,,,,,,,,,,,,,,,,,,,,,,,,,,,,,,,,,,,,,,,,,,,,,,,,,,,,,,,,,,,,,,,,,,,,,,,,,,,,,,,,,,,,,,,,,,,,,,,,,,,,,,,,,,,,,,,,,,,,,,,,,,,,,,,,,,,,,,,,,,,,,,,,,,,,,,,,,,,,,,,,,,,,,,,,,,,,,,,,,,,,,,,,,,,,,,,,,,,,,,,,,,,,,,,,,,,,,,,,,,,,,
GUFL,46,3.0,51.0,49.0,NIBL Ace Capital Limited,False,False,2017-04-02,,867993800.0,503.6,867993800.0,2026-09-03 08:55:40,q4,082/083,25.28,166.32,15.1,1.96,-448431035.0,1011279186.0,11166023686.0,9712782461.0,9381822604.0,5988934339.0,313307486.0,34811065.0,360948661.0,219401553.0,-448431035.0,13.32,13.53,3.43,6.11,4.57,72.62,-51.66,25.28,1453241224.0,financereport/gufl_082_083_q4_gurkhas finance.pdf,189034935.0,307.58,-121463247.0,-280.63,63.73,19.92,-0.07,,,,,,,,,,,,,,,,,,,,,,,,,,,,,,,,,,,,,,,,,,,,,,,,,,,,,,,,,,,,,,,,,,,,,,,,,,,,,,,,,,,,,,,,,,,,,,,,,,,,,,,,,,,,,,,,,,,,,,,,,,,,,,,,,,,,,,,,,,,,,,,,,,,,,,,,,,,,,,,,,,,,,,,,,,,,,,,,,,,,,,,,,,,,,,,,,,,,
GVL,236,5.0,,100.0,Laxmi Capital Market Limited,False,False,2022-04-17,,3437500000.0,472.6,3437500000.0,2026-09-03 08:55:40,q4,082/083,13.02,124.42,10.41,4.15,,,10776605066.0,,,,,,,444741862.0,,,,,,,,13.02,13.02,4273788390.0,,,190.92,368717571.0,20.62,147.54,36.3,1.76,,5811129721.0,32999664.0,,291748790.0,967881736.0,691686955.0,1488581242.0,85624776.0,-28076609.0,,-378401399.0,-7449298.0,,2025-04-02,52.400,230500000,,,,,,,,,,,,,,,,,,,,,,,,,,,,,,,,,,,,,,,,,,,,,,,,,,,,,,,,,,,,,,,,,,,,,,,,,,,,,,,,,,,,,,,,,,,,,,,,,,,,,,,,,,,,,,,,,,,,,,,,,,,,,,,,,,,,,,,,,,,,,,,,,,,,,,,,,,,,,,,,,,,,,,,,,,,,,,,,,,,
H8020,358,,,,,,,,,,,,2026-09-03 08:55:40,,,,,,,,,,,,,,,,,,,,,,,,,,,,,,,,,,,,,,,,,,,,,,,,,,,,,,,,,,,,,,,,,,,,,,,,,,,,,,,,,,,,,,,,,,,,,,,,,,,,,,,,,,,,,,,,,,,,,,,,,,,,,,,,,,,,,,,,,,,,,,,,,,,,,,,,,,,,,,,,,,,,,,,,,,,,,,,,,,,,,,,,,,,,,,,,,,,,,,,,,,,,,,,,,,,,,,,,,,,,,,,,,,,,,,
HATHY,359,6.0,87.5,12.27,,False,False,2023-10-10,,1585584000.0,609.0,1585584000.0,2026-09-03 08:55:40,q4,082/083,0.6,68.47,0.87,0.7,,,2687317899.0,,,,,,,18918936.0,,,,,,,,0.6,0.6,2171141083.0,investmentreport/hathy_082_083_q4_hathway.pdf,,30.4,64947721.0,-70.87,1903.09,1015.0,-14.32,,,,,,,,,,,,,,,2026-09-19,,,0.23,,,,,,,,,,,,,,,,,,,,,,2687317899.0,,,,,,,,20512592.0,,,,,,,,,,,,,,,,25059328.0,,,,,,,,,,,,,,,,,,,,,,2023-09-19,2024-03-14,,,,,,,,,,,,,,,,,,,,,,,,,,,,,,,,11409413.0,152174017.0,3393588.0,,27145168.0,,2124922387.0,,,8487096.0,,10586125.0,169094104.0,121513715.0,,,,,,9436212.0,,,27145168.0,50.0,,,,,,,,,,,,,,,,,,,,,,,,,,,,,,,,,,,,,,,,,,,,,,,,,,,,,,
HBL,26,1.0,62.99,37.01,Himalayan Capital Limited,False,False,1998-07-04,,22581662532.0,187.5,22581662532.0,2026-09-03 08:55:40,q4,082/083,6.56,177.48,3.83,0.37,-9840149792.0,26809134191.0,417995276753.0,377917353089.0,351577090386.0,227779900597.0,8810162435.0,1062196712.0,2626077317.0,1480385460.0,-9840149793.0,7.96,11.69,3.63,5.31,2.83,72.74,-43.58,6.56,40077923664.0,bankreport/hbl_082_083_q4_himalayan_bank.pdf,11650631182.0,161.85,129726032.0,1041.16,15.85,28.58,0.03,,,,,,,,,,,,,,,,,,,,,,,,,,,,,,,527276733.0,,,,,,,,,,,,,,,,,,,,,,,,,,,,,,,,,,,,,,,,,,,,,,,,,,,,,,,,,,,,,,,,,,,,,,,,,,,,,,,,,,,,,,,,,,,,,,,,,,,,,,,,,,,,,,,,,,,,,,,,,,,,,,,,,,,,,,,,,,,,,,,,,,,,,,,,,,,,,,,,,,,,,
HDHPC,173,5.0,0.0,100.0,Himal Dolakha Hydropower Company Limited,False,False,2020-02-24,,2800000000.0,198.7,2800000000.0,2026-09-03 08:55:40,q4,082/083,-3.4,71.97,-4.73,-3.88,,,2454940996.64,,10492514.78,,,,,-95223763.62,,,,,,,,-3.4,-3.4,2015268520.45,,,,-40356302.14,135.96,,-58.44,-0.43,-784731479.55,192572015.68,1832393938.03,,570000000.0,52547058.61,247100460.51,69600796.4,,14714902.75,91619696.9,27766341.33,,,2022-08-22,12.50,171900000,,,,,,,,,,,,,,,,,,,,,,,,,,,,,,,,,,,,,,,,,,,,,,,,,,,,,,,,,,,,,,,,,,,,,,,2642282.35,28081336.71,,,,,,,,,,,,,,,,,,,,,,,,,,,,,,,,,,,,,,,,,,,,,,,,,,,,,,,,,,,,,,,,,,,,,,,,,,,,,,,,,,,,,,,,,,,,,,,,,,,,,,,,,,,
HDL,191,8.0,58.0,42.0,Nabil Investment Banking Limited,False,False,2003-03-21,,3073401810.0,1164.0,3688082175.0,2026-09-03 08:55:40,q4,082/083,32.71,141.43,23.13,20.9,,,5773015759.0,,,,,,1677545219.0,1206337743.0,,,,,,,,32.71,32.71,5215905516.0,manufacturingandprocessingreport/hdl_082_083_q4_himalayan.pdf,,322.63,953263668.0,26.55,260.79,35.59,1.34,,,,,,,,,,195579344.0,97927398.0,,,,2006-03-21,,,,,,,,,,,,,,,,,,,,,,39047918.0,,113404691.0,,,,,,,,,,,,,,,,,,,,,,,,,1633103904.0,,,,,,,,,,,,,,,,,,,,,,,,,,,,,,1101733030.0,2461413.0,2608836.0,,,,717818598.0,971182123.0,1179270222.0,103038474.0,1527823341.0,84810256.0,,128179319.0,472299987.0,5773015759.0,4371865822.0,12464522371.0,3059304960.0,707050906.0,4396388.0,,,,,,,,,,,,,,,,,,,,,,479129492.0,426766161.0,,,,,,61541474.0,215211843.0,10475976.0,,,,,,,,,,,,,,,,,,,,,,,,,,,,,,,,,,,,,,,,,,,,,,,,,,,
HEI,261,10.0,51.0,49.0,NMB Capital Limited,False,False,1994-01-26,,2500157400.0,465.7,2500157400.0,2026-09-03 08:55:41,q4,082/083,13.51,213.94,6.32,3.15,,,10725459467.0,5376658103.0,,,,,,337885142.0,,,,,,,,13.51,13.51,5348801363.0,nonlifeinsurancenewreport/hei_082_083_q4_himalayan_everest.pdf,,255.01,532335530.0,-36.53,82.62,34.47,-0.94,,,,,5335799183.0,,,,,,,,,,,,,,,16415792.0,1230789585.0,,,,3332007911.0,86300578.0,287009482.0,307381541.0,85528956.0,44226438.0,,99089767.0,274792453.0,392629056.0,7190370.0,4475794560.0,54705672.0,426449468.0,286836338.0,10725459467.0,4846216117.0,2217986210.0,600512137.0,,,175565961.0,18030443.0,13991966.0,3026086717.0,,-1155065187.0,-75805223.0,,106765356.0,14857887.0,3462164.0,526635841.0,50339329.0,,305705678.0,1495464.0,2547612296.0,478474420.0,478474420.0,140589278.0,,,,45.77,6.97,45.18,1.2,,,,,,,,,,,1527915649.0,3807883533.0,,,,,,,,,,,,,,,,,,,,,,,,,,,,,,,,,,,,,,,,,,,,,,,,,,125681694.0,,,,,,,,,,,,2500157400.0,2082132687.0,-2628229907.0,2558591453.0,210629535.0,1538350577.0,213.94,355509.0,74078.0,15178.0,9640.0,,,,,,,,,,,,,,,,,,,,,,,,,,,,,,,,,,,,,,,,
HFIN,675,4.0,80.0,20.0,NIC Asia Capital Limited,False,False,2026-03-12,,2000000000.0,618.0,2000000000.0,2026-09-03 08:55:40,q4,082/083,-12.23,107.28,-11.4,-7.56,,,4402572850.0,,,,,,,-244568608.0,,,,,,,,-12.23,-12.23,2145633900.0,hotelsandtourismreport/hfin_082_083_q4_hotel_forest_inn.pdf,,,,,,-50.53,,,,,,,,,,,,,,,,2029-02-16,,,,,,,,,,,,,,,,,,,,,,,,,,,,,,,,,,,,,,,,,,,74515398.0,,,155410318.0,,,-244568608.0,,,,,,,,,,,,,,,,,,,,,,2026-02-16,2026-08-16,,,,-484002793.0,1892404548.0,158834105.0,4087462502.0,10250661.0,9957387.0,294902300.0,190335455.0,6026837.0,,,,,,,,,,,,,,,,,,,,,,,,,,,,,,,,,,,,,,,,,,,,,,,,,,,,,,,,,,,,,,,,,,,,,,,,,,,,,,,,,,,,,,,,,,,,,,,,,
HGI,125,10.0,51.0,49.0,NMB Capital Limited,False,True,,,0.0,520.0,0.0,2026-09-03 08:55:41,,,,,,,,,,,,,,,,,,,,,,,,,,,,,,,,,,,,,,,,,,,,,,,,,,,,,,,,,,,,,,,,,,,,,,,,,,,,,,,,,,,,,,,,,,,,,,,,,,,,,,,,,,,,,,,,,,,,,,,,,,,,,,,,,,,,,,,,,,,,,,,,,,,,,,,,,,,,,,,,,,,,,,,,,,,,,,,,,,,,,,,,,,,,,,,,,,,,,,,,,,,,,,,,,,,,,,,,,,,,,,,,,,,,,,
HHL,245,5.0,,100.0,Global IME Capital Limited,False,False,2022-08-05,,1095000000.0,320.0,1095000000.0,2026-09-03 08:55:41,q4,082/083,7.32,85.28,8.59,3.56,,,2250737355.0,,71429000.0,,,,,80177891.0,,,,,,,,7.32,7.32,933814497.0,hydropowerreport/hhl_082_083_q4_himalayan_hydro_dabswg2.pdf,,118.51,69771673.0,14.91,170.01,43.72,2.93,-16185503.0,1204989644.0,13544217.0,,,175839190.0,110896542.0,329471797.0,1100.0,24768731.0,1804074.0,84540657.0,1603558.0,,2025-07-11,12.000,220300000,,,,,,,,,,,,,,,,,,,,,,,,,,,,,,,,,,,,,,,,,,,,,,,,,,,,,,,,,,,,,,,,,,,,,,,,,,,,,,,,,,,,,,,,,,,,,,,,,,,,,,,,,,,,,,,,,,,,,,,,,,,,,,,,,,,,,,,,,,,,,,,,,,,,,,,,,,,,,,,,,,,,,,,,,,,,,,,,,,,
HIDCL,183,6.0,80.0,20.0,Global IME Capital Limited,False,False,2016-07-10,,24559813000.0,239.4,24928211000.0,2026-09-03 08:55:41,q4,082/083,2.73,112.65,2.42,2.36,,,28827358000.0,,,,,,,679337000.0,,,,,,,,2.73,2.73,28080806000.0,investmentreport/hidcl_082_083_q4_hidcl.pdf,,83.18,973893000.0,-30.25,187.8,87.69,-2.9,,,,,,,,,,,,,,,2019-07-10,,,,,,,,,,,308328000.0,,,,,,,,,10520000.0,,,,,28827358000.0,,,,,,,,174000.0,,,,,,,,,,,,,,,,963425000.0,,,,,,,,,,,,,,,,,,,,,,,,,,,,,515466000.0,,,,15845511000.0,,,,,,,,,,,,,,,,,,,50.0,,,1747159000.0,178329000.0,-13068000.0,,-5685000.0,,4463347000.0,,231086000.0,-29965000.0,,19339000.0,31525596000.0,26726000.0,,,,,,-284088000.0,12981847000.0,,991005000.0,,,,,,,,,,,,,,,,660000.0,284088000.0,16466000.0,18496000.0,428000.0,8451234000.0,25690000.0,5812000.0,3246000.0,13760000000.0,,,,,,,,,,,,,,,,,,,,,,,,,,,,,,
HIMSTAR,661,5.0,70.0,30.0,NIC Asia Capital,False,False,2025-08-31,,373000000.0,638.5,373000000.0,2026-09-03 08:55:41,q4,082/083,-29.72,69.02,-43.61,-8.37,,,1324244347.0,,20803020.0,,,,,-110847110.0,,,,,,,,-29.72,-29.72,254154958.0,,,,-558234.0,19756.75,,-21.49,-0.0,-118845042.0,797750187.0,1108786080.0,92516318.0,,122941948.0,272339201.0,144775298.0,537478.0,30923016.0,35274611.0,70838075.0,,,2028-07-04,,,,,,,,,,,,,,,,,,,,,,,,,,,,,,,,,,,,,,,,,,,,,,,,,,,,,,,,,,,,,,,,,,,,,,,2025-07-16,2026-01-16,,,,,,,,,,,,,,,,,,,,,,,,,,,,,,,,,,,,,,,,,,,,,,,,,,,,,,,,,,,,,,,,,,,,,,,,,,,,,,,,,,,,,,,,,,,,,,,,,,,,,,,,,,,,,
HLBSL,77,9.0,51.0,49.0,Century Capital Market Limited,False,False,2015-10-25,,319818200.0,858.9,341086036.0,2026-09-03 08:55:41,q4,082/083,31.26,162.52,16.85,1.73,92521017.0,153659936.0,6146982707.0,5514172670.0,1272164229.0,4962718639.0,442191020.0,47864909.0,152196554.0,106610032.0,92521017.0,9.04,11.18,5.55,11.7,8.3,93.98,27.31,31.26,632810037.0,microfinancereport/hlbsl_082_083_q4_himalayan_laghubitta.pdf,,338.1,71462442.0,49.18,154.04,27.48,0.56,,,,,,,,,,,,,,,,,,,,,,,,,,,,,,,45543048.0,,,,,,,,,,,,,,,,,,,,,,,,,,,,,,,,,,,,,,,,,,,,,,,,,,,,,,,,,,,,,,,,,,,,,,,,,,,,,,,,,,,,,,,,,,,,,,,,,,,,,,,,,,,,,,,,,,,,,,,,,,,,,,,,,,,,,,,,,,,,,,,,,,,,,,,,,,,,,,,,,,,,,
HLI,288,7.0,51.0,49.0,Prabhu Capital Limited,False,False,2023-06-21,,9143237310.0,293.0,9143237306.0,2026-09-03 08:55:41,q4,082/083,3.48,93.31,3.72,0.31,,,102936049153.0,94404912851.0,,,,,,317771315.0,,,,,,,,3.48,3.48,8531136302.0,lifeinsurancenewreport/hli_082_083_q4_himalayan_life.pdf,,85.48,546974000.0,-41.9,242.79,84.2,-2.01,,,,,82880739837.0,,,,,,,,,,,,,,,28600211.0,615034098.0,150000000.0,82554235.0,8608329609.0,7335000.0,1266997690.0,472232.0,28639100.0,2394343994.0,5644347856.0,,472238615.0,1046444855.0,-2130784473.0,481656692.0,89566246310.0,,3275398438.0,889953036.0,102936049153.0,18691632667.0,18325857471.0,,39734771.0,758935049.0,5004067606.0,254990311.0,17360389.0,24500945598.0,7919468978.0,-142308109.0,12487578804.0,20263749673.0,1524339983.0,137443931.0,,902758907.0,75481579.0,,748115181.0,2101178.0,23672901041.0,828044557.0,82791802.0,510146706.0,317771315.0,-1844477465.0,-1526706150.0,98.04,1.7,18.16,8.16,92.59,93.31,437167.0,3075700590.0,464456228.0,15615932077.0,21079.0,192.0,30-86,30-86,49435729824.0,34435724248.0,1125.82,,,,,,,,,,,,,,,,,,,,,,,,,,,,,,,,,,,,,,,,,,,,,,,,470495292.0,191658375.0,,,,,,,,,,,,,,,,,,,,,,,,,,,,,,,,,-126537.0,,,,,,,,,,,,,,,,,,,,,,,,,,,,,
HLICF,664,,,,,,,,,,,,2026-09-03 08:55:41,,,,,,,,,,,,,,,,,,,,,,,,,,,,,,,,,,,,,,,,,,,,,,,,,,,,,,,,,,,,,,,,,,,,,,,,,,,,,,,,,,,,,,,,,,,,,,,,,,,,,,,,,,,,,,,,,,,,,,,,,,,,,,,,,,,,,,,,,,,,,,,,,,,,,,,,,,,,,,,,,,,,,,,,,,,,,,,,,,,,,,,,,,,,,,,,,,,,,,,,,,,,,,,,,,,,,,,,,,,,,,,,,,,,,,
HPPL,156,5.0,0.0,100.0,Global IME Capital Limited,False,False,2017-08-11,,1065417000.0,363.8,1598125500.0,2026-09-03 08:55:41,q4,082/083,12.57,130.56,9.63,3.68,,,5460023525.0,,24625486.0,,,,,200874544.0,,,,,,,,12.57,12.57,2086469821.0,,,192.16,72625222.0,176.59,89.32,28.94,0.16,371033655.0,2922116009.0,18284527.0,,40000000.0,490149761.0,446437694.0,768416371.0,1294.0,10028286.0,246845674.0,-239519512.0,-4099480.0,,2020-07-19,27.00,156800000,,,,,,,,,,,,,,,,,,,,,,,,,,,,,,,,,,,,,,,,,,,,,,,,,,,,,,,,,,,,,,,,,,,,,,,,,,,,,,,,,,,,,,,,,,,,,,,,,,,,,,,,,,,,,,,,,,,,,,,,,,,,,,,,,,,,,,,,,,,,,,,,,,,,,,,,,,,,,,,,,,,,,,,,,,,,,,,,,,,
HRL,449,11.0,70.0,30.0,,False,False,2024-01-07,,10868000000.0,519.0,10868000000.0,2026-09-03 08:55:42,q4,082/083,-21.5,115.58,-18.49,-8.96,,,26085579261.0,,,,,,,-2336252742.0,,,,,,,,-21.5,-21.5,12633875036.0,,,,1390309152.0,-268.04,,-24.14,0.09,,,,,,,,,,,45641250.0,,,,2026-12-27,,,,,,,,,,,,,,,,,,,,4025222421.0,,,,,26186987526.0,,,,,,,,,7005796442.0,,,,,,,,,,,,,,,,,,-1158158850.0,,,,,,,,,,,,,,,,,,,2023-12-27,2024-06-27,,,,,,,117017498.0,,,,,,,,,,,,,,,,,,,,,,,,,,,,,,,,,,,,,,,2105084458.0,,,,,,,,,,,,,,,,,,,,,,,,,,,,,,,,,,,739905011.0,10448624413.0,-3442827971.0,-3494411591.0,,,,,,,,,,,,,,,,,,,,,,,,,
HURJA,169,5.0,0.0,100.0,Nabil Investment Banking Limited,False,False,2019-05-21,,1980000000.0,230.0,1980000000.0,2026-09-03 08:55:42,q4,082/083,7.57,98.13,7.72,4.17,,,3591062534.43,,12011.25,,,,,149917964.69,,,,,,,,7.57,7.57,1942978614.21,hydropowerreport/hurja_082_083_q4_himalaya_urja_bikash.pdf,,129.28,34815314.14,330.61,77.9,30.38,0.09,,1637532082.26,3743890688.07,,,342093291.08,10551837.95,486464910.65,58709.42,115122359.39,136062931.11,74164267.66,,,2021-04-16,19,165500000,,,,,,,,,,,,,,,,,,,,,,,,,,,,,,,,,,,,,,,,,,,,,,,,,,,,,,,,,,,,,,,,,,,,,,,9729298.21,,,,,,,,,,,,,,,,,,,,,,,,,,,,,,,,,,,,,,,,,,,,,,,,,,,,,,,,,,,,,,,,,,,,,,,,,,,,,,,,,,,,,,,,,,,,,,,,,,,,,,,,,,,,
ICFC,55,3.0,51.0,49.0,Global IME Capital Limited,False,False,2007-10-19,,1183470960.0,583.6,1183470960.0,2026-09-03 08:55:42,q4,082/083,22.33,189.32,11.79,1.01,141732426.0,915375256.0,26187515890.0,23946937248.0,22232744964.0,18695686952.0,645421020.0,110520388.0,375115499.0,264224940.0,141732426.0,1.55,14.38,4.22,5.88,4.09,85.59,11.98,22.33,2240578642.0,financereport/icfc_082_083_q4_icfc.pdf,555565631.0,308.41,333079980.0,-20.67,89.23,26.14,-1.26,,,,,,,,,,,,,,,,,,,,,,,,,,,,,,,,,,,,,,,,,,,,,,,,,,,,,,,,,,,,,,,,,,,,,,,,,,,,,,,,,,,,,,,,,,,,,,,,,,,,,,,,,,,,,,,,,,,,,,,,,,,,,,,,,,,,,,,,,,,,,,,,,,,,,,,,,,,,,,,,,,,,,,,,,,,,,,,,,,,,,,,,,,,,,,,,,,,,
IGI,132,10.0,51.0,49.0,Global IME Capital Limited,False,False,2004-11-10,,3029334640.0,380.1,3029334639.0,2026-09-03 08:55:42,q4,082/083,0.13,179.53,0.07,0.03,,,14420181429.0,8981571533.0,,,,,,4038494.0,,,,,,,,0.13,0.13,5438609896.0,nonlifeinsurancenewreport/igi_082_083_q4_igi_puru.pdf,,22.92,364974070.0,-98.89,1558.69,2923.85,-29.57,,,,,4449817216.0,,,,,,,,,,,,,,,2993798.0,1265683245.0,,,,6235913153.0,181686661.0,213130696.0,967996250.0,207287671.0,608613466.0,,97787911.0,18440538.0,424881688.0,81290759.0,802202236.0,,636967690.0,73707911.0,14420181429.0,4387448677.0,1453089481.0,592864105.0,,,184474458.0,6674655.0,14054427.0,2251157126.0,,-1123472008.0,3378831585.0,,101731249.0,12475031.0,903609.0,447937766.0,53220356.0,529380.0,147836984.0,10339499.0,2239924064.0,11233062.0,11233062.0,7194568.0,,,,33.12,0.09,30.43,2.32,,,,,,,,,,,1448817216.0,3001000000.0,,,,,,,,,,,,,,,,,,,,,,,,,,,,,,,,,,,,,,,,,,,,,,,,,92293150.0,387402937.0,,,,,,,,,,,,3029334639.0,186816512.0,-2934359195.0,2242953553.0,-3033362939.0,1464950191.0,179.53,237708.0,66128.0,14464.0,7897.0,,,,,,,,,,,,,,,,194766122.0,,,,,,,,,,,,,,,,,,,,,,,,
IGIL,289,10.0,51.0,49.0,Global IME Capital Limited,False,True,2023-01-01,,0.0,,0.0,2026-09-03 08:55:42,,,,,,,,,,,,,,,,,,,,,,,,,,,,,,,,,,,,,,,,,,,,,,,,,2026-01-01,,,,,,,,,,,,,,,,,,,,,,,,,,,,,,,,,,,,,,,,,,,,,,,,,,,,,,,,,,,,,,,,,,,,,,,,,,,,,,,,,,,,,,,,,,,,,,,,,,,,,,,,,,,,,,,,,,,,,,,,,,,,,,,,,,,,,,,,,,,,,,,,,,,,,,,,,,,,,,,,,,,,,,,,,,,,,,,,,,,,,
IHL,284,5.0,,100.0,,False,False,2023-06-19,,600000000.0,299.5,600000000.0,2026-09-03 08:55:42,q4,082/083,-5.24,90.53,-5.78,-1.33,,,2359184241.0,,5195040.0,,,,,-31418726.0,,,,,,,,-5.24,-5.24,543183492.0,,,,3201493.0,-1081.38,,-57.16,0.05,-56816508.0,1599120029.0,8867859.0,,,106644877.0,216789505.0,255419076.0,34400.0,-21457092.0,-83650010.0,-112378996.0,,,2026-05-09,9.7,201000000,10.0,,,,,,,,,,,,,,,,,,,,,,,,,,,,,,,,,,,,,,,,,,,,,,,,,,,,,,,,,,,,,,,,,,,,,,,,,,,,,,,,,,,,,,,,,,,,,,,,,,,,,,,,,,,,,,,,,,,,,,,,,,,,,,,,,,,,,,,,,,,,,,,,,,,,,,,,,,,,,,,,,,,,,,,,,,,,,,,,,,
ILBS,96,9.0,68.0,32.0,Sunrise Capital Limited,False,False,2019-07-07,,497415942.0,829.0,497415943.0,2026-09-03 08:55:42,q4,082/083,36.66,161.73,22.67,3.0,75818480.0,231255175.0,6079442128.0,5274952531.0,1497739879.0,5829006636.0,479173536.0,67581196.0,285824647.0,182365102.0,75818480.0,12.92,11.44,5.96,12.05,8.82,120.99,15.24,36.66,804489598.0,microfinancereport/ilbs_082_083_q4_infinity_laghu.pdf,,365.24,-64117807.0,-384.42,126.97,22.61,-0.06,,,,,,,,,,,,,,,,,,,,,,,,,,,,,,,,,,,,,,,,,,,,,,,,,,,,,,,,,,,,,,,,,,,,,,,,,,,,,,,,,,,,,,,,,,,,,,,,,,,,,,,,,,,,,,,,,,,,,,,,,,,,,,,,,,,,,,,,,,,,,,,,,,,,,,,,,,,,,,,,,,,,,,,,,,,,,,,,,,,,,,,,,,,,,,,,,,,,
ILI,309,7.0,70.0,30.0,Global IME Capital Limited,False,False,2023-04-03,,5000000000.0,398.7,5000000000.0,2026-09-03 08:55:42,q4,082/083,11.68,135.66,8.61,2.18,,,26795615857.0,20012517051.0,,,,,,584244356.0,,,,,,,,11.68,11.68,6783098806.0,lifeinsurancenewreport/ili_082_083_q4_ime_life_insurance.pdf,,188.82,621084330.0,-5.93,111.16,34.14,-5.75,,,,,23287691492.0,,,,,,,,,,,,,,,10676742.0,278633891.0,,,1306514083.0,17495849.0,599.67,,15801224.0,84561763.0,936290652.0,523816613.0,321228415.0,713355301.0,224698477.0,56508555.0,18932051690.0,,311806829.0,650191097.0,26795615857.0,7736947046.0,7463024166.0,,35422224.0,110171459.0,1382172626.0,52482342.0,4037444.0,9047310261.0,1465969339.0,-127982174.0,5287974943.0,6608466258.0,670355620.0,55972681.0,510250.0,456540117.0,76690245.0,,574338502.0,20.19,8463065905.0,584244356.0,584244356.0,,584244356.0,-138171231.0,446073125.0,96.46,7.55,28.87,8.66,34.92,135.66,518093.0,3057042763.0,338531007.0,4679904283.0,3337.0,27.0,22-80,22-80,15422298316.0,8049621480.0,535.91,2023-07-15,2024-01-15,,,,,,,,,,,,,,,,,,,,,,,,,,,,,,,,,,,,,,,,,,,,,,258276944.0,61958880.0,,,,,,,,,,,,,,,,,,,,,,,,,,,,,,,,,,,,,,,,,,,,,,,,,,,,,,,,,,,,,,
JALPA,206,9.0,68.0,32.0,Prabhu Capital Limited,False,False,2022-03-11,,1828000.0,1442.1,182800000.0,2026-09-03 08:55:42,q3,080/081,4.58,280.24,1.63,0.15,61176487.0,268305574.0,5414317258.0,4902035198.0,2691557074.0,4820442603.0,208269477.0,56628643.0,8973984.0,6281789.0,61176487.0,7.39,9.31,9.42,15.85,,,33.46,,,,,169.94,-39234490.0,-116.01,748.61,314.87,-2.71,,,,,,,,,,,,,,,,,,,,,,,,,,,,,,,,,,,,,,,,,,,,,,,,,,,,,,,,,,,,,,,,,,,,,,,,,,,,,,,,,,,,,,,,,,,,,,,,,,,,,,,,,,,,,,,,,,,,,,,,,,,,,,,,,,,,,,,,,,,,,,,,,,,,,,,,,,,,,,,,,,,,,,,,,,,,,,,,,,,,,,,,,,,,,,,,,,,,
JBBL,34,2.0,51.0,49.0,NIBL Ace Capital Limited,False,False,2017-11-24,,4395785890.0,327.0,4395785886.0,2026-09-03 08:55:43,q4,082/083,22.88,170.97,13.38,1.29,144364296.0,2975403750.0,77911050849.0,70395496917.0,67229291963.0,49583993197.0,2341970482.0,285224376.0,1793750299.0,1005952993.0,144364296.0,6.55,14.05,3.76,5.89,4.15,81.07,3.28,22.88,7515553931.0,devbankreport/jbbl_082_083_q4_jyoti_bikash_bank.pdf,2300892984.0,296.67,100020456.0,905.75,10.22,14.29,0.02,,,,,,,,,,,,,,,,,,,,,,,,,,,,,,,,,,,,,,,,,,,,,,,,,,,,,,,,,,,,,,,,,,,,,,,,,,,,,,,,,,,,,,,,,,,,,,,,,,,,,,,,,,,,,,,,,,,,,,,,,,,,,,,,,,,,,,,,,,,,,,,,,,,,,,,,,,,,,,,,,,,,,,,,,,,,,,,,,,,,,,,,,,,,,,,,,,,,
JBLB,101,9.0,67.0,33.0,NMB Capital Limited,False,False,2021-07-28,,1536171550.0,1249.0,1751235562.0,2026-09-03 08:55:43,q4,082/083,61.8,279.95,22.07,3.16,1401636399.0,1749693467.0,34295921474.0,29393356047.0,14675946354.0,30926696149.0,2350833103.0,304936157.0,1728858023.0,1082224426.0,1401636399.0,5.33,13.56,6.71,11.16,7.19,125.1,80.04,61.8,4902565427.0,microfinancereport/jblb_082_083_q4_jeevan_bikash.pdf,,623.92,706429078.0,53.2,100.19,20.21,0.38,,,,,,,,,,,,,,,,,,,,,,,,,,,,,,,,,,,,,,,,,,,,,,,,,,,,,,,,,,,,,,,,,,,,,,,,,,,,,,,,,,,,,,,,,,,,,,,,,,,,,,,,,,,,,,,,,,,,,,,,,,,,,,,,,,,,,,,,,,,,,,,,,,,,,,,,,,,,,,,,,,,,,,,,,,,,,,,,,,,,,,,,,,,,,,,,,,,,
JFL,52,3.0,51.0,49.0,Sunrise Capital Limited,False,False,2007-07-30,,690472800.0,370.0,690472800.0,2026-09-03 08:55:43,q4,082/083,1.35,-0.89,-151.85,0.21,-1127537839.38,430911429.19,4436704629.66,4442858239.85,2265596225.96,2112797377.45,171512259.08,306207.3,13348535.88,9343975.12,,61.55,-6.14,6.89,9.8,4.6,93.39,1.35,1.35,-6153610.19,financereport/jfl_082_083_q4_jfl.pdf,49543491.89,,-207284112.77,-104.51,,274.07,-2.62,,,,,,,,,,,,,,,,,,,,,,,,,,,,,,,,,,,,,,,,,,,,,,,,,,,,,,,,,,,,,,,,,,,,,,,,,,,,,,,,,,,,,,,,,,,,,,,,,,,,,,,,,,,,,,,,,,,,,,,,,,,,,,,,,,,,,,,,,,,,,,,,,,,,,,,,,,,,,,,,,,,,,,,,,,,,,,,,,,,,,,,,,,,,,,,,,,,,
JHAPA,666,11.0,75.0,25.0,Himalyan Capital Limited,False,False,2025-11-14,,380190000.0,1019.5,380190000.0,2026-09-03 08:55:43,q4,082/083,3.86,101.94,3.78,1.75,,,838066249.0,,,,,,,14657196.0,,,,,,,,3.86,3.86,387579021.0,othersreport/jhapa_082_083_q4_jhapa_energy.pdf,,94.09,,,983.5,264.12,,,,,,,,,,,,36841378.0,,,,2028-09-24,,,,,,,,,,,,,,,,,,,,113000.0,,,,,838066249.0,,,,,,,,,,,,,,,,,,,,,,,,,,,,,,,,,,,,,,,,,,,,,,2025-09-24,2026-03-24,,,,7389021.0,,,785702475.0,,,,,,,,,,,400612430.0,,,,,,,,,,,,,,,,,,33284691.0,,,,,,,,,,,,,,,,,,,,1378168.0,,,,,,,,,,,,,,,,,,6053272.0,,,,,,,5591042.0,,14657196.0,,,807080643.0,12284035.0,30985606.0,49874798.0,104712105.0,9191211.0,,,,,,,,,,,,,,,,,,
JLI,120,7.0,51.0,49.0,NIC Asia Capital Limited,True,False,2021-04-06,,0.0,351.9,0.0,2026-09-03 08:55:43,,,,,,,,,,,,,,,,,,,,,,,,,,,,,,,,,,,,,,,,,,,,,,,,,,,,,,,,,,,,,,,,,,,,,,,,,,,,,,,,,,,,,,,,,,,,,,,,,,,,,,,,,,,,,,,,,,,,,,,,,,,,,,,,,,,,,,,,,,,,,,,,,,,,,,,,,,,,,,,,,,,,,,,,,,,,,,,,,,,,,,,,,,,,,,,,,,,,,,,,,,,,,,,,,,,,,,,,,,,,,,,,,,,,,,
JOSHI,163,5.0,0.0,100.0,Joshi Hydropower Development Company Limited,False,False,2019-01-06,,0.0,258.9,612810000.0,2026-09-03 08:55:43,q4,082/083,-6.54,64.93,-10.07,-9.05,,,442391347.0,,1930029.0,,,,,-40051458.0,,,,,,,,-6.54,-6.54,397893576.0,,,,-31743569.0,26.17,,-39.59,-1.51,,,433187775.0,,,9203572.0,44497771.0,8851532.0,,11430001.0,23278134.0,,,,2021-12-11,3.000,184500000,,,,,,,,,,,,,,,,,,,,,,,,,,,,,,,,,,,,,,,,,,,,,,,,,,,,,,,,,,,,,,,,,,,,,,,,,,,,,,,,,,,,,,,,,,,,,,,,,,,,,,,,,,,,,,,,,,,,,,,,,,,,,,,,,,,,,,,,,,,,,,,,,,,,,,,,,,,,,,,,,,,,,,,,,,,,,,,,,,,
JSLBB,79,9.0,55.0,45.0,Siddhartha Capital Limited,False,False,2015-10-25,,170091900.0,925.0,170091900.0,2026-09-03 08:55:43,q4,082/083,10.7,175.1,6.11,0.76,-885875.0,128620469.0,2404469792.0,2106643299.0,1036102443.0,2096445511.0,151415294.0,23130712.0,42472292.0,18206961.0,-885875.0,17.14,8.32,6.7,12.49,5.31,110.76,-0.52,10.7,297826493.0,,,205.32,14650470.0,24.28,350.52,86.45,3.56,,,,,,,,,,,,,,,,,,,,,,,,,,,,,,,,,,,,,,,,,,,,,,,,,,,,,,,,,,,,,,,,,,,,,,,,,,,,,,,,,,,,,,,,,,,,,,,,,,,,,,,,,,,,,,,,,,,,,,,,,,,,,,,,,,,,,,,,,,,,,,,,,,,,,,,,,,,,,,,,,,,,,,,,,,,,,,,,,,,,,,,,,,,,,,,,,,,,
KAHL,692,5.0,65.0,35.0,Sanima Capital Limited,False,False,2026-07-01,,1400000000.0,484.0,1400000000.0,2026-09-03 08:55:43,q4,082/083,3.75,101.85,3.68,1.22,,,4282993224.0,,500000.0,,,,,52451815.0,,,,,,,,3.75,3.75,1425961773.0,hydropowerreport/kahl_082_083_q4_kalanga_hydro.pdf,,92.7,-13482613.0,-489.03,422.11,129.07,-0.26,25961773.0,2777213726.0,4064028888.0,,,218964336.0,79817726.0,512008318.0,,,1344520.0,219844448.0,,,2029-06-10,15.33,283062120.68,,,,,,,,,,,,,,,,,,,,,,,,,,,,,,,,,,,,,,,,,,,,,,,,,,,,,,,,,,,,,,,,,,,,,2026-06-10,2027-12-10,,,,,,,,,,,,,,,,,,,,,,,,,,,,,,8656669.0,,,,,,,,,,,,,,,,,,,,,,,,,,,,,,,,,,,,,,,,,,,,,,,,,,,,,,,,,,,,,,,,,,,,,,,,,,,,,,,
KBL,11,1.0,51.0,49.0,Kumari Capital Limited,False,False,2017-09-06,,26225861340.0,212.8,26225861340.0,2026-09-03 08:55:44,q4,082/083,28.17,170.8,16.49,1.51,791661684.0,1777548137.0,490334711245.0,445540640084.0,402736207787.0,270922251964.0,12013083599.0,3048864808.0,11235525921.0,7557823607.0,791661681.0,7.46,9.92,3.67,5.08,3.11,77.14,3.02,28.17,44794071161.0,bankreport/kbl_082_083_q4_kumari_bank_j8b5r2m.pdf,13980678771.0,329.02,1819698647.0,315.33,-35.32,7.55,0.02,,,,,,,,,,,,,,,,,,,,,,,,,,,,,,,,,,,,,,,,,,,,,,,,,,,,,,,,,,,,,,,,,,,,,,,,,,,,,,,,,,,,,,,,,,,,,,,,,,,,,,,,,,,,,,,,,,,,,,,,,,,,,,,,,,,,,,,,,,,,,,,,,,,,,,,,,,,,,,,,,,,,,,,,,,,,,,,,,,,,,,,,,,,,,,,,,,,,
KBSH,306,5.0,0.0,100.0,NMB capital Limited,False,False,2023-08-20,,134054250.0,791.0,147459675.0,2026-09-03 08:55:44,q4,082/083,7.46,130.21,5.73,5.27,,,208824290.0,,,,,,,10999525.0,,,,,,,,7.46,7.46,192007050.0,,,147.84,8938711.0,23.05,435.05,106.03,4.6,44547375.0,15300000.0,9938222.0,,,12388677.0,1517240.0,33104642.0,505883.0,7142428.0,10170119.0,1717135.0,246540.0,,2026-07-20,1,248000000,10.0,,,,,,,,,,,,,,,,,,,,,,,,,,,,,,,,,,,,,,,,,,,,,,,,,,,,,,,,,,,,,,,,,,,,2023-07-23,2024-01-23,,,2253844.0,,,,,,,,,,,,,,,,,,,,,,,,,,,,,,,,,,,,,,,,,,,,,,,,,,,,,,,,,,,,,,,,,,,,,,,,,,,,,,,,,,,,,,,,,,,,,,,,,,,,,,,,,,
KDBY,337,,,,,,,,,,,,2026-09-03 08:55:44,,,,,,,,,,,,,,,,,,,,,,,,,,,,,,,,,,,,,,,,,,,,,,,,,,,,,,,,,,,,,,,,,,,,,,,,,,,,,,,,,,,,,,,,,,,,,,,,,,,,,,,,,,,,,,,,,,,,,,,,,,,,,,,,,,,,,,,,,,,,,,,,,,,,,,,,,,,,,,,,,,,,,,,,,,,,,,,,,,,,,,,,,,,,,,,,,,,,,,,,,,,,,,,,,,,,,,,,,,,,,,,,,,,,,,
KDL,266,4.0,,100.0,Nabil Investment  Banking Ltd,False,False,2023-03-22,,600000000.0,730.0,630000000.0,2026-09-03 08:55:44,q4,082/083,9.16,109.21,8.38,7.47,,,771970058.0,,,,,,,57684461.0,,,,,,,,9.16,9.16,688012765.0,hotelsandtourismreport/kdl_082_083_q4_kalinhowk_darsan.pdf,,150.03,28120574.0,105.13,386.58,79.69,0.76,,,,,,,,,,,,,,,2026-01-31,,,,,,,,,,,,,,,,,,,,,,,,,,,,,,,,,,,,,,,,,,,14509295.0,,,5618966.0,,,,,,,,,,,,,,,,,,,,,,,,,,,,,,58012765.0,15377589.0,,482095444.0,,135065.0,,89694947.0,36177440.0,,,,,,,,,,,,,,,,,,,,,,,,,,,,,,,,,,3638504.0,,,,,,,,,,,,,,,,,,,,,,,,,,,,,,,,,,,,,,,,,,,,,,,,,,,,,,,,,,,,,,,
KEF,217,,,,,,,,,,,,2026-09-03 08:55:44,,,,,,,,,,,,,,,,,,,,,,,,,,,,,,,,,,,,,,,,,,,,,,,,,,,,,,,,,,,,,,,,,,,,,,,,,,,,,,,,,,,,,,,,,,,,,,,,,,,,,,,,,,,,,,,,,,,,,,,,,,,,,,,,,,,,,,,,,,,,,,,,,,,,,,,,,,,,,,,,,,,,,,,,,,,,,,,,,,,,,,,,,,,,,,,,,,,,,,,,,,,,,,,,,,,,,,,,,,,,,,,,,,,,,,
KHPL,682,5.0,75.0,25.0,RBB Merchant Banking Limited,False,False,2026-05-22,,550000000.0,738.0,550000000.0,2026-09-03 08:55:44,q4,082/083,1.1,106.31,1.04,0.44,,,1373925178.0,,8499319.0,,,,,6063361.0,,,,,,,,1.1,1.1,584688175.0,,,51.29,,,1338.74,670.91,,34688175.0,645948622.0,2486606.0,1201221698.0,,82258189.0,117505065.0,,16014.0,2900669.0,301435.0,,,,2029-03-15,5,922599060.63,,,,,,,,,,,,,,,,,,,,,,,,,,,,,,,,,,,,,,,,,,,,,,,,,,,,,,,,,,,,,,,,,,,,,2026-04-20,2026-10-20,,,,,,,,,,,,,,,,,,,,,,,,,,,,,,,9249450.0,,,,,,,,,,,,,,,,,,,,,,,,,,,,,,,,,,,,,,,,,,,,,,,,,,,,,,,,,,,,,,,,,,,,,,,,,,,,,,
KKHC,150,5.0,0.0,100.0,Prabhu Capital Limited,False,False,2017-01-11,,885493700.0,266.0,931428600.0,2026-09-03 08:55:44,q4,082/083,-3.01,86.85,-3.46,-1.92,,,1462386002.0,,,,,,,-28013594.0,,,,,,,,-3.01,-3.01,808990245.0,,,,-34990872.0,-19.94,,-88.37,4.43,-122438355.0,602140755.0,958760850.0,,8000.0,503617153.0,51255003.0,101374218.0,,31596065.0,44497558.0,,,,2020-01-11,2.000,,,,,,,,,,,,,,,,,,,,,,,,,,,,,,,,,,,,,,,,,,,,,,,,,,,,,,,,,,,,,,,,,,,,,,,,,,,,,,,,,,,,,,,,,,,,,,,,,,,,,,,,,,,,,,,,,,,,,,,,,,,,,,,,,,,,,,,,,,,,,,,,,,,,,,,,,,,,,,,,,,,,,,,,,,,,,,,,,,,,
KLBS,255,9.0,67.0,33.0,Nabil Investment Banking Limited,True,False,2022-11-14,,0.0,836.0,40000000.0,2026-09-03 08:55:44,q3,079/080,,,,,,,39613730.0,13391650.0,20243870.0,370566550.0,3922920.0,,-9405520.0,-8936840.0,,5.94,8.38,15.73,,,1830.51,,,,,,,,,,,,-7518410.0,,,,,,,,,,,,,,,,,,,,,,,,,,,,,,,,,,,,,,,,,,,,,,,,,,,,,,,,,,,,,,,,,,,,,,,,,,,,,,,,,,,,,,,,,,,,,,,,,,,,,,,,,,,,,,,,,,,,,,,,,,,,,,,,,,,,,,,,,,,,,,,,,,,,,,,,,,,,,,,,,,,,,,,,,,,,,,,,,,,,,,,,,,,,,,,,,,,
KLBSL,78,9.0,60.0,40.0,Kisan Laghubitta Bittiya Sanstha Limited,False,False,,,5043664.67,1070.0,504366467.0,2026-09-03 08:55:44,q3,080/081,6.01,132.26,5.19,0.51,32301137.0,130425264.0,7383384820.0,6716291951.0,1315724893.0,6808108368.0,161151670.0,-6321357.0,33658728.0,22734263.0,9150632.0,6.47,9.43,11.2,15.44,3.8,510.81,1.81,,,,,133.73,6466104.0,251.59,700.09,178.04,0.71,,,,,,,,,,,,,,,,,,,,,,,,,,,,,,,,,,,,,,,,,,,,,,,,,,,,,,,,,,,,,,,,,,,,,,,,,,,,,,,,,,,,,,,,,,,,,,,,,,,,,,,,,,,,,,,,,,,,,,,,,,,,,,,,,,,,,,,,,,,,,,,,,,,,,,,,,,,,,,,,,,,,,,,,,,,,,,,,,,,,,,,,,,,,,,,,,,,,
KMCDB,72,9.0,65.0,35.0,NMB Capital Limited,False,False,2014-01-27,,407692305.0,763.0,448461535.0,2026-09-03 08:55:45,q4,082/083,27.4,178.73,15.33,2.12,100775485.0,252305645.0,5785271892.0,4983729227.0,2036909234.0,5340691974.0,470918777.0,7879666.0,181803508.0,122883804.0,88239120.0,9.78,11.67,6.01,12.4,8.66,114.65,19.68,27.4,801542665.0,microfinancereport/kmcdb_082_083_q4_kalika_laghubitta.pdf,,331.94,30371711.0,304.6,129.86,27.85,0.09,,,,,,,,,,,,,,,,,,,,,,,,,,,,,,,,,,,,,,,,,,,,,,,,,,,,,,,,,,,,,,,,,,,,,,,,,,,,,,,,,,,,,,,,,,,,,,,,,,,,,,,,,,,,,,,,,,,,,,,,,,,,,,,,,,,,,,,,,,,,,,,,,,,,,,,,,,,,,,,,,,,,,,,,,,,,,,,,,,,,,,,,,,,,,,,,,,,,
KMFL,703,9.0,,,,False,True,,,,669.62,,2026-09-03 08:55:45,,,,,,,,,,,,,,,,,,,,,,,,,,,,,,,,,,,,,,,,,,,,,,,,,,,,,,,,,,,,,,,,,,,,,,,,,,,,,,,,,,,,,,,,,,,,,,,,,,,,,,,,,,,,,,,,,,,,,,,,,,,,,,,,,,,,,,,,,,,,,,,,,,,,,,,,,,,,,,,,,,,,,,,,,,,,,,,,,,,,,,,,,,,,,,,,,,,,,,,,,,,,,,,,,,,,,,,,,,,,,,,,,,,,,,
KPCL,161,5.0,,100.0,Global IME Capital Limited,False,False,2018-10-11,,933949500.0,447.0,933949500.0,2026-09-03 08:55:45,q4,082/083,11.24,125.18,8.98,8.0,,,1311554698.0,,128860141.0,,,,,104989944.0,,,,,,,,11.24,11.24,1169116850.71,hydropowerreport/kpcl_082_083_q4_kalika_power.pdf,,177.93,94182237.0,11.48,151.23,39.77,3.47,235167351.0,115000000.0,970938772.0,,35220000.0,305395926.0,27437847.5,198583701.0,665670.0,9824590.0,53746358.0,3520301.0,2103127.0,166417.0,2021-10-11,6,231000000,,,,,,,,,,,,,,,,,,,,,,,,,,,,,,,,,,,,,,,,,,,,,,,,,,,,,,,,,,,,,,,,,,,,,,,,,,,,,,,,,,,,,,,,,,,,,,,,,,,,,,,,,,,,,,,,,,,,,,,,,,,,,,,,,,,,,,,,,,,,,,,,,,,,,,,,,,,,,,,,,,,,,,,,,,,,,,,,,,,
KRBL,35,2.0,51.0,49.0,Prabhu Capital Limited,False,False,2011-02-01,,5028300.0,810.0,502830000.0,2026-09-03 08:55:45,q1,081/082,-3.95,97.5,,,-203429366.0,190835859.0,5746541631.0,5256305138.0,5211802565.0,3815597354.0,991374.0,8583806.0,-19829007.0,-19829007.0,-203429366.5,7.27,10.05,6.56,9.53,4.58,59.81,,-3.94,,,,,40861043.0,-148.53,,-205.06,1.38,,,,,,,,,,,,,,,,,,,,,,,,,,,,,,,,,,,,,,,,,,,,,,,,,,,,,,,,,,,,,,,,,,,,,,,,,,,,,,,,,,,,,,,,,,,,,,,,,,,,,,,,,,,,,,,,,,,,,,,,,,,,,,,,,,,,,,,,,,,,,,,,,,,,,,,,,,,,,,,,,,,,,,,,,,,,,,,,,,,,,,,,,,,,,,,,,,,,
KSBBL,37,2.0,51.0,49.0,BOK Capital Market Limited,False,False,2017-09-12,,3861930815.0,480.0,4211930815.0,2026-09-03 08:55:45,q4,082/083,22.75,171.01,13.87,1.22,601110032.0,2141310416.0,75636414333.0,68682063070.0,66177524639.0,54210170989.0,2410802814.0,348440054.0,1382500559.0,894178126.0,601110032.0,3.77,14.16,3.69,5.53,3.98,86.34,15.16,22.75,6954351263.0,devbankreport/ksbbl_082_083_q4_kamana sewa q4.pdf,1584461749.0,295.86,669751323.0,33.51,62.24,21.1,0.63,,,,,,,,,,,,,,,,,,,,,,,,,,,,,,,,,,,,,,,,,,,,,,,,,,,,,,,,,,,,,,,,,,,,,,,,,,,,,,,,,,,,,,,,,,,,,,,,,,,,,,,,,,,,,,,,,,,,,,,,,,,,,,,,,,,,,,,,,,,,,,,,,,,,,,,,,,,,,,,,,,,,,,,,,,,,,,,,,,,,,,,,,,,,,,,,,,,,
KSLY,347,,,,,,,,,,,,2026-09-03 08:55:45,,,,,,,,,,,,,,,,,,,,,,,,,,,,,,,,,,,,,,,,,,,,,,,,,,,,,,,,,,,,,,,,,,,,,,,,,,,,,,,,,,,,,,,,,,,,,,,,,,,,,,,,,,,,,,,,,,,,,,,,,,,,,,,,,,,,,,,,,,,,,,,,,,,,,,,,,,,,,,,,,,,,,,,,,,,,,,,,,,,,,,,,,,,,,,,,,,,,,,,,,,,,,,,,,,,,,,,,,,,,,,,,,,,,,,
KSY,348,,,,,,,,,,,,2026-09-03 08:55:45,,,,,,,,,,,,,,,,,,,,,,,,,,,,,,,,,,,,,,,,,,,,,,,,,,,,,,,,,,,,,,,,,,,,,,,,,,,,,,,,,,,,,,,,,,,,,,,,,,,,,,,,,,,,,,,,,,,,,,,,,,,,,,,,,,,,,,,,,,,,,,,,,,,,,,,,,,,,,,,,,,,,,,,,,,,,,,,,,,,,,,,,,,,,,,,,,,,,,,,,,,,,,,,,,,,,,,,,,,,,,,,,,,,,,,
LBBL,30,2.0,51.0,49.0,Muktinath Capital Limited,False,False,2017-07-25,,3623678160.0,477.8,3623678162.0,2026-09-03 08:55:45,q4,082/083,23.48,213.73,10.99,1.25,615580562.0,3505498984.0,67937610513.0,60192852804.0,57443387619.0,47056203357.0,1997221861.0,184296632.0,1217812834.0,851015562.0,615580562.0,6.94,14.96,3.95,5.48,3.76,86.63,16.99,23.48,7744757708.0,devbankreport/lbbl_082_083_q4_lumbini_bikash_bank.pdf,982999666.0,336.03,241106426.0,252.96,42.19,20.35,0.08,,,,,,,,,,,,,,,,,,,,,,,,,,,,,,,,,,,,,,,,,,,,,,,,,,,,,,,,,,,,,,,,,,,,,,,,,,,,,,,,,,,,,,,,,,,,,,,,,,,,,,,,,,,,,,,,,,,,,,,,,,,,,,,,,,,,,,,,,,,,,,,,,,,,,,,,,,,,,,,,,,,,,,,,,,,,,,,,,,,,,,,,,,,,,,,,,,,,
LBL,10,1.0,51.0,49.0,Laxmi Capital Market Limited,False,False,2017-03-28,,0.0,173.0,11551345000.0,2026-09-03 08:55:45,q3,079/080,14.61,156.35,9.34,0.95,1335875000.0,5173134000.0,181323924.0,163263571000.0,150135389000.0,131465144000.0,4193247000.0,675050000.0,1996514000.0,1265345000.0,,1.82,13.14,8.51,11.09,4.19,85.36,,,,,,226.71,858967000.0,47.31,-23.69,11.84,0.25,,,,,,,,,,,,,,,,,,,,,,,,,,,,,,,,,,,,,,,,,,,,,,,,,,,,,,,,,,,,,,,,,,,,,,,,,,,,,,,,,,,,,,,,,,,,,,,,,,,,,,,,,,,,,,,,,,,,,,,,,,,,,,,,,,,,,,,,,,,,,,,,,,,,,,,,,,,,,,,,,,,,,,,,,,,,,,,,,,,,,,,,,,,,,,,,,,,,
LEC,174,5.0,,100.0,Prabhu Capital Limited,False,False,2020-09-18,,2250000000.0,210.2,2250000000.0,2026-09-03 08:55:45,q4,082/083,1.12,70.39,1.59,0.42,,,5958946967.84,,61651945.84,,,,,25240645.01,,,,,,,,1.12,1.12,1583874196.9,,,42.12,-41342330.67,-161.05,399.09,187.68,-1.17,-739869921.45,4363508413.0,51617768.22,,170409000.0,244992190.21,11564357.94,174518232.5,36601.44,5179164.57,56821207.64,67969973.79,,,2023-09-18,25.000,185500000,,,,,,,,,,,,,,,,,,,,,,,,,,,,,,,,,,,,,,,,,,,,,,,,,,,,,,,,,,,,,,,,,,,,,,,,,,,,,,,,,,,,,,,,,,,,,,,,,,,,,,,,,,,,,,,,,,,,,,,,,,,,,,,,,,,,,,,,,,,,,,,,,,,,,,,,,,,,,,,,,,,,,,,,,,,,,,,,,,,
LGIL,134,10.0,51.0,49.0,NIBL Ace Capital Limited,True,True,2001-01-08,,0.0,509.9,0.0,2026-09-03 08:55:45,,,,,,,,,,,,,,,,,,,,,,,,,,,,,,,,,,,,,,,,,,,,,,,,,,,,,,,,,,,,,,,,,,,,,,,,,,,,,,,,,,,,,,,,,,,,,,,,,,,,,,,,,,,,,,,,,,,,,,,,,,,,,,,,,,,,,,,,,,,,,,,,,,,,,,,,,,,,,,,,,,,,,,,,,,,,,,,,,,,,,,,,,,,,,,,,,,,,,,,,,,,,,,,,,,,,,,,,,,,,,,,,,,,,,,
LICN,113,7.0,70.0,30.0,Nepal SBI Merchant Banking Limited,False,False,2003-03-21,,5500000000.0,759.8,5500000000.0,2026-09-03 08:55:45,q4,082/083,7.38,177.87,4.15,0.25,,,159304850574.0,149522100485.0,,,,,,405777012.0,,,,,,,,7.38,7.38,9782750090.0,lifeinsurancenewreport/licn_082_083_q4_life_insurance.pdf,,171.86,315893980.0,28.45,342.11,102.95,3.62,,,,,131497132789.0,,,,,,,,,,,,,,,,349287391.0,,,20155287947.0,,68513368.0,4742595.0,6170736.0,3635045379.0,3535067128.0,498012562.0,773554528.0,2656118649.0,355064351.0,172009394.0,148178748844.0,,458057248.0,697872188.0,159304850574.0,21248884587.0,21145419652.0,10457190.0,272984728.0,2302095089.0,9738848825.0,,10457190.0,33469910210.0,13063654515.0,-47196877.0,14843731148.0,27860188785.0,1525758476.0,158590647.0,,470202665.0,53575227.0,4843577.0,597736722.0,16669457.0,30687565556.0,2782344653.0,2782344653.0,2376567642.0,405777012.0,-330505626.29,75271385.56,99.51,1.91,13.34,7.18,107.05,177.87,708057.0,3537315368.0,1063591631.0,17711569219.0,30270.0,12376.0,41-65,41-65,79836029654.0,51661103135.0,2896.45,,,,,,,,,,,,,,,,,,,,,,,,,,,,,,,,,,,,,,,,,,,,,,,,53603240.0,15412812.0,,,,,,,,,,,,,,,,,,,,,,,,,,,,,,,,,,,,,,,,,,,,,,,,,,,,,,,,,,,,,,
LLBS,74,9.0,70.0,30.0,Laxmi Capital Market Limited,False,False,2014-10-08,,441662100.0,858.0,441662100.0,2026-09-03 08:55:46,q4,082/083,24.2,204.16,11.85,1.45,89037440.0,371001381.0,7366455076.0,6464754155.0,2856829876.0,6079367619.0,506568853.0,56544887.0,152404108.0,106886757.0,89037440.0,11.93,10.39,6.41,13.99,9.54,194.11,20.16,24.2,901700921.0,microfinancereport/llbs_082_083_q4_laxmi_laghubitta.pdf,,333.41,47212074.0,126.4,157.34,35.45,0.28,,,,,,,,,,,,,,,,,,,,,,,,,,,,,,,,,,,,,,,,,,,,,,,,,,,,,,,,,,,,,,,,,,,,,,,,,,,,,,,,,,,,,,,,,,,,,,,,,,,,,,,,,,,,,,,,,,,,,,,,,,,,,,,,,,,,,,,,,,,,,,,,,,,,,,,,,,,,,,,,,,,,,,,,,,,,,,,,,,,,,,,,,,,,,,,,,,,,
LSH12,700,,,,,,,,,,,,2026-09-03 08:55:46,,,,,,,,,,,,,,,,,,,,,,,,,,,,,,,,,,,,,,,,,,,,,,,,,,,,,,,,,,,,,,,,,,,,,,,,,,,,,,,,,,,,,,,,,,,,,,,,,,,,,,,,,,,,,,,,,,,,,,,,,,,,,,,,,,,,,,,,,,,,,,,,,,,,,,,,,,,,,,,,,,,,,,,,,,,,,,,,,,,,,,,,,,,,,,,,,,,,,,,,,,,,,,,,,,,,,,,,,,,,,,,,,,,,,,
LSL,311,1.0,51.05,48.95,Laxmi Sunrise Bank Limited,False,False,2017-03-28,,24346512000.0,221.0,26781163000.0,2026-09-03 08:55:46,q4,082/083,11.64,177.02,6.72,0.65,1818947000.0,18808068000.0,511809446000.0,464401268000.0,424379669000.0,306536580000.0,11588515000.0,2459688000.0,4708602000.0,3117131000.0,1818947000.0,5.23,9.9,3.28,5.05,3.22,74.77,6.79,11.64,47408178000.0,bankreport/lsl_082_083_q4_laxmi_sunrise.pdf,9363602000.0,215.32,4062045000.0,-23.26,2.64,18.99,-0.82,,,,,,,,,,,,,,,,,,,,,,,,,,,,,,,,,,,,,,,,,,,,,,,,,,,,,,,,,,,,,,,,,,,,,,,,,,,,,,,,,,,,,,,,,,,,,,,,,,,,,,,,,,,,,,,,,,,,,,,,,,,,,,,,,,,,,,,,,,,,,,,,,,,,,,,,,,,,,,,,,,,,,,,,,,,,,,,,,,,,,,,,,,,,,,,,,,,,
LUK,219,,,,,,,,,,,,2026-09-03 08:55:46,,,,,,,,,,,,,,,,,,,,,,,,,,,,,,,,,,,,,,,,,,,,,,,,,,,,,,,,,,,,,,,,,,,,,,,,,,,,,,,,,,,,,,,,,,,,,,,,,,,,,,,,,,,,,,,,,,,,,,,,,,,,,,,,,,,,,,,,,,,,,,,,,,,,,,,,,,,,,,,,,,,,,,,,,,,,,,,,,,,,,,,,,,,,,,,,,,,,,,,,,,,,,,,,,,,,,,,,,,,,,,,,,,,,,,
MABEL,656,5.0,51.0,49.0,,False,False,2025-08-15,,385824000.0,557.0,385824000.0,2026-09-03 08:55:46,q4,082/083,-1.16,102.22,-1.14,-0.36,,,1249742381.0,,10689091.0,,,,,-4485166.0,,,,,,,,-1.16,-1.16,394396687.0,hydropowerreport/mabel_082_083_q4_mabilung_energy.pdf,,,,,,-480.17,,8572687.0,794651430.0,5736394.0,,,78576429.0,60694263.0,84493964.0,10000.0,-5368002.0,,-42232283.0,,,2028-08-15,,,,,,,,,,,,,,,,,,,,,,,,,,,,,,,,,,,,,,,,,,,,,,,,,,,,,,,,,,,,,,,,,,,,,,,2025-08-24,2026-02-24,,,,,,,,,,,,,,,,,,,,,,,,,,,,,,,806680.0,,,,,,,,,,,,,,,,,,,,,,,,,,,,,,,,,,,,,,,,,,,,,,,,,,,,,,,,,,,,,,,,,,,,,,,,,,,,,,
MAKAR,274,5.0,,100.0,Prabhu Capital Limited,False,False,2023-05-04,,760000000.0,404.1,760000000.0,2026-09-03 08:55:46,q4,082/083,10.3,114.62,8.98,2.93,,,2671316092.0,,29088894.0,,,,,78243927.0,,,,,,,,10.3,10.3,871100841.0,hydropowerreport/makar_082_083_q4_4th-quater-financial-report-fy-2082-83-makar.pdf,,162.98,49492461.0,58.09,147.94,39.23,0.68,111100841.0,1780473983.0,1450695.0,,,126910630.0,6812148.0,392099565.0,925350.0,17179056.0,100662301.0,150085764.0,1564878.55,,2026-04-11,7,188700000,10.0,,,,,,,,,,,,,,,,,,,,,,,,,,,,,,,,,,,,,,,,,,,,,,,,,,,,,,,,,,,,,,,,,,,,,,,,,,,,,,,,,,,,,,,,,,,,,,,,,,,,,,,,,,,,,,,,,,,,,,,,,,,,,,,,,,,,,,,,,,,,,,,,,,,,,,,,,,,,,,,,,,,,,,,,,,,,,,,,,,
MANDU,360,5.0,88.0,10.0,NIMB Ace Capital Limited,False,False,2023-10-10,,1363637000.0,666.0,1363637000.0,2026-09-03 08:55:46,q4,082/083,23.36,162.88,14.34,6.08,,,5237811912.0,,,,,,,318551200.0,,,,,,,,23.36,23.36,2221108321.0,hydropowerreport/mandu_082_083_q4_mandu_hydro.pdf,,292.59,61879656.0,414.79,127.62,28.51,0.07,686873256.0,2400504165.0,650156.0,,400000000.0,194225445.0,616199425.0,794934701.0,5861.0,14912255.0,168083081.0,194129685.0,6566712.0,,2026-09-08,22,182700000,2.0,,,,,,,,,,,,,,,,,,,,,,,,,,,,,,,,,,,,,,,,,,,,,,,,,,,,,,,,,,,,,,,,,,,,2023-09-10,2024-03-10,,,61428462.0,,,,,,,,,,,,,,,,,,,,,,,,,,,,,,,,,,,,,,,,,,,,,,,,,,,,,,,,,,,,,,,,,,,,,,,,,,,,,,,,,,,,,,,,,,,,,,,,,,,,,,,,,,
MATRI,635,9.0,70.0,30.0,,False,False,2015-10-25,,628357340.0,715.0,628357337.0,2026-09-03 08:55:46,q4,082/083,45.13,145.42,31.03,2.32,-397376192.0,682795404.0,12199645382.0,11285868833.0,4772765366.0,11027902603.0,754473525.0,151314796.0,405099274.0,283569492.0,-397376192.0,26.61,6.09,6.61,12.23,7.95,114.29,,45.13,913776549.0,microfinancereport/matri_082_083_q4_matrivumi_laghubitta.pdf,,384.27,-57948682.0,-589.35,86.07,15.84,-0.03,,,,,,,,,,,,,,,,,,,,,,,,,,,,,,,,,,,,,,,,,,,,,,,,,,,,,,,,,,,,,,,,,,,,,,,,,,,,,,,,,,,,,,,,,,,,,,,,,,,,,,,,,,,,,,,,,,,,,,,,,,,,,,,,,,,,,,,,,,,,,,,,,,,,,,,,,,,,,,,,,,,,,,,,,,,,,,,,,,,,,,,,,,,,,,,,,,,,
MBJC,204,5.0,,100.0,Global IME Capital Limited,False,False,2021-12-24,,6000000000.0,266.3,6000000000.0,2026-09-03 08:55:46,q4,082/083,2.83,96.25,2.94,0.76,,,22221943760.0,,11100870.0,,,,,169583870.0,,,,,,,,2.83,2.83,5774741870.0,hydropowerreport/mbjc_082_083_q4_madhya_bhitekoshi.pdf,,78.29,-41080000.0,-512.81,240.16,94.1,-0.18,-225258130.0,14729602670.0,21567367340.0,,,654576410.0,1717599220.0,2144669860.0,485870.0,-29238180.0,-755842140.0,951595740.0,,,2024-10-27,102,166400000,,,,,,,,,,,,,,,,,,,,,,,,,,,,,,,,,,,,,,,,,,,,,,,,,,,,,,,,,,,,,,,,,,,,,,,-53093400.0,,,,,,,,,,,,,,,,,,,,,,,,,,,,,,,,,,,,,,,,,,,,,,,,,,,,,,,,,,,,,,,,,,,,,,,,,,,,,,,,,,,,,,,,,,,,,,,,,,,,,,,,,,,,
MBL,9,1.0,51.0,49.0,Machhapuchchhre Bank Limited,False,False,2003-05-28,,12086211560.0,244.8,15086211564.0,2026-09-03 08:55:46,q4,082/083,17.49,169.9,10.36,0.89,981961034.0,7436819850.0,256391750852.0,232855876639.0,220498454804.0,163991227936.0,6074927543.0,1585709468.0,3164729204.0,2114120759.0,981961034.0,3.98,10.04,3.27,5.04,3.48,78.45,7.51,17.49,23535874213.0,bankreport/mbl_082_083_q4_machhapuchre_bank.pdf,6902818049.0,258.57,1883643488.0,12.24,-5.33,14.0,1.14,,,,,,,,,,,,,,,,,,,,,,,,,,,,,,,30881765.0,,,,,,,,,,,,,,,,,,,,,,,,,,,,,,,,,,,,,,,,,,,,,,,,,,,,,,,,,,,,,,,,,,,,,,,,,,,,,,,,,,,,,,,,,,,,,,,,,,,,,,,,,,,,,,,,,,,,,,,,,,,,,,,,,,,,,,,,,,,,,,,,,,,,,,,,,,,,,,,,,,,,,
MBLEF,646,,,,,,,,,,,,2026-09-03 08:55:46,,,,,,,,,,,,,,,,,,,,,,,,,,,,,,,,,,,,,,,,,,,,,,,,,,,,,,,,,,,,,,,,,,,,,,,,,,,,,,,,,,,,,,,,,,,,,,,,,,,,,,,,,,,,,,,,,,,,,,,,,,,,,,,,,,,,,,,,,,,,,,,,,,,,,,,,,,,,,,,,,,,,,,,,,,,,,,,,,,,,,,,,,,,,,,,,,,,,,,,,,,,,,,,,,,,,,,,,,,,,,,,,,,,,,,
MCHL,290,5.0,,100.0,NIC Asia Capital Limited,False,False,2023-06-15,,5425833.0,254.2,542583300.0,2026-09-03 08:55:47,q4,082/083,-1.03,-25.6,4.03,-0.42,,,1331662840.0,,1737037.0,,,,,-5592561.0,,,,,,,,-1.03,-1.03,-138884781.0,,,,-21643270.0,-74.16,,-246.8,3.33,-681468081.0,1171196122.0,1217711874.0,,,113950967.0,299351499.0,133051093.0,,18550189.0,50312052.0,66893883.0,,,2026-04-25,4.72,279400000,,,,,,,,,,,,,,,,,,,,,,,,,,,,,,,,,,,,,,,,,,,,,,,,,,,,,,,,,,,,,,,,,,,,,,,,,,,,,,,,,,,,,,,,,,,,,,,,,,,,,,,,,,,,,,,,,,,,,,,,,,,,,,,,,,,,,,,,,,,,,,,,,,,,,,,,,,,,,,,,,,,,,,,,,,,,,,,,,,,
MDB,31,2.0,51.0,49.0,Prabhu Capital Limited,False,False,2010-03-14,,1217100000.0,553.5,1217100000.0,2026-09-03 08:55:47,q4,082/083,11.6,143.2,8.15,1.48,154886771.0,370841848.0,10725647487.0,8982818868.0,8853772109.0,6692697799.0,307429518.0,37236712.0,201741268.0,141215829.0,154886771.0,0.26,25.75,4.22,5.98,4.37,81.39,12.73,11.6,1742828619.0,devbankreport/mdb_082_083_q4_mdb.pdf,516159262.0,193.33,129577587.0,8.98,186.3,47.72,5.31,,,,,,,,,,,,,,,,,,,,,,,,,,,,,,,,,,,,,,,,,,,,,,,,,,,,,,,,,,,,,,,,,,,,,,,,,,,,,,,,,,,,,,,,,,,,,,,,,,,,,,,,,,,,,,,,,,,,,,,,,,,,,,,,,,,,,,,,,,,,,,,,,,,,,,,,,,,,,,,,,,,,,,,,,,,,,,,,,,,,,,,,,,,,,,,,,,,,
MEGA,24,1.0,51.0,49.0,Mega Capital Markets Limited,True,False,2018-05-28,,0.0,219.0,16120461453.0,2026-09-03 08:55:47,q1,079/080,12.63,141.88,8.9,0.93,1958168621.0,4618302647.0,218402337780.0,195530202590.0,155163053950.0,150833156930.0,1799547500.0,115638320.0,705988120.0,509169278.0,1582688549.0,1.62,12.04,8.27,10.84,4.05,88.41,,,,,,200.8,914686689.0,-44.33,9.07,17.34,-0.39,,,,,,,,,,,,,,,,,,,,,,,,,,,,,,,207849581.0,,,,,,,,,,,,,,,,,,,,,,,,,,,,,,,,,,,,,,,,,,,,,,,,,,,,,,,,,,,,,,,,,,,,,,,,,,,,,,,,,,,,,,,,,,,,,,,,,,,,,,,,,,,,,,,,,,,,,,,,,,,,,,,,,,,,,,,,,,,,,,,,,,,,,,,,,,,,,,,,,,,,,
MEHL,351,5.0,65.0,25.0,,False,False,2023-09-24,,800000000.0,230.0,800000000.0,2026-09-03 08:55:47,q4,082/083,1.73,64.67,2.68,1.14,,,1274413333.0,,987382.0,,,,,13876185.0,,,,,,,,1.73,1.73,517326741.0,hydropowerreport/mehl_082_083_q4_manakamana_engi.pdf,,50.17,-32125142.0,-143.19,358.42,132.95,-0.93,-282673259.0,720362400.0,620801.0,,,56864494.0,36724193.0,145562109.0,,-5617978.0,-50884961.0,-48850318.0,,,2026-08-18,5,278700000,10.0,,,,,,,,,,,,,,,,,,,,,,,,,,,,,,,,,,,,,,,,,,,,,,,,,,,,,,,,,,,,,,,,,,,,2023-08-20,2024-02-20,,,,,,,,,,,,,,,,,,,,,,,,,,,,,,,,,,,,,,,,,,,,,,,,,,,,,,,,,,,,,,,,,,,,,,,,,,,,,,,,,,,,,,,,,,,,,,,,,,,,,,,,,,,,,
MEL,295,5.0,,100.0,NMB capital Limited,False,False,2023-07-04,,2900000000.0,197.6,2900000000.0,2026-09-03 08:55:47,q4,082/083,-2.77,58.19,-4.04,-1.52,,,5299517000.0,,,,,,,-80300000.0,,,,,,,,-2.77,-2.77,1987416000.0,,,,-97403000.0,-17.56,,-71.34,4.06,-1212584000.0,3057422000.0,7070000.0,,,194918000.0,554679000.0,469204000.0,,-2697000.0,-269582000.0,-217028000.0,,,2026-05-13,20.000,310300000,10.0,,,,,,,,,,,,,,,,,,,,,,,,,,,,,,,,,,,,,,,,,,,,,,,,,,,,,,,,,,,,,,,,,,,,,,,-60196000.0,-60196000.0,,,,,,,,,,,,,,,,,,,,,,,,,,,,,,,,,,,,,,,,,,,,,,,,,,,,,,,,,,,,,,,,,,,,,,,,,,,,,,,,,,,,,,,,,,,,,,,,,,,,,,,,,,
MEN,176,5.0,,100.0,NIBL Ace Capital Limited,False,False,2020-12-15,,2602715708.0,621.8,3123258850.0,2026-09-03 08:55:47,q4,082/083,25.52,150.78,16.93,10.49,,,7596377438.0,,292618437.0,,,,,797043756.0,,,,,,,,25.52,25.52,4709200021.0,hydropowerreport/men_082_083_q4_mountain_energy_upzmtpx.pdf,,294.24,527633110.0,51.06,111.32,24.37,0.48,1585941171.0,2236799217.0,22315600.0,78836986.0,469348400.0,1750872740.0,597900271.0,1533543692.0,,-42218599.0,-7206711.0,201951153.0,,,2023-12-02,42.000,139700000,,,,,,,,,,,,,,,,,,,,,,,,,,,,,,,,,,,,,,,,,,,,,,,,,,,,,,,,,,,,,,,,,,,,,,,,,,,,,,,,,,,,,,,,,,,,,,,,,,,,,,,,,,,,,,,,,,,,,,,,,,,,,,,,,,,,,,,,,,,,,,,,,,,,,,,,,,,,,,,,,,,,,,,,,,,,,,,,,,,
MEPDL,696,5.0,,,NIMB Ace Capital Limited,False,False,2026-08-11,,860000000.0,620.0,860000000.0,2026-09-03 08:55:47,q4,082/083,10.09,111.38,9.06,3.81,,,2277952200.0,,2304800.0,,,,,86778359.96,,,,,,,,10.09,10.09,957878823.0,hydropowerreport/mepdl_082_083_q4_mount_everest_power.pdf,,159.02,,,289.9,61.45,,97878823.0,1291283500.0,4743302.0,,,47524827.0,28789877.0,,82500.0,,80601974.12,118660650.2,,,,,,10.0,,,,,,,,,,,,,,,,,,,,,,,,,,,,,,,,,,,,,,,,,,,,,,,,,,,,,,,,,,,,,,,,,,,,,2027-02-11,,,,,,,,,,,,,,,,,,,,,,,,,,,,,,4760333.0,336953722.04,,,,,,,,,,,,,,,,,,,,,,,,,,,,,,,,,,,,,,,,,,,,,,,,,,,,,,,,,,,,,,,,,,,,,,,,,,,,,,
MERO,82,9.0,51.0,49.0,Global IME Capital Limited,False,False,2016-07-05,,1419000000.0,609.8,1486402500.0,2026-09-03 08:55:47,q4,082/083,8.47,149.87,5.65,0.61,115225586.0,625997487.0,20713571832.0,18485946259.0,4639398927.0,15328357410.0,1204431743.0,152954680.0,205252834.0,125871608.0,115225586.0,17.32,10.35,6.0,11.77,8.37,87.82,7.75,8.47,2227625573.0,microfinancereport/mero_082_083_q4_meromicrofinance.pdf,,169.0,85530573.0,47.17,260.83,72.0,1.53,,,,,,,,,,,,,,,,,,,,,,,,,,,,,,,,,,,,,,,,,,,,,,,,,,,,,,,,,,,,,,,,,,,,,,,,,,,,,,,,,,,,,,,,,,,,,,,,,,,,,,,,,,,,,,,,,,,,,,,,,,,,,,,,,,,,,,,,,,,,,,,,,,,,,,,,,,,,,,,,,,,,,,,,,,,,,,,,,,,,,,,,,,,,,,,,,,,,
MFIL,58,3.0,51.0,49.0,NIBL Ace Capital Limited,False,False,2012-10-30,,1351552850.0,719.0,1351552849.0,2026-09-03 08:55:48,q4,082/083,27.85,193.63,14.38,1.33,420749266.0,844681965.0,28384631200.0,25767647120.0,23257187757.0,20029321513.0,924547607.0,126342244.0,542855023.0,376384661.0,420749265.0,3.43,12.79,4.42,5.82,4.39,82.99,31.13,27.85,2616984080.0,financereport/mfil_082_083_q4_manjushree.pdf,,348.33,312727730.0,20.36,106.41,25.82,1.27,,,,,,,,,,,,,,,,,,,,,,,,,,,,,,,,,,,,,,,,,,,,,,,,,,,,,,,,,,,,,,,,,,,,,,,,,,,,,,,,,,,,,,,,,,,,,,,,,,,,,,,,,,,,,,,,,,,,,,,,,,,,,,,,,,,,,,,,,,,,,,,,,,,,,,,,,,,,,,,,,,,,,,,,,,,,,,,,,,,,,,,,,,,,,,,,,,,,
MHCL,283,5.0,,100.0,Sunrise Capital Limited,False,False,2023-04-12,,802500000.0,284.0,802500000.0,2026-09-03 08:55:48,q4,082/083,7.19,87.28,8.24,5.07,,,1137402637.0,,6267922.0,,,,,57710061.0,,,,,,,,7.19,7.19,700411904.0,,,118.83,27324418.0,111.2,139.0,39.5,0.36,-102088096.0,355390037.0,3996400.0,,,94817637.0,81600696.0,176528306.0,6193584.0,5548841.0,1090667.0,38599695.0,,,2026-03-02,7,208000000,10.0,,,,,,,,,,,,,,,,,,,,,,,,,,,,,,,,,,,,,,,,,,,,,,,,,,,,,,,,,,,,,,,,,,,,,,,,,,,,,,,,,,,,,,,,,,,,,,,,,,,,,,,,,,,,,,,,,,,,,,,,,,,,,,,,,,,,,,,,,,,,,,,,,,,,,,,,,,,,,,,,,,,,,,,,,,,,,,,,,,
MHL,252,5.0,,100.0,BOK Capital Market Limited,False,False,2022-08-16,,646767000.0,443.3,646767085.0,2026-09-03 08:55:48,q4,082/083,8.76,116.0,7.56,4.93,,,1150075964.0,,,,,,,56658884.0,,,,,,,,8.76,8.76,749261883.0,hydropowerreport/mhl_082_083_q4_mandakini_hydro.pdf,,151.21,42624543.0,32.93,193.17,50.61,1.54,,368804481.0,9473042.0,,29000000.0,92334877.0,28467451.0,121708655.0,,4315767.0,1720383.0,20304255.0,1553444.0,,2025-08-01,4.000,207700000,,,,,,,,,,,,,,,,,,,,,,,,,,,,,,,,,,,,,,,,,,,,,,,,,,,,,,,,,,,,,,,,,,,,,,,2832951.0,10105004.0,,,,,,,,,,,,,,,,,,,,,,,,,,,,,,,,,,,,,,,,,,,,,,,,,,,,,,,,,,,,,,,,,,,,,,,,,,,,,,,,,,,,,,,,,,,,,,,,,,,,,,,,,,,
MHNL,167,5.0,0.0,100.0,Muktinath Capital Limited,False,False,2019-04-11,,1250000000.0,236.9,1250000000.0,2026-09-03 08:55:48,q4,082/083,12.78,70.11,18.22,4.04,,,3952949617.0,,1440392.0,,,,,159720237.0,,,,,,,,12.78,12.78,876381738.0,hydropowerreport/mhnl_082_083_q4_mountain_hydro.pdf,,141.99,-416064539.0,-138.39,66.85,18.54,-0.13,-373618262.0,2480992207.0,11157015.0,,,155545930.0,595575672.0,454569935.0,102886062.0,16911576.0,1699385.0,195502398.0,,,2022-04-11,22.100,198200000,,,,,,,,,,,,,,,,,,,,,,,,,,,,,,,,,,,,,,,,,,,,,,,,,,,,,,,,,,,,,,,,,,,,,,,,,,,,,,,,,,,,,,,,,,,,,,,,,,,,,,,,,,,,,,,,,,,,,,,,,,,,,,,,,,,,,,,,,,,,,,,,,,,,,,,,,,,,,,,,,,,,,,,,,,,,,,,,,,,
MKCL,443,11.0,80.0,20.0,,False,False,2023-12-13,,700000000.0,860.0,756000000.0,2026-09-03 08:55:48,q4,082/083,0.38,103.48,0.49,0.26,,,1493466258.0,,,,,,,2859265.0,,,,,,,,0.38,0.38,782332965.0,othersreport/mkcl_082_083_q4_muktinath_krishi.pdf,,29.74,100532914.0,-97.16,2791.26,2263.16,-23.29,,,,,418504047.0,,,,,,9229164.0,,,,2026-12-13,,,,,,,,,,,,,,,,,,,,6358131.0,,,,,1493466258.0,,,,,,,,17044556.0,148134344.0,,,,,,,,,,,,,,,,,,,,,,,,,,,,,,,,,,,,,2023-12-05,2024-06-05,,,,26332965.0,,711133294.0,194489438.0,,5566177.0,,,,,,,,,,,,,,,,,,,,,,,,,,,23915212.0,,,,,,,,,,26649737.0,,,,,,,,,,,,,,,,,,,,,,,,,,,,231920540.0,,,,,,,53755506.0,144321991.0,3812353.0,,,618559662.0,548758959.0,874906596.0,711133294.0,648768975.0,,2037177.0,45731705.0,953088.0,,,,,,,,,,,,,,,
MKHC,271,5.0,,100.0,Citizen Capital Limited,False,False,2023-03-20,,1000000000.0,250.0,1000000000.0,2026-09-03 08:55:48,q4,082/083,1.58,61.81,2.57,0.05,,,33110508000.0,,2190000.0,,,,,15850000.0,,,,,,,,1.58,1.58,617719000.0,hydropowerreport/mkhc_082_083_q4_maya_khola_hydro.pdf,,46.88,-63581000.0,-124.93,433.32,158.23,-1.27,-382281000.0,2281068000.0,3006799000.0,,,103709000.0,211721000.0,379439000.0,6299000.0,56397000.0,132707000.0,176841000.0,396000.0,3547000.0,2026-02-08,14.90,201300000,,,,,,,,,,,,,,,,,,,,,,,,,,,,,,,,,,,,,,,,,,,,,,,,,,,,,,,,,,,,,,,,,,,,,,,,,,,,,,,,,,,,,,,,,,,,,,,,,,,,,,,,,,,,,,,,,,,,,,,,,,,,,,,,,,,,,,,,,,,,,,,,,,,,,,,,,,,,,,,,,,,,,,,,,,,,,,,,,,,
MKHL,286,5.0,,100.0,Prabhu Capital Limited,False,False,2023-05-15,,392156800.0,486.9,392156800.0,2026-09-03 08:55:48,q4,082/083,13.83,114.34,12.1,5.48,,,990144055.0,,,,,,,54236537.0,,,,,,,,13.83,13.83,448381585.0,,,188.63,2674506.0,1927.91,158.13,35.21,0.02,,230215197.0,677578559.0,,140000000.0,172565496.0,309881381.0,37631900.0,180565831.0,3855790.0,19219408.0,24280878.0,1118049.0,,2026-05-01,3.000,203700000,,,,,,,,,,,,,,,,,,,,,,,,,,,,,,,,,,,,,,,,,,,,,,,,,,,,,,,,,,,,,,,,,,,,,,,1052545.0,,113886680.0,,,,,,,,,,,,,,,,,,,,,,,,,,,,,,,,,,,,,,,,,,,,,,,,,,,,,,,,,,,,,,,,,,,,,,,,,,,,,,,,,,,,,,,,,,,,,,,,,,,,,,,,,,
MKJC,181,5.0,,100.0,,False,False,2021-09-21,,376319800.0,297.4,376319800.0,2026-09-03 08:55:48,q4,082/083,0.46,101.97,0.45,0.23,,,741603028.67,,1246964.0,,,,,1732661.0,,,,,,,,0.46,0.46,383751201.0,hydropowerreport/mkjc_082_083_q4_mailung_khola.pdf,,32.49,2989594.0,-42.04,815.45,646.52,-15.38,2028846.0,159029605.0,503672.0,,55734665.0,144783940.0,101839484.0,97118705.0,3052564.0,3855015.0,45696687.0,18163409.0,,,2024-08-10,5,180500000,,,,,,,,,,,,,,,,,,,,,,,,,,,,,,,,,,,,,,,,,,,,,,,,,,,,,,,,,,,,,,,,,,,,,,,,,,,,,,,,,,,,,,,,,,,,,,,,,,,,,,,,,,,,,,,,,,,,,,,,,,,,,,,,,,,,,,,,,,,,,,,,,,,,,,,,,,,,,,,,,,,,,,,,,,,,,,,,,,,
MKLB,102,9.0,68.0,32.0,NMB Capital Limited,False,False,2021-08-01,,1484784.1,1169.0,148478410.0,2026-09-03 08:55:48,q3,080/081,-7.4,130.39,,,,6363620.0,978501900.0,125158960.0,427774800.0,882176960.0,27634530.0,,-52134000.0,-10993000.0,,13.56,16.15,9.6,,,206.22,,,,,,,-4252520.0,158.51,,-157.97,-1.0,6363620.0,,,,,,,,,,,,,,,,,,,,,,,,,,,,,,,,,,,,,,,,,,,,,,,,,,,,,,,,,,,,,,,,,,,,,,,,,,,,,,,,,,,,,,,,,,,,,,,,,,,,,,,,,,,,,,,,,,,,,,,,,,,,,,,,,,,,,,,,,,,,,,,,,,,,,,,,,,,,,,,,,,,,,,,,,,,,,,,,,,,,,,,,,,,,,,,,,,,
MLBBL,73,9.0,51.0,49.0,BOK Capital Market Limited,False,False,2011-03-24,,223933150.0,927.0,255843621.85,2026-09-03 08:55:49,q4,082/083,20.07,167.93,11.95,1.35,22989651.15,150798605.09,3814178377.23,3384546499.14,1303399209.69,3140699576.19,245647671.95,25744464.0,73367253.44,51357077.41,32739480.95,9.89,11.5,7.11,11.47,7.03,237.58,12.8,20.07,429631878.09,microfinancereport/mlbbl_082_083_q4_mithila_laghubitta_b4djfmm.pdf,,275.38,71657270.1,-28.33,236.63,46.19,-1.63,,,,,,,,,,,,,,,,,,,,,,,,,,,,,,,,,,,,,,,,,,,,,,,,,,,,,,,,,,,,,,,,,,,,,,,,,,,,,,,,,,,,,,,,,,,,,,,,,,,,,,,,,,,,,,,,,,,,,,,,,,,,,,,,,,,,,,,,,,,,,,,,,,,,,,,,,,,,,,,,,,,,,,,,,,,,,,,,,,,,,,,,,,,,,,,,,,,,
MLBL,32,2.0,51.0,49.0,Siddhartha Capital Limited,False,False,2017-08-13,,4296458158.0,343.8,4511281066.0,2026-09-03 08:55:49,q4,082/083,13.96,162.42,8.66,0.97,465198925.0,2486163352.0,65057015421.0,57594372078.0,55009924544.0,43341360666.0,2148750757.0,230477937.0,937937031.0,629951628.0,465198925.0,6.32,17.57,3.62,5.66,4.19,86.82,10.31,13.96,7462643343.0,devbankreport/mlbl_082_083_q4_mahalaxmi_bank.pdf,2792871923.0,225.87,424318476.0,48.46,52.21,24.63,0.51,,,,,,,,,,,,,,,,,,,,,,,,,,,,,,,,,,,,,,,,,,,,,,,,,,,,,,,,,,,,,,,,,,,,,,,,,,,,,,,,,,,,,,,,,,,,,,,,,,,,,,,,,,,,,,,,,,,,,,,,,,,,,,,,,,,,,,,,,,,,,,,,,,,,,,,,,,,,,,,,,,,,,,,,,,,,,,,,,,,,,,,,,,,,,,,,,,,,
MLBS,103,9.0,64.0,36.0,Nepal SBI Merchant Banking Limited,False,False,2021-09-26,,109375000.0,994.3,109375000.0,2026-09-03 08:55:49,q4,082/083,24.66,103.09,23.92,1.5,-49750546.0,53135790.0,1796542596.0,1683782352.0,1241927590.0,1543396000.0,105064810.0,21785120.0,38529135.0,26970395.0,-49750546.0,8.6,5.7,7.34,14.27,,,-45.49,24.66,112760245.0,microfinancereport/mlbs_082_083_q4_manushi_laghu.pdf,,239.16,-35075790.0,-176.89,315.74,40.32,-0.23,,,,,,,,,,,,,,,,,,,,,,,,,,,,,,,,,,,,,,,,,,,,,,,,,,,,,,,,,,,,,,,,,,,,,,,,,,,,,,,,,,,,,,,,,,,,,,,,,,,,,,,,,,,,,,,,,,,,,,,,,,,,,,,,,,,,,,,,,,,,,,,,,,,,,,,,,,,,,,,,,,,,,,,,,,,,,,,,,,,,,,,,,,,,,,,,,,,,
MLBSL,100,9.0,60.0,40.0,Nepal SBI Merchant Banking Limited,False,False,2021-03-15,,217562500.0,1037.0,217562500.0,2026-09-03 08:55:49,q4,082/083,37.91,148.7,25.5,1.5,-43101238.0,149057812.0,5499813355.0,5176294280.0,2357225728.0,5230135755.0,500576659.0,84604841.0,117839397.0,82487578.0,61089612.0,11.35,6.03,6.0,11.05,8.57,103.47,28.08,37.91,323519075.0,microfinancereport/mlbsl_082_083_q4_mahila_laghubitta.pdf,,356.14,84147308.0,-1.97,191.18,27.35,-13.87,,,,,,,,,,,,,,,,,,,,,,,,,,,,,,,,,,,,,,,,,,,,,,,,,,,,,,,,,,,,,,,,,,,,,,,,,,,,,,,,,,,,,,,,,,,,,,,,,,,,,,,,,,,,,,,,,,,,,,,,,,,,,,,,,,,,,,,,,,,,,,,,,,,,,,,,,,,,,,,,,,,,,,,,,,,,,,,,,,,,,,,,,,,,,,,,,,,,
MMFDB,75,9.0,70.0,30.0,Nepal SBI Merchant Banking Limited,False,True,,,0.0,580.0,665764273.0,2026-09-03 08:55:49,q2,080/081,10.22,164.41,6.21,0.76,62347292.0,366485180.0,8980257014.0,7885660269.0,2594673637.0,8266436975.0,178555654.0,39956351.0,48579177.0,34005424.0,19874426.0,4.51,9.71,10.45,16.56,4.53,318.59,58.44,,,,,194.44,56882552.62,-40.22,198.3,56.75,-1.41,366485180.0,,,,,,,,,,,,,,,,,,,,,,,,,,,,,,,,,,,,,,,,,,,,,,,,,,,,,,,,,,,,,,,,,,,,,,,,,,,,,,,,,,,,,,,,,,,,,,,,,,,,,,,,,,,,,,,,,,,,,,,,,,,,,,,,,,,,,,,,,,,,,,,,,,,,,,,,,,,,,,,,,,,,,,,,,,,,,,,,,,,,,,,,,,,,,,,,,,,
MMKJL,369,5.0,70.0,15.0,,False,False,2023-11-09,,1000000000.0,381.4,1000000000.0,2026-09-03 08:55:49,q4,082/083,11.13,100.57,11.07,3.57,,,3115892429.0,,,,,,,111282991.0,,,,,,,,11.13,11.13,1005715242.0,hydropowerreport/mmkjl_082_083_q4_mmkjl.pdf,,158.7,-6837108.0,-1727.63,140.33,34.27,-0.02,,1913457145.0,11122010.0,,,321048989.0,187690301.0,431136027.0,,-23067314.0,-3892411.0,-135439369.0,-2271181.0,,2026-10-20,14.3,174800000,15.0,,,,,,,,,,,,,,,,,,,,,,,,,,,,,,,,,,,,,,,,,,,,,,,,,,,,,,,,,,,,,,,,,,,,2023-10-20,2024-04-20,,-49255026.0,,,,,,,,,,,,,,,,,,,,,,,,,,,,,10040834.0,,,,,,,,,,,,,,,,,,,,,,,,,,,,,,,,,,,,,,,,,,,,,,,,,,,,,,,,,,,,,,,,,,,,,,,,,,,,,,
MNBBL,40,2.0,51.0,49.0,Muktinath Capital Limited,False,False,2015-09-22,,7046938000.0,354.9,8000389000.0,2026-09-03 08:55:49,q4,082/083,18.98,161.82,12.27,1.09,675756000.0,4270271000.0,141062320000.0,128115904000.0,123539443000.0,100508831000.0,4743849000.0,549817000.0,2422707000.0,1518361000.0,675756000.0,4.77,13.47,3.53,5.57,4.55,83.86,8.45,18.98,12946416000.0,devbankreport/mnbbl_082_083_q4_muktinath_bikash.pdf,853365000.0,262.88,1350360000.0,12.44,35.01,18.7,1.5,,,,,,,,,,,,,,,,,,,,,,,,,,,,,,,,,,,,,,,,,,,,,,,,,,,,,,,,,,,,,,,,,,,,,,,,,,,,,,,,,,,,,,,,,,,,,,,,,,,,,,,,,,,,,,,,,,,,,,,,,,,,,,,,,,,,,,,,,,,,,,,,,,,,,,,,,,,,,,,,,,,,,,,,,,,,,,,,,,,,,,,,,,,,,,,,,,,,
MPFL,57,3.0,51.0,49.0,Civil Capital Market Limited,False,False,2011-10-23,,610200000.0,585.1,610200000.0,2026-09-03 08:55:49,q4,082/083,8.91,121.76,7.32,1.19,30212631.89,92000270.46,4568216608.59,3825262986.78,3759057903.94,2337649760.71,84124051.24,15896276.07,71120358.86,54347923.86,,3.3,22.67,4.59,7.91,4.54,64.49,8.91,8.91,742953621.81,financereport/mpfl_082_083_q4_multipurpose.pdf,,156.24,14545576.0,273.64,274.5,65.67,0.24,,,,,,,,,,,,,,,,,,,,,,,,,,,,,,,10540719.46,,,,,,,,,,,,,,,,,,,,,,,,,,,,,,,,,,,,,,,,,,,,,,,,,,,,,,,,,,,,,,,,,,,,,,,,,,,,,,,,,,,,,,,,,,,,,,,,,,,,,,,,,,,,,,,,,,,,,,,,,,,,,,,,,,,,,,,,,,,,,,,,,,,,,,,,,,,,,,,,,,,,,
MSHL,361,5.0,80.0,10.0,NIC Asia Capital Limited,False,False,2023-10-11,,748400000.0,522.0,860660000.0,2026-09-03 08:55:49,q4,082/083,14.55,118.26,12.3,5.6,,,2234618753.0,,61490599.0,,,,,125192691.0,,,,,,,,14.55,14.55,1017858211.0,,,196.76,132140029.0,-5.26,165.29,35.88,-6.82,157198211.0,1166380000.0,7110606.0,,,253833174.0,50380542.0,283659867.0,32000000.0,8254616.0,67807045.0,7051475.0,,,2026-09-27,9.5,219400000,10.0,,,,,,,,,,,,,,,,,,,,,,,,,,,,,,,,,,,,,,,,,,,,,,,,,,,,,,,,,,,,,,,,,,,,2023-09-27,2024-03-27,,,,,,,,,,,,,,,,,,,,,,,,,,,,,,,,,,,,,,,,,,,,,,,,,,,,,,,,,,,,,,,,,,,,,,,,,,,,,,,,,,,,,,,,,,,,,,,,,,,,,,,,,,,,,
MSLB,87,9.0,70.0,30.0,Sunrise Capital Limited,False,False,2017-08-21,,369923500.2,1210.0,387494866.46,2026-09-03 08:55:50,q4,082/083,49.88,227.91,21.89,2.9,165010850.26,330625636.93,6662324386.62,5779193032.97,2070170350.26,6173982815.31,497435441.2,41113637.92,276111732.97,193278213.08,165010850.26,9.8,10.61,6.32,11.3,8.32,116.42,42.58,49.88,883131353.65,microfinancereport/mslb_082_083_q4_mahuli_laghubitta.pdf,,505.75,17007964.36,1036.4,139.25,24.26,0.02,,,,,,,,,,,,,,,,,,,,,,,,,,,,,,,,,,,,,,,,,,,,,,,,,,,,,,,,,,,,,,,,,,,,,,,,,,,,,,,,,,,,,,,,,,,,,,,,,,,,,,,,,,,,,,,,,,,,,,,,,,,,,,,,,,,,,,,,,,,,,,,,,,,,,,,,,,,,,,,,,,,,,,,,,,,,,,,,,,,,,,,,,,,,,,,,,,,,
MSY,681,,,,,,,,,,,,2026-09-03 08:55:50,,,,,,,,,,,,,,,,,,,,,,,,,,,,,,,,,,,,,,,,,,,,,,,,,,,,,,,,,,,,,,,,,,,,,,,,,,,,,,,,,,,,,,,,,,,,,,,,,,,,,,,,,,,,,,,,,,,,,,,,,,,,,,,,,,,,,,,,,,,,,,,,,,,,,,,,,,,,,,,,,,,,,,,,,,,,,,,,,,,,,,,,,,,,,,,,,,,,,,,,,,,,,,,,,,,,,,,,,,,,,,,,,,,,,,
MTBL,668,2.0,,,,False,False,2014-02-13,,628357340.0,,628357340.0,2026-09-03 08:55:50,q1,082/083,-12.52,185.13,,,,,,,,,105911870.0,23554970.0,,-19707920.0,,10.03,8.26,7.7,12.57,,261.16,-12.52,-12.52,,,,,,,,,,,,,,,,,,,,,,,,,,,,,,,,,,,,,,,,,,,,,,,,,,,,,,,,,,,,,,,,,,,,,,,,,,,,,,,,,,,,,,,,,,,,,,,,,,,,,,,,,,,,,,,,,,,,,,,,,,,,,,,,,,,,,,,,,,,,,,,,,,,,,,,,,,,,,,,,,,,,,,,,,,,,,,,,,,,,,,,,,,,,,,,,,,,,,,,,,,,,,
NABBC,28,2.0,71.0,29.0,Global IME Capital Limited,False,False,2007-01-10,,262467600.0,728.3,524993055.0,2026-09-03 08:55:50,q4,082/083,-11.87,34.13,-34.77,-6.95,-522340105.0,121213313.0,773549274.0,618830035.0,580393938.0,153741530.0,-2799044.0,376729.0,-45637915.0,-53796881.0,-53796881.0,48.49,29.41,4.74,18.87,3.76,49.34,-10.25,-11.87,154719240.0,devbankreport/nabbc_082_083_q4_narayani.pdf,,,-38336369.0,40.33,,-61.36,-1.52,,,,,,,,,,,,,,,,,,,,,,,,,,,,,,,30852977.0,,,,,,,,,,,,,,,,,,,,,,,,,,,,,,,,,,,,,,,,,,,,,,,,,,,,,,,,,,,,,,,,,,,,,,,,,,,,,,,,,,,,,,,,,,,,,,,,,,,,,,,,,,,,,,,,,,,,,,,,,,,,,,,,,,,,,,,,,,,,,,,,,,,,,,,,,,,,,,,,,,,,,
NABIL,2,1.0,60.0,40.0,Nabil Investment Banking limited,False,False,1985-11-24,,27056997000.0,537.5,32056997000.0,2026-09-03 08:55:50,q4,082/083,28.36,247.28,11.76,1.15,5169148000.0,34680420000.0,734731625000.0,662825061000.0,592559395000.0,460317774000.0,17009288000.0,3541079000.0,11564526000.0,7905796000.0,5169148000.0,4.2,12.37,3.09,4.44,3.18,80.18,19.1,28.36,71906564000.0,bankreport/nabil_082_083_q4_nabil_bank.pdf,16549368000.0,397.23,5922144000.0,33.5,35.31,18.95,0.57,,,,,,,,,,,,,,,,,,,,,,,,,,,,,,,,,,,,,,,,,,,,,,,,,,,,,,,,,,,,,,,,,,,,,,,,,,,,,,,,,,,,,,,,,,,,,,,,,,,,,,,,,,,,,,,,,,,,,,,,,,,,,,,,,,,,,,,,,,,,,,,,,,,,,,,,,,,,,,,,,,,,,,,,,,,,,,,,,,,,,,,,,,,,,,,,,,,,
NADDF,353,,,,,,,,,,,,2026-09-03 08:55:50,,,,,,,,,,,,,,,,,,,,,,,,,,,,,,,,,,,,,,,,,,,,,,,,,,,,,,,,,,,,,,,,,,,,,,,,,,,,,,,,,,,,,,,,,,,,,,,,,,,,,,,,,,,,,,,,,,,,,,,,,,,,,,,,,,,,,,,,,,,,,,,,,,,,,,,,,,,,,,,,,,,,,,,,,,,,,,,,,,,,,,,,,,,,,,,,,,,,,,,,,,,,,,,,,,,,,,,,,,,,,,,,,,,,,,
NAGRO,107,9.0,68.0,32.0,Nepal SBI Merchant Banking Limited,True,False,2019-05-17,,0.0,549.2,107800000.0,2026-09-03 08:55:50,q2,078/079,53.83,,,,,,5095493540.0,623410850.0,2306623540.0,4653519710.0,177257680.0,49574180.0,61527210.0,58025660.0,,3.7,10.73,7.28,,,,,,,,,,14333000.0,304.84,,10.2,0.03,365739390.0,,,,,,,,,,,,,,,,,,,,,,,,,,,,,,,,,,,,,,,,,,,,,,,,,,,,,,,,,,,,,,,,,,,,,,,,,,,,,,,,,,,,,,,,,,,,,,,,,,,,,,,,,,,,,,,,,,,,,,,,,,,,,,,,,,,,,,,,,,,,,,,,,,,,,,,,,,,,,,,,,,,,,,,,,,,,,,,,,,,,,,,,,,,,,,,,,,,
NBB,5,1.0,52.0,48.0,Nepal Bangladesh Capital Limited,True,False,1995-12-24,,0.0,399.0,10085399740.0,2026-09-03 08:55:50,q3,078/079,14.69,160.26,9.17,1.42,566469980.0,5510591380.0,104471428290.0,88308865640.0,82021517150.0,76209215880.0,1939111450.0,88577260.0,1394228580.0,1111137180.0,407911446.0,2.3,13.85,6.9,9.1,3.05,91.39,,,,,,230.15,1638409683.0,-32.18,73.36,27.16,-0.84,,,,,,,,,,,,,,,,,,,,,,,,,,,,,,,101560.0,,,,,,,,,,,,,,,,,,,,,,,,,,,,,,,,,,,,,,,,,,,,,,,,,,,,,,,,,,,,,,,,,,,,,,,,,,,,,,,,,,,,,,,,,,,,,,,,,,,,,,,,,,,,,,,,,,,,,,,,,,,,,,,,,,,,,,,,,,,,,,,,,,,,,,,,,,,,,,,,,,,,,
NBL,22,1.0,51.0,49.0,Civil Capital Market Limited,False,False,2012-12-02,,14694022930.0,274.1,14694022928.0,2026-09-03 08:55:50,q4,082/083,30.63,287.7,11.27,1.02,2327960909.0,25252123675.0,484453696116.0,442179588603.0,415182034292.0,243590656227.0,10033060544.0,1029015621.0,7191464391.0,4500199273.0,2327960909.0,4.18,11.27,2.92,4.45,3.54,4.45,15.84,30.63,42274107512.0,bankreport/nbl_082_083_q4_nepal_bank_ltd.pdf,11870370135.0,445.28,3773008987.0,19.27,-38.44,8.95,0.46,,,,,,,,,,,,,,,,,,,,,,,,,,,,,,,,,,,,,,,,,,,,,,,,,,,,,,,,,,,,,,,,,,,,,,,,,,,,,,,,,,,,,,,,,,,,,,,,,,,,,,,,,,,,,,,,,,,,,,,,,,,,,,,,,,,,,,,,,,,,,,,,,,,,,,,,,,,,,,,,,,,,,,,,,,,,,,,,,,,,,,,,,,,,,,,,,,,,
NBRD,402,,,,,,,,,,,,2026-09-03 08:55:50,,,,,,,,,,,,,,,,,,,,,,,,,,,,,,,,,,,,,,,,,,,,,,,,,,,,,,,,,,,,,,,,,,,,,,,,,,,,,,,,,,,,,,,,,,,,,,,,,,,,,,,,,,,,,,,,,,,,,,,,,,,,,,,,,,,,,,,,,,,,,,,,,,,,,,,,,,,,,,,,,,,,,,,,,,,,,,,,,,,,,,,,,,,,,,,,,,,,,,,,,,,,,,,,,,,,,,,,,,,,,,,,,,,,,,
NCCB,12,1.0,51.0,49.0,Sunrise Capital Limited,True,False,2017-03-06,,0.0,189.0,11139678014.0,2026-09-03 08:55:50,q1,079/080,18.56,148.94,12.46,1.32,1007810500.0,4444397987.0,157019682241.0,140427795740.0,127024282724.0,113397511186.0,1127031758.0,176034225.0,718549535.0,516836162.0,1007810500.0,2.46,12.0,8.61,10.95,3.85,87.44,,,,,,249.39,518057896.0,-0.24,-24.22,10.18,-43.18,,,,,,,,,,,,,,,,,,,,,,,,,,,,,,,,,,,,,,,,,,,,,,,,,,,,,,,,,,,,,,,,,,,,,,,,,,,,,,,,,,,,,,,,,,,,,,,,,,,,,,,,,,,,,,,,,,,,,,,,,,,,,,,,,,,,,,,,,,,,,,,,,,,,,,,,,,,,,,,,,,,,,,,,,,,,,,,,,,,,,,,,,,,,,,,,,,,,
NEF,232,,,,,,,,,,,,2026-09-03 08:55:50,,,,,,,,,,,,,,,,,,,,,,,,,,,,,,,,,,,,,,,,,,,,,,,,,,,,,,,,,,,,,,,,,,,,,,,,,,,,,,,,,,,,,,,,,,,,,,,,,,,,,,,,,,,,,,,,,,,,,,,,,,,,,,,,,,,,,,,,,,,,,,,,,,,,,,,,,,,,,,,,,,,,,,,,,,,,,,,,,,,,,,,,,,,,,,,,,,,,,,,,,,,,,,,,,,,,,,,,,,,,,,,,,,,,,,
NEPSE,25,,,,,,,,,,,,2026-09-03 08:56:48,,,,,,,,,,,,,,,,,,,,,,,,,,,,,,,,,,,,,,,,,,,,,,,,,,,,,,,,,,,,,,,,,,,,,,,,,,,,,,,,,,,,,,,,,,,,,,,,,,,,,,,,,,,,,,,,,,,,,,,,,,,,,,,,,,,,,,,,,,,,,,,,,,,,,,,,,,,,,,,,,,,,,,,,,,,,,,,,,,,,,,,,,,,,,,,,,,,,,,,,,,,,,,,,,,,,,,,,,,,,,,,,,,,,,,
NESDO,241,9.0,67.0,33.0,Global IME Capital Limited,False,False,2022-03-27,,291337500.0,1293.0,291337500.0,2026-09-03 08:55:50,q4,082/083,47.03,285.09,16.5,3.32,201529326.82,337717443.65,4123384819.35,3292800548.88,2512651759.99,3168399177.21,295381200.0,37368570.0,209218070.0,137014108.26,201529326.82,20.66,15.06,9.37,18.13,4.76,165.41,69.17,47.03,830584270.47,microfinancereport/nesdo_082_083_q4_nesdo.pdf,,549.25,-89853132.0,-252.49,135.41,27.49,-0.11,,,,,,,,,,,,,,,,,,,,,,,,,,,,,,,,,,,,,,,,,,,,,,,,,,,,,,,,,,,,,,,,,,,,,,,,,,,,,,,,,,,,,,,,,,,,,,,,,,,,,,,,,,,,,,,,,,,,,,,,,,,,,,,,,,,,,,,,,,,,,,,,,,,,,,,,,,,,,,,,,,,,,,,,,,,,,,,,,,,,,,,,,,,,,,,,,,,,
NFCF,346,,,,,,,,,,,,2026-09-03 08:55:50,,,,,,,,,,,,,,,,,,,,,,,,,,,,,,,,,,,,,,,,,,,,,,,,,,,,,,,,,,,,,,,,,,,,,,,,,,,,,,,,,,,,,,,,,,,,,,,,,,,,,,,,,,,,,,,,,,,,,,,,,,,,,,,,,,,,,,,,,,,,,,,,,,,,,,,,,,,,,,,,,,,,,,,,,,,,,,,,,,,,,,,,,,,,,,,,,,,,,,,,,,,,,,,,,,,,,,,,,,,,,,,,,,,,,,
NFS,45,3.0,60.0,40.0,Prabhu Capital Limited,False,False,1993-02-02,,759446750.0,525.0,778146747.0,2026-09-03 08:55:51,q4,082/083,-8.95,123.58,-7.05,-1.28,-365099050.0,494399047.0,5669020722.0,4710473611.0,4458876991.0,2382917296.0,84066808.0,12066147.0,-69616355.0,-69616355.0,-365099050.0,13.83,26.74,5.02,7.59,4.55,59.71,-46.92,-8.95,958547111.0,financereport/nfs_082_083_q4_nepal_finance.pdf,72527733.0,,21745870.0,-420.14,,-58.66,0.14,,,,,,,,,,,,,,,,,,,,,,,,,,,,,,,51100367.0,,,,,,,,,,,,,,,,,,,,,,,,,,,,,,,,,,,,,,,,,,,,,,,,,,,,,,,,,,,,,,,,,,,,,,,,,,,,,,,,,,,,,,,,,,,,,,,,,,,,,,,,,,,,,,,,,,,,,,,,,,,,,,,,,,,,,,,,,,,,,,,,,,,,,,,,,,,,,,,,,,,,,
NGPL,149,5.0,0.0,100.0,Siddhartha Capital Limited,False,False,2016-09-07,,3702558450.0,394.0,3878429974.0,2026-09-03 08:55:51,q4,082/083,1.27,138.35,0.92,0.76,,,6441420701.0,,368432383.0,,,,,49150180.0,,,,,,,,1.27,1.27,5365699370.0,hydropowerreport/ngpl_082_083_q4_ngadi_hydro.pdf,,62.88,17115618.0,187.17,526.63,310.24,1.66,,338137751.0,529629387.0,,3387772147.0,2524019167.0,383259296.0,138054459.0,9836832.0,10099860.0,29614108.0,29722289.0,589771.0,,2019-09-07,4.95,,,,,,,,,,,,,,,,,,,,,,,,,,,,,,,,,,,,,,,,,,,,,,,,,,,,,,,,,,,,,,,,,,,,,,,,3261116.0,,,,,,,,,,,,,,,,,,,,,,,,,,,,,,,,,,,,,,,,,,,,,,,,,,,,,,,,,,,,,,,,,,,,,,,,,,,,,,,,,,,,,,,,,,,,,,,,,,,,,,,,,,,,
NHDL,157,5.0,0.0,100.0,NMB Capital Limited,False,False,2017-11-14,,388197000.0,629.0,423134000.0,2026-09-03 08:55:51,q4,082/083,14.0,124.92,11.2,9.51,,,616329000.0,,,,,,,59219000.0,,,,,,,,14.0,14.0,528561000.0,,,198.37,53440000.0,10.81,217.09,44.93,4.15,105427000.0,24500000.0,1508000.0,,158675000.0,90130000.0,63267000.0,112907000.0,31000.0,2731000.0,-19188000.0,-6118000.0,-1324000.0,-6964000.0,2020-11-14,3.520,191000000,,,,,,,,,,,,,,,,,,,,,,,,,,,,,,,,,,,,,,,,,,,,,,,,,,,,,,,,,,,,,,,,,,,,,,,,,,,,,,,,,,,,,,,,,,,,,,,,,,,,,,,,,,,,,,,,,,,,,,,,,,,,,,,,,,,,,,,,,,,,,,,,,,,,,,,,,,,,,,,,,,,,,,,,,,,,,,,,,,,
NHPC,141,5.0,,100.0,Global IME Capital Limited,False,False,2003-07-02,,2467162915.0,255.9,2467162915.0,2026-09-03 08:55:51,q4,082/083,-0.93,95.46,-0.97,-0.66,,,3483288151.0,,1724757.0,,,,,-22929158.0,,,,,,,,-0.93,-0.93,2355272202.0,hydropowerreport/nhpc_082_083_q4_national_hydro.pdf,,,3132636.0,-831.94,,-275.16,0.33,-111890713.0,607242154.0,26950785.0,1565701758.0,,130825711.0,362982367.0,137268282.0,872398.0,5598488.0,48416663.0,12227390.0,,,2006-07-02,7.500,,,,,,,,,,,,,,,,,,,,,,,,,,,,,,,,,,,,,,,,,,,,,,,,,,,,,,,,,,,,,,,,,,,,,,,,,,,,,,,,,,,,,,,,,,,,,,,,,,,,,,,,,,,,,,,,,,,,,,,,,,,,,,,,,,,,,,,,,,,,,,,,,,,,,,,,,,,,,,,,,,,,,,,,,,,,,,,,,,,,
NICA,8,1.0,51.0,49.0,NIC Asia Capital Limited,False,False,2007-07-25,,14917566922.0,308.0,14917566922.0,2026-09-03 08:55:51,q4,082/083,1.22,172.32,0.71,0.05,-14186853201.0,25653001624.0,393878938758.0,368173393253.0,343679055675.0,192016176249.0,7845055511.0,1421693922.0,979108854.0,181702489.0,-14186853201.0,0.57,11.1,4.02,5.83,3.5,61.07,-95.1,1.22,25705545505.0,bankreport/nica_082_083_q4_nic_asia_bank.pdf,8846640000.0,68.78,-3872042781.0,-104.69,347.83,252.46,-2.41,,,,,,,,,,,,,,,,,,,,,,,,,,,,,,,,,,,,,,,,,,,,,,,,,,,,,,,,,,,,,,,,,,,,,,,,,,,,,,,,,,,,,,,,,,,,,,,,,,,,,,,,,,,,,,,,,,,,,,,,,,,,,,,,,,,,,,,,,,,,,,,,,,,,,,,,,,,,,,,,,,,,,,,,,,,,,,,,,,,,,,,,,,,,,,,,,,,,
NICELIS,662,,,,,,,,,,,,2026-09-03 08:55:51,,,,,,,,,,,,,,,,,,,,,,,,,,,,,,,,,,,,,,,,,,,,,,,,,,,,,,,,,,,,,,,,,,,,,,,,,,,,,,,,,,,,,,,,,,,,,,,,,,,,,,,,,,,,,,,,,,,,,,,,,,,,,,,,,,,,,,,,,,,,,,,,,,,,,,,,,,,,,,,,,,,,,,,,,,,,,,,,,,,,,,,,,,,,,,,,,,,,,,,,,,,,,,,,,,,,,,,,,,,,,,,,,,,,,,
NICFC,264,,,,,,,,,,,,2026-09-03 08:55:51,,,,,,,,,,,,,,,,,,,,,,,,,,,,,,,,,,,,,,,,,,,,,,,,,,,,,,,,,,,,,,,,,,,,,,,,,,,,,,,,,,,,,,,,,,,,,,,,,,,,,,,,,,,,,,,,,,,,,,,,,,,,,,,,,,,,,,,,,,,,,,,,,,,,,,,,,,,,,,,,,,,,,,,,,,,,,,,,,,,,,,,,,,,,,,,,,,,,,,,,,,,,,,,,,,,,,,,,,,,,,,,,,,,,,,
NICL,123,10.0,51.0,49.0,NIBL Ace Capital Limited,False,False,1984-11-08,,2548575010.0,425.9,2548575005.0,2026-09-03 08:55:51,q4,082/083,5.0,176.85,0.03,1.66,,,7669079588.0,3161859338.0,,,,,,127550261.0,,,,,,,,5.0,5.0,4507220250.0,nonlifeinsurancenewreport/nicl_082_083_q4_nepal_insurance.pdf,,141.05,316459290.0,-59.69,201.95,85.18,-1.43,,,,,5505466044.0,,,,,,,,,,,,,,,3223488.0,368002201.0,,,10850000.0,1234588314.0,51385241.0,115487139.0,68478049.0,1.252417841252418e+17,45179039.0,81481510.0,118534960.0,57350728.0,121344091.0,152954694.0,2416618921.0,,312690561.0,193859444.0,7669079588.0,2165140059.0,1123052693.0,222918668.0,,,207947492.0,,3266580.0,1557185434.0,,,248940765.0,,30340243.0,8805132.0,3034125.0,301126683.0,43009413.0,,124135133.0,6455356.0,1378767845.0,178417589.0,178417589.0,5086732.0,,,,51.87,5.89,28.23,1.4,,,,,,,,,,,1962077296.0,3543388748.0,,,,,,,,,,,,,,,,,,,,,,,,,,,,,,,,,,,,,,,,,,,,,,,,,141178296.0,85735718.0,,,,,,,,,,,,2548575005.0,1579933956.0,-1042087366.0,1269155648.0,-107610792.0,861861759.0,176.85,222741.0,47206.0,9938.0,5898.0,,,,,,,,,,,,,,,,,,,,,,,,,,,,,,,,,,,,,,,,
NICLBSL,98,9.0,68.0,32.0,NIC Asia Capital Limited,False,False,2020-07-08,,1739440000.0,519.9,1739440000.0,2026-09-03 08:55:52,q4,082/083,7.01,107.77,6.51,0.51,-955805483.0,1090997407.0,23927205117.0,22052573193.0,3103569173.0,19606160827.0,1402290191.0,8072722.0,242912954.0,122010743.0,-955805483.0,12.4,6.19,6.25,10.96,7.51,102.73,-54.95,7.01,1874631924.0,microfinancereport/niclbsl_082_083_q4_nic_asia_laghu.pdf,,130.38,-448665262.0,-127.19,298.77,74.17,-0.58,,,,,,,,,,,,,,,,,,,,,,,,,,,,,,,,,,,,,,,,,,,,,,,,,,,,,,,,,,,,,,,,,,,,,,,,,,,,,,,,,,,,,,,,,,,,,,,,,,,,,,,,,,,,,,,,,,,,,,,,,,,,,,,,,,,,,,,,,,,,,,,,,,,,,,,,,,,,,,,,,,,,,,,,,,,,,,,,,,,,,,,,,,,,,,,,,,,,
NIFRA,185,6.0,60.0,40.0,Global IME Capital Limited,False,False,2021-02-12,,21600000000.0,241.0,21600000000.0,2026-09-03 08:55:52,q4,082/083,4.57,117.22,3.87,2.36,,,41222146000.0,,,,,,,987395000.0,,,,,,,,4.57,4.57,,investmentreport/nifra_082_083_q4_nifra.pdf,,109.79,1234005000.0,-19.98,119.52,52.74,-2.64,,,,,,,,,,,,,,,2024-01-29,,,,,,,,,,,,,,,,,,,,,,,,,41222146000.0,,,,,,,,,,,,,,,,,,,,,,,,1417216000.0,,,,,,,,,,,,,,,,,,,,,,,,,,,,,,,,,,,,,,,,,,,,,,,,,,,,10.0,,,,,,,,,,,,,,53432000.0,3420503000.0,,,,,,,429821000.0,,,,,,,,,,,,,,,,,,,,,,-212770000.0,,,,,,,,,,,,,,,,,,,,,,,,,,,,,,,,,,,,
NIL,129,10.0,60.0,40.0,RBB Merchant Banking Limited,False,False,1998-03-30,,2691532330.0,524.0,2772278300.0,2026-09-03 08:55:52,q4,082/083,10.4,226.33,4.6,2.37,,,12158069832.0,5883449870.0,,,,,,288321876.0,,,,,,,,10.4,10.4,6274619962.0,nonlifeinsurancenewreport/nil_082_083_q4_neco_insurance.pdf,,230.13,550826280.0,-47.66,127.69,50.38,-1.06,,,,,6199164851.0,,,,,,,,,,,,,,,3486154.0,673495350.0,,,,2740055722.0,83459633.0,287615679.0,317045754.0,189580770.0,1575345264.0,31034684.0,181588303.0,365027790.0,466873023.0,38342561.0,4857234481.0,,284547323.0,171937086.0,12158069832.0,3298733728.0,1940640169.0,353748633.0,28005672.0,,184821990.0,25109363.0,18734354.0,2551060181.0,,779821067.0,961919458.0,,59855516.0,16832363.0,2768443.0,498083757.0,71292723.0,,181033375.0,14756281.0,2139171787.0,411888394.0,411888394.0,123566518.0,,,,58.83,8.74,27.13,1.81,,,,,,,,,,,1281949924.0,4544543289.0,,,,,,,,,,,,,,,,,,,,,,,,,,,,,,,,,,,,,,,,,,,,,,,,,30670326.0,531388420.0,,,,,,,,,,,,2772278300.0,2457817862.0,1358093559.0,1890224457.0,777773519.0,1294549329.0,226.33,305983.0,102150.0,11485.0,10906.0,,,,,,,,,,,,,,,,58150329.0,,,,,,,,,,,,,,,,,,,,,,,,
NIMB,27,1.0,60.81,39.19,NIMB Ace Capital Limited,False,False,1987-08-24,,34128595000.0,183.0,34128595000.0,2026-09-03 08:55:52,q4,082/083,8.05,197.71,4.15,0.47,-5087553000.0,38433468000.0,613344230000.0,545869719000.0,526632048000.0,321342058000.0,12988685000.0,2234721000.0,4343160000.0,2747216000.0,-5087553000.0,8.66,12.27,3.18,4.53,3.15,68.17,-14.91,8.05,67474511000.0,bankreport/nimb_082_083_q4_nimb.pdf,16214538000.0,189.24,4332282000.0,-36.59,-3.3,22.73,-0.62,,,,,,,,,,,,,,,,,,,,,,,,,,,,,,,,,,,,,,,,,,,,,,,,,,,,,,,,,,,,,,,,,,,,,,,,,,,,,,,,,,,,,,,,,,,,,,,,,,,,,,,,,,,,,,,,,,,,,,,,,,,,,,,,,,,,,,,,,,,,,,,,,,,,,,,,,,,,,,,,,,,,,,,,,,,,,,,,,,,,,,,,,,,,,,,,,,,,
NLBBL,64,9.0,51.0,49.0,RBB Merchant Banking Limited,False,True,,,7320000.0,595.0,732000000.0,2026-09-03 08:55:52,q2,080/081,6.78,181.38,3.74,0.43,-51933711.0,647619883.0,11593859040.0,10266172867.0,3416737018.0,10920583184.0,242538393.0,115374273.0,35440925.0,24808648.0,-51933711.0,8.83,9.42,9.67,14.02,5.33,325.0,-7.09,,,,,166.34,65717105.0,-62.25,257.7,87.76,-1.41,647619883.0,,,,,,,,,,,,,,,,,,,,,,,,,,,,,,,,,,,,,,,,,,,,,,,,,,,,,,,,,,,,,,,,,,,,,,,,,,,,,,,,,,,,,,,,,,,,,,,,,,,,,,,,,,,,,,,,,,,,,,,,,,,,,,,,,,,,,,,,,,,,,,,,,,,,,,,,,,,,,,,,,,,,,,,,,,,,,,,,,,,,,,,,,,,,,,,,,,,
NLG,137,10.0,51.0,49.0,RBB Merchant Banking Limited,False,False,2013-07-16,,2565224430.0,490.5,2667833409.0,2026-09-03 08:55:52,q4,082/083,2.17,166.36,1.3,0.64,,,9058789947.0,4620449494.0,,,,,,57812132.0,,,,,,,,2.17,2.17,4438340453.0,nonlifeinsurancenewreport/nlg_082_083_q4_nlg_insurance.pdf,,90.13,161181590.0,-64.13,444.24,226.04,-3.52,,,,,3063736573.0,,,,,,,,,,,,,,,861046.0,110852915.0,,,57084439.0,2947106247.0,179593060.0,1485627410.0,643827821.0,9019918.0,500416558.0,138524483.0,89487999.0,11700479.0,110581066.0,155830899.0,3816723696.0,,379288290.0,168646168.0,9058789947.0,4025673979.0,1159639298.0,424903222.0,29776739.0,,161721427.0,,59929634.0,1835970320.0,,-2323003184.0,1936345845.0,,106038122.0,9189106.0,1692650.0,353128901.0,37155673.0,57500000.0,131387151.0,8616392.0,1764858807.0,71111513.0,71111513.0,13299382.0,,,,28.81,1.44,44.44,2.63,,,,,,,,,,,984468573.0,2079268000.0,,,,,,,,,,,,,,,,,,,,,,,,,,,,,,,,,,,,,,,,,,,,,,,,,60663960.0,99960441.0,,,,,,,,,,,,266783340.0,1420213017.0,-2866034681.0,3336878988.0,-1890070837.0,1060150812.0,257.14,223911.0,70361.0,13041.0,6565.0,,,,,,,,,,,,,,,,,,,,,,,,,,,,,,,,,,,,,,,,
NLIC,112,7.0,51.0,49.0,Nepal Life Insurance Company Limited,False,False,2003-01-22,,9028763210.0,695.0,9840201370.0,2026-09-03 08:55:52,q4,082/083,4.91,126.07,3.96,0.16,,,292098602285.0,280146657865.0,,,,,,472753703.0,,,,,,,,4.19,4.19,11951944420.0,lifeinsurancenewreport/nlic_082_083_q4_nepal_life.pdf,,118.02,603263580.0,-21.63,488.91,141.55,-6.54,,,,,241937167590.0,,,,,,,,,,,,,,,7426626.0,1189061271.0,2029500000.0,1519139876.0,34676394682.0,,340566500.0,96579916.0,313489243.0,5608889911.0,3975782863.0,,1543628817.0,799089554.0,129024679.0,253411742.0,276134693543.0,20778931.0,1305779346.0,2266477003.0,292098602285.0,54034294512.0,53453989088.0,41340183.0,462333494.0,3690321405.0,16655481043.0,-638382.0,33677791.0,74336504622.0,21579210322.0,-427366513.0,41690894325.0,62842738134.0,4124959317.0,400904918.0,1280100.0,839878920.0,127675143.0,-24149565.0,2353271498.0,99811013.0,70766369478.0,3570135145.0,3690232413.0,3224782058.0,465450355.0,-5006108145.0,-40657790.0,98.93,0.87,18.5,7.63,152.7,126.07,2216593.0,13424986923.0,6082757102.0,40609307589.0,78313.0,24025.0,55-85,55-85,211957941204.0,38946114642.0,3081.14,,,,,,,,,,,,,,,,,,,,,,,,,,,,,,,,,,,,,,,,,,,,,,,,,165517299.0,,,,,,,,,,,,,,,,,,,,,,,,,,,,,,,,,120097268.0,,,,,,,,,,,,,,,,,,,,,,,,,,,,,
NLICL,111,7.0,65.0,35.0,National Life Insurance Company Limited,False,False,2024-08-08,,5472739740.0,551.7,5691649325.0,2026-09-03 08:55:52,q4,082/083,6.64,127.75,5.1,0.32,,,116934116663.0,109663216126.0,,,,,,370616532.0,,,,,,,,6.64,6.64,7270900537.0,lifeinsurancenewreport/nlicl_082_083_q4_national_life.pdf,,138.15,412843080.0,-10.23,299.34,83.09,-8.12,,,,,93819815083.0,,,,,,,,,,,,,,,3249442.0,1036067836.0,1812224670.0,,12381187848.0,19342078.0,123036891.0,,50302922.0,3876036886.0,1802787475.0,27848718.0,745908412.0,489868696.0,315625386.0,322981580.0,106202391150.0,1028904938.0,527229648.0,1243662500.0,116934116663.0,24846659753.0,24158728982.0,,12417215.0,291819282.0,6020733117.0,,6847669.0,31610049664.0,13966300325.0,-245752854.0,12332023842.0,26057578338.0,2269987574.0,181190469.0,,546363494.0,86857453.0,,1291621136.0,25611403.0,30459209867.0,1150839797.0,1150839797.0,780223265.0,370616532.0,-881779951.0,-511163419.0,97.23,1.49,21.25,9.14,87.2,127.75,1441457.0,7105872619.0,3330380233.0,17740787134.0,71515.0,23277.0,60-85,60-85,77867096083.0,15952719000.0,2054.49,,,,,,,,,,,,,,,,,,,,,,,,,,,,,,2.0,,,,,,,,,,,,,,,,,,,338046310.0,,,,,,7748464.0,,,,,,,,,,,,,,,,,,,,,,,,,,,,,,,,,,,,,,,,,,,,,,,,,,,,,,,,
NLO,188,8.0,100.0,0.0,NIBL Ace Capital Limited,False,False,1986-12-14,,0.0,277.4,87435240.0,2026-09-03 08:55:53,q3,082/083,78.19,559.45,13.94,5.87,,,1162303635.0,,,,,,84177481.0,51274119.0,,,,,,,,78.19,78.19,489154924.0,manufacturingandprocessingreport/nlo_082_083_q3_nlo.pdf,,992.08,26823881.0,91.15,-72.04,3.55,0.04,,,,,,,,,,-38753917.0,,,,,1989-12-14,,,,,,,,,,,,,,,,,,,,,,,,,,,,,,,,,,,,,,,,,,,,,,,,,64092649.0,,,,,,,,,,,,,,,,,,,,,,,,,,,,,,215643036.0,,,,,,356789650.0,516724099.0,10261900.0,,325622947.0,19334770.0,366657650.0,177432538.0,653813942.0,1162303635.0,1155754358.0,-826997982.0,328756376.0,-202398955.0,-20084832.0,,,,,,,,,,,,,,,,,,,,,,,,,,,,,,52980856.0,,,,,,,,,,,,,,,,,,,,,,,,,,,,,,,,,,,,,,,,,,,,,,,,,,,,
NMB,15,1.0,51.0,49.0,NMB Capital Limited,False,False,2015-11-16,,18366706000.0,239.6,22285041000.0,2026-09-03 08:55:53,q4,082/083,20.18,181.15,9.64,0.89,1901381000.0,11906521000.0,351592507000.0,319417899000.0,280926468000.0,10497119000.0,9426240000.0,2590868000.0,6117506000.0,4013671000.0,1750941000.0,4.51,11.94,5.1,6.22,3.82,84.33,9.08,20.18,32174608000.0,bankreport/nmb_082_083_q4_nmb_bank.pdf,10497119000.0,286.79,2854638000.0,40.6,-16.46,11.87,0.29,,,,,,,,,,,,,,,,,,,,,,,,,,,,,,,,,,,,,,,,,,,,,,,,,,,,,,,,,,,,,,,,,,,,,,,,,,,,,,,,,,,,,,,,,,,,,,,,,,,,,,,,,,,,,,,,,,,,,,,,,,,,,,,,,,,,,,,,,,,,,,,,,,,,,,,,,,,,,,,,,,,,,,,,,,,,,,,,,,,,,,,,,,,,,,,,,,,,
NMFBS,83,9.0,70.0,30.0,NIBL Ace Capital Limited,False,False,2016-12-05,,1331609000.0,1097.6,1521363000.0,2026-09-03 08:55:53,q4,082/083,58.59,279.32,20.97,2.57,910520000.0,1817519000.0,34745676000.0,30496274000.0,8003340000.0,27966277000.0,2064295000.0,314319000.0,1273290000.0,891303000.0,910520000.0,4.16,13.91,4.31,7.56,,362.03,59.85,58.59,4249402000.0,microfinancereport/nmfbs_082_083_q4_national_laghu.pdf,,606.81,579548000.0,53.79,80.88,18.73,0.35,,,,,,,,,,,,,,,,,,,,,,,,,,,,,,,,,,,,,,,,,,,,,,,,,,,,,,,,,,,,,,,,,,,,,,,,,,,,,,,,,,,,,,,,,,,,,,,,,,,,,,,,,,,,,,,,,,,,,,,,,,,,,,,,,,,,,,,,,,,,,,,,,,,,,,,,,,,,,,,,,,,,,,,,,,,,,,,,,,,,,,,,,,,,,,,,,,,,
NMIC,641,10.0,70.0,30.0,,False,False,2025-04-03,,750000000.0,785.0,750000000.0,2026-09-03 08:55:53,q4,082/083,5.68,106.36,5.34,3.59,,,1188157420.0,390469190.0,,,,,,42610290.0,,,,,,,,5.68,5.68,797688240.0,nonlifeinsurancenewreport/nmic_082_083_q4_nepal_micro_insu.pdf,,116.59,1657100.0,2471.38,573.31,138.2,0.06,,,,,697538700.0,,,,,,,,,,2028-03-09,,,,,13256990.0,31165780.0,,,,153629810.0,40395070.0,,7418350.0,66278010.0,74159580.0,,2373880.0,20659900.0,915620.0,26473230.0,259178390.0,,47268040.0,8975280.0,1188157430.0,297048360.0,124180220.0,38262880.0,,,34710160.0,59653160.0,2100000.0,257657170.0,,-51859150.0,59104050.0,,2536320.0,688560.0,,71324670.0,6528900.0,,58011710.0,600850.0,196785320.0,60871850.0,60871850.0,18261550.0,,,,41.8,14.34,25.0,0.85,,,,,,,,,,,412029450.0,296750000.0,,2025-02-11,2025-08-11,,,,,,,,,,,,,,,,,,,,,,,,,,,,,,,,,,,,,,,,,,,,,,4315130.0,48574250.0,,,,,,,,,,,,750000000.0,23738840.0,-172868140.0,86294330.0,-36444930.0,57094300.0,106.36,126085.0,2169.0,1222.0,905.0,,,,,,,,,,,,,,,,,,,,,,,,,,,-11249250.0,,,,,,,,,,,,,
NMLBBL,633,9.0,51.49,48.51,,False,False,2010-08-02,,1397764272.0,481.5,1397764272.0,2026-09-03 08:55:53,q4,082/083,16.88,186.59,9.04,1.13,-121922334.0,1332287087.0,20959402869.0,18351273843.0,7696727868.0,19322380825.0,1294362499.0,210932573.0,323052418.0,235901425.0,-121922333.5,19.86,9.38,6.27,12.12,8.63,110.6,-8.72,16.88,2608129026.0,microfinancereport/nmlbbl_082_083_q4_nerude_mirmire_hffd1.pdf,,266.21,-182539301.0,-229.23,80.87,28.52,-0.12,,,,,,,,,,,,,,,,,,,,,,,,,,,,,,,,,,,,,,,,,,,,,,,,,,,,,,,,,,,,,,,,,,,,,,,,,,,,,,,,,,,,,,,,,,,,,,,,,,,,,,,,,,,,,,,,,,,,,,,,,,,,,,,,,,,,,,,,,,,,,,,,,,,,,,,,,,,,,,,,,,,,,,,,,,,,,,,,,,,,,,,,,,,,,,,,,,,,
NRIC,198,11.0,84.0,16.0,RBB Merchant Banking Limited,False,False,2020-06-10,,12813544000.0,806.0,13422187078.0,2026-09-03 08:55:53,q3,082/083,-43.51,109.02,-52.99,-19.65,,,39535181253.0,,,,,,,-5840295336.0,,,,,,,,-57.87,-57.87,14657259083.0,othersreport/nric_082_083_q3_nepal_reinsurance.pdf,,,548237943.0,-1165.28,,-18.52,0.02,,,,,17360732493.0,,,,,,12493070.0,,,,2023-06-10,,,,,,,,,,,,,,,,,,,,1383266368.0,,,,,39535181253.0,,,,,,,,,6681667255.0,,,,,,,,,,,,,,,,,,-29933125.0,,,,,,,,,,,,,,,,,,,,,,,,,,,582653951.0,,,,,,,,,,,,,,,,,,,,,,44.04,,,,,,,601065.0,,,,,,,,,,182811533.0,,,,,,,,,,,,,,,,,,,,,,,,,,,,,,,,,,,2556926102.0,12512962593.0,-5840295336.0,-5870228463.0,,,,,,,,,,,167956173.0,,,,,,,,,,,,,,
NRM,310,11.0,,100.0,Mega Capital Market Limited,False,False,2023-08-03,,967500000.0,283.8,967500000.0,2026-09-03 08:55:53,q4,082/083,-3.18,85.63,-3.71,-17.03,,,180441128.0,,,,,,,-30720683.0,,,,,,,,-3.18,-3.18,828490063.0,othersreport/nrm_082_083_q4_nrm.pdf,,,1438864.0,-2235.07,,-89.25,0.04,,,,,15700000.0,,,,,,15521908.0,,,,2026-06-24,,,,,,,,,,,,,,,,,,,,,,,,,1180441128.0,,,,,,,,1905727.0,,,,,,,,,,,,,,,,,,,,,,,,,,,,,,,,,,,,,,,,,,,-535562716.0,,,533157502.0,,19342407.0,,,,,,,,,89661753.0,,,,,,,,,,,,,,,,,,20298700.0,,,,,,,,,,40250240.0,,,,,,,,,,664898.0,,,,,,,,,,,,,,,,,,50342782.0,,,,,,,33727129.0,,-3720683.0,,,612604722.0,483766495.0,567836406.0,262289311.0,113642957.0,45304683.0,,,,,,10135859.0,,,,,,,,,,,,
NRN,184,6.0,,100.0,NRN Infrastructure and Development Limited,False,False,2020-08-25,,1284372290.0,1410.0,1798121200.0,2026-09-03 08:55:53,q4,082/083,-4.32,169.23,-0.12,-0.11,,,3329929590.0,,,,,,,-77689190.0,,,,,,,,-4.32,-4.32,3042894240.0,investmentreport/nrn_082_083_q4_nrn_.pdf,,,670855050.0,-111.58,,-326.39,2.93,,,,,,,,,,,,,,,2023-08-11,,,,,,,,,,,,,,,,,,,,,,,,,3329929590.0,,,,,,,,3288670.0,,,,,,,,,,,,,,,,-5206610.0,,,,,,,,,,,,,,,,,,,,,,,,,,,,,11125840.0,,,,1323539400.0,,,,,,,,,,,,,,,,,,,,,,363006030.0,273177460.0,-3451160.0,-12804970.0,-5967890.0,,,,275909510.0,-12203060.0,,11310100.0,715932410.0,,,,,,,,2006390180.0,,,,,,,,,,,,,,,,,,,,2375980.0,,,,,,,,,,,,,,,,,,,,,,,,,,,,,,,,,,,,,
NSEWA,105,9.0,,,,True,False,,,0.0,,61500000.0,2026-09-03 08:55:53,q1,078/079,-29.32,150.38,-0.54,-0.49,,,908407020.0,68661410.0,130034870.0,757560190.0,10977680.0,,-15532750.0,-4508640.0,,6.72,10.7,8.99,,,,,,,,,,1677990.0,-368.69,,,,30981820.0,,,,,,,,,,,,,,,,,,,,,,,,,,,,,,,,,,,,,,,,,,,,,,,,,,,,,,,,,,,,,,,,,,,,,,,,,,,,,,,,,,,,,,,,,,,,,,,,,,,,,,,,,,,,,,,,,,,,,,,,,,,,,,,,,,,,,,,,,,,,,,,,,,,,,,,,,,,,,,,,,,,,,,,,,,,,,,,,,,,,,,,,,,,,,,,,,,,
NSLB,71,9.0,51.0,49.0,Sanima Capital Limited,True,False,2014-01-16,,0.0,693.5,303395260.0,2026-09-03 08:55:53,q3,079/080,8.59,128.33,5.17,0.54,108527825.0,85966043.0,4728527697.0,3266873060.0,963765505.0,4324377509.0,147242438.0,42034398.0,27592258.0,19314581.0,2307169.0,6.98,9.79,13.29,18.28,,448.49,,,,,,157.49,64072310.0,-69.86,340.35,80.73,-1.16,194493870.0,,,,,,,,,,,,,,,,,,299371130.0,,,,,,,,,,,,,,,,,,,,,,,,,,,,,,,,,,,,,,,,,,,,,,,,,,,,,,,,,,,,,,,,,,,,,,,,,,,,,,,,,,,,,,,,,,,,,,,,,,,,,,,,,,,,,,,,,,,,,,,,,,,,,,,,,,,,,,,,,,,,,,,,,,,,,,,,,,,,,,,,,,,,,,,,,,,,,,,,,
NSY,691,,,,,,,,,,,,2026-09-03 08:55:54,,,,,,,,,,,,,,,,,,,,,,,,,,,,,,,,,,,,,,,,,,,,,,,,,,,,,,,,,,,,,,,,,,,,,,,,,,,,,,,,,,,,,,,,,,,,,,,,,,,,,,,,,,,,,,,,,,,,,,,,,,,,,,,,,,,,,,,,,,,,,,,,,,,,,,,,,,,,,,,,,,,,,,,,,,,,,,,,,,,,,,,,,,,,,,,,,,,,,,,,,,,,,,,,,,,,,,,,,,,,,,,,,,,,,,
NTC,197,11.0,92.0,8.0,Nepal Doorsanchar Company Limited,False,False,2008-08-24,,18000000000.0,881.0,18000000000.0,2026-09-03 08:55:54,q4,082/083,49.25,557.54,8.83,6.42,,,138126091000.0,,,,,,,8864638000.0,,,,,,,,49.25,49.25,100356484000.0,othersreport/ntc_082_083_q4_nepal_telicom.pdf,,786.02,2668192000.0,232.23,12.08,17.89,0.08,,,,,24219688000.0,,,,,,-5636924000.0,,,,2011-08-24,,,,,,,,,,,,,,,,,,,,321124000.0,,,,,1381260910.0,,,,,,,,1344457000.0,39199647000.0,,,,,,,,,,,,,,,,,,-1613436000.0,,,,,,,,,,,,,,,,,,,,,,,,82356484000.0,,10237905.0,44235996000.0,2545634000.0,912195000.0,,,,,,,,,17502757000.0,,,,,,,,,,,91.49,,,,,,,-165146000.0,,,,,,,,,,10536497000.0,,,,,,,,,,,,,,,,,,,,,,,,,,,,251350000.0,,,,,,,23876813000.0,,13264771000.0,7251202000.0,,84199198000.0,1416956000.0,53926893000.0,20266850000.0,34950449000.0,,2495744000.0,,,,,,13820723000.0,54194000.0,-5913021000.0,-202562000.0,-4050760000.0,-967098000.0,-446242000.0,-54561000.0,492091000.0,,,
NUBL,60,9.0,51.0,49.0,NIBL Ace Capital Limited,False,False,2003-04-24,,2612079750.0,575.0,2742683738.0,2026-09-03 08:55:54,q4,082/083,12.8,221.18,5.79,1.15,309089063.0,3013960778.0,30551428784.0,24485185094.0,22644075168.0,26758824856.0,1884586710.0,330919705.0,704983502.0,350980626.0,309089063.0,12.8,12.11,8.04,12.46,6.61,120.76,11.27,12.8,6066243690.0,microfinancereport/nubl_082_083_q4_nirdhanuthhan.pdf,,252.39,1002608166.0,-64.99,127.82,44.92,-0.69,,,,,,,,,,,,,,,,,,,,,,,,,,,,,,,510111.0,,,,,,,,,,,,,,,,,,,,,,,,,,,,,,,,,,,,,,,,,,,,,,,,,,,,,,,,,,,,,,,,,,,,,,,,,,,,,,,,,,,,,,,,,,,,,,,,,,,,,,,,,,,,,,,,,,,,,,,,,,,,,,,,,,,,,,,,,,,,,,,,,,,,,,,,,,,,,,,,,,,,,
NWCL,446,11.0,80.0,20.0,,False,False,2023-12-20,,687500000.0,606.0,687500000.0,2026-09-03 08:55:54,q4,082/083,-6.54,67.04,-6.35,-2.56,,,1756759568.0,,,,,,,-44935622.0,,,,,,,,-6.54,-6.54,707532347.0,othersreport/nwcl_082_083_q4_nepal_warehousing.pdf,,,,,,-92.66,,,,,,,,,,,,31328806.0,,,,2026-12-06,,,,,,,,,,,,,,,,,,,,1441007.0,,,,,1756759568.0,,,,,,,,2398959.0,319685806.0,,,,,,,,,,,,,,,,,,,,,,,,,,,,,,,,,,,,,2023-12-06,2024-06-06,,,,-226584884.0,,,1055812584.0,476527926.0,9037098.0,,,,,,,,,1000000000.0,,,,,,,,,,,,,,,,,,42123705.0,,,,,,,,,,72397102.0,,,,,,,,,,,,,,,,,,,,,,,,,,,,,,,,,,,9167127.0,,-59092932.0,,,1613774710.0,15351011.0,142984856.0,49227221.0,317286846.0,,,,,,,,,,,,,,,,,,,
NYADI,203,5.0,,100.0,NMB Capital Limited,False,False,2021-11-24,,1500000000.0,346.0,1500000000.0,2026-09-03 08:55:54,q4,082/083,2.7,68.8,3.92,0.73,,,5525604000.0,,,,,,,40447000.0,,,,,,,,2.7,2.7,1032067000.0,hydropowerreport/nyadi_082_083_q4_nyadi_hydro.pdf,,64.65,-93356000.0,-143.33,435.19,128.15,-0.89,,4163287000.0,5806000.0,,,199042000.0,226168000.0,652012000.0,10869000.0,-32731000.0,,-291427000.0,,,2024-10-21,30.000,203900000,,,,,,,,,,,,,,,,,,,,,,,,,,,,,,,,,,,,,,,,,,,,,,,,,,,,,,,,,,,,,,,,,,,,,,,,,,,,,,,,,,,,,,,,,,,,,,,,,,,,,,,,,,,,,,,,,,,,,,,,,,,,,,,,,,,,,,,,,,,,,,,,,,,,,,,,,,,,,,,,,,,,,,,,,,,,,,,,,,,
OHL,195,4.0,70.0,30.0,NIBL Ace Capital Limited,False,False,2001-08-21,,1184494960.0,619.0,1184494960.0,2026-09-03 08:55:54,q4,082/083,-4.01,326.64,-1.23,-0.78,,,6086173800.0,,,,,,,-47447151.0,,,,,,,,-4.01,-4.01,3869092672.0,hotelsandtourismreport/ohl_082_083_q4_oriantal_hotels.pdf,,,43793348.0,-208.34,,-154.36,0.74,,,,,,,,,,170058836.0,,,,,2004-08-21,,,,,,,,,,,,,,,,,,,,,,,,,,,,,,,,,,,,,,,,,,,126753057.0,,,139680422.0,,,-48638080.0,,,,,,,,,,,,,,,,,,,,,,,,,,209453970.0,2684597713.0,1146507278.0,522847047.0,4847760676.0,184923392.0,,689761992.0,,27060705.0,,,,,,,,,,,,,,,,,,,1001103785.0,,,,,,,,,,,,,,,,,,,,,,,,,,,,,,,,,,,,,,,,,,,,,,,,,,,,,,,,,,,,,,,,,,,,,,,,,,,,,,
OMPL,643,8.0,70.0,30.0,,False,False,2025-04-30,,600000000.0,885.0,600000000.0,2026-09-03 08:55:54,q4,082/083,-6.29,98.04,-6.42,-2.46,,,1536027298.0,,,,,,,-37757017.0,,,,,,,,-6.29,-6.29,588238856.0,manufacturingandprocessingreport/ompl_082_083_q4_om_megashree.pdf,,,8928363.0,-522.89,,-140.7,0.27,,,,,,,,,,69826170.0,44709658.0,,,,2028-03-25,,,,,,,,,,,,,,,,,,,,,,14719522.0,,55630670.0,,,,,,,,,1486983.0,,,,,,,,,,,,,,,,-37757017.0,,,,,,,,,,,,,,,,,,,,,,2025-03-25,2025-09-25,,,,,,,1019592633.0,,8534496.0,,,,31732091.0,,3224483.0,3155377.0,-74160217.0,565805911.0,306209375.0,,381982531.0,1536027298.0,210114235.0,82141737.0,,,52680670.0,,,,,,,,,,,,,,,,,,,,,551076389.0,,,,,,,,,,,,,,,,,,,,,,,,,,,,,,,,,,,,,,,,,,,,,,,,,,,,,,,,,,,,,
PCBL,19,1.0,51.0,49.0,Civil Capital Market Limited,False,False,2017-07-07,,19402575720.0,237.0,20954781773.0,2026-09-03 08:55:54,q4,082/083,19.63,175.8,11.8,1.26,1907412912.0,1396198676.0,336067949257.0,299229555896.0,227743614735.0,226441101956.0,9212693619.0,1949358950.0,6833055450.0,4112568800.0,1907412912.0,6.69,12.87,3.81,4.95,3.66,83.36,9.1,19.63,36838393362.0,bankreport/pcbl_082_083_q4_prime_commercial.pdf,10595286042.0,278.65,3200758955.0,28.49,-14.95,12.07,0.42,,,,,,,,,,,,,,,,,,,,,,,,,,,,,,,,,,,,,,,,,,,,,,,,,,,,,,,,,,,,,,,,,,,,,,,,,,,,,,,,,,,,,,,,,,,,,,,,,,,,,,,,,,,,,,,,,,,,,,,,,,,,,,,,,,,,,,,,,,,,,,,,,,,,,,,,,,,,,,,,,,,,,,,,,,,,,,,,,,,,,,,,,,,,,,,,,,,,
PCIL,679,8.0,80.0,20.0,,False,False,2026-04-09,,3750000000.0,628.0,3750000000.0,2026-09-03 08:55:55,q4,082/083,1.23,129.15,0.83,0.39,,,10315081003.0,,,,,,429397647.0,39992666.0,,,,,,,,1.23,1.23,4843256571.0,manufacturingandprocessingreport/pcil_082_083_q4_palpa_cement.pdf,,59.78,,,950.43,510.57,,,,,,,,,,,114242677.0,,,,,2029-03-13,,,,,,,,,,,,,,,,,,,,,,202496600.0,,48515469.0,,,,,,,,,18131953.0,,,,,,,,,,,,,,,,45381060.0,,,,,,,,,,,,,,,,,,,,,,2026-03-13,2026-09-13,,,,,,,7591712513.0,,256000.0,,,,1427460311.0,49899661.0,138181179.0,68416682.0,1093256571.0,4776209438.0,349200280.0,199813110.0,695614994.0,10315081003.0,4765939969.0,3992473584.0,773466385.0,247958013.0,384016587.0,,,,,,,,,,,,,,,,,,,,,11526416.0,,,,,,,,15060748.0,97627084.0,,,,,,,,,,,,,,,,,,,,,,,,,,,,,,,,,,,,,,,,,,,,,,,,,,,,
PFL,49,3.0,60.0,40.0,Prabhu Capital Limited,False,False,1999-09-02,,1082556610.0,364.0,1901468005.0,2026-09-03 08:55:55,q4,082/083,13.37,70.01,19.1,2.11,-1830098373.0,1240056783.0,12079719336.0,10748589635.0,10433044005.0,5936870411.0,176435596.0,3199290.0,428473292.0,254299521.0,-1830098373.0,20.84,12.89,3.81,6.52,4.16,66.43,-96.25,13.37,1331129701.0,financereport/pfl_082_083_q4_pokhara_finance.pdf,85122034.0,145.12,113908890.0,123.25,150.82,27.23,0.22,,,,,,,,,,,,,,,,,,,,,,,,,,,,,,,19703286.0,,,,,,,,,,,,,,,,,,,,,,,,,,,,,,,,,,,,,,,,,,,,,,,,,,,,,,,,,,,,,,,,,,,,,,,,,,,,,,,,,,,,,,,,,,,,,,,,,,,,,,,,,,,,,,,,,,,,,,,,,,,,,,,,,,,,,,,,,,,,,,,,,,,,,,,,,,,,,,,,,,,,,
PHCL,265,5.0,,100.0,Sanima Capital Limited,False,False,2022-12-13,,3200000000.0,300.0,3200000000.0,2026-09-03 08:55:55,q4,082/083,2.23,102.24,2.18,0.62,,,11516943164.0,,300268534.0,,,,,71416567.0,,,,,,,,2.23,2.23,3271800853.0,,,71.62,-157711395.0,-145.28,318.86,134.53,-0.93,70995852.0,8169108954.0,62835135.0,,,652195281.0,73119647.0,1156058782.0,67185612.0,-130777023.0,,-593509133.0,,,2025-09-21,54,192400000,,,,,,,,,,,,,,,,,,,,,,,,,,,,,,,,,,,,,,,,,,,,,,,,,,,,,,,,,,,,,,,,,,,,,,,,,,,,,,,,,,,,,,,,,,,,,,,,,,,,,,,,,,,,,,,,,,,,,,,,,,,,,,,,,,,,,,,,,,,,,,,,,,,,,,,,,,,,,,,,,,,,,,,,,,,,,,,,,,,
PIC,128,10.0,51.0,49.0,Premier Insurance Company Limited,False,True,,,0.0,624.0,0.0,2026-09-03 08:55:55,,,,,,,,,,,,,,,,,,,,,,,,,,,,,,,,,,,,,,,,,,,,,,,,,,,,,,,,,,,,,,,,,,,,,,,,,,,,,,,,,,,,,,,,,,,,,,,,,,,,,,,,,,,,,,,,,,,,,,,,,,,,,,,,,,,,,,,,,,,,,,,,,,,,,,,,,,,,,,,,,,,,,,,,,,,,,,,,,,,,,,,,,,,,,,,,,,,,,,,,,,,,,,,,,,,,,,,,,,,,,,,,,,,,,,
PICL,133,10.0,51.0,49.0,NMB Capital Limited,True,False,2004-11-10,,0.0,367.6,0.0,2026-09-03 08:55:55,,,,,,,,,,,,,,,,,,,,,,,,,,,,,,,,,,,,,,,,,,,,,,,,,,,,,,,,,,,,,,,,,,,,,,,,,,,,,,,,,,,,,,,,,,,,,,,,,,,,,,,,,,,,,,,,,,,,,,,,,,,,,,,,,,,,,,,,,,,,,,,,,,,,,,,,,,,,,,,,,,,,,,,,,,,,,,,,,,,,,,,,,,,,,,,,,,,,,,,,,,,,,,,,,,,,,,,,,,,,,,,,,,,,,,
PLI,119,7.0,70.0,30.0,Prabhu Life Insurance Limited,False,False,2021-01-01,,0.0,587.0,0.0,2026-09-03 08:55:55,,,,,,,,,,,,,,,,,,,,,,,,,,,,,,,,,,,,,,,,,,,,,,,,,,,,,,,,,,,,,,,,,,,,,,,,,,,,,,,,,,,,,,,,,,,,,,,,,,,,,,,,,,,,,,,,,,,,,,,,,,,,,,,,,,,,,,,,,,,,,,,,,,,,,,,,,,,,,,,,,,,,,,,,,,,,,,,,,,,,,,,,,,,,,,,,,,,,,,,,,,,,,,,,,,,,,,,,,,,,,,,,,,,,,,
PLIC,115,7.0,60.0,40.0,Nabil Investment Banking Limited,False,False,,,0.0,340.0,0.0,2026-09-03 08:55:55,,,,,,,,,,,,,,,,,,,,,,,,,,,,,,,,,,,,,,,,,,,,,,,,,,,,,,,,,,,,,,,,,,,,,,,,,,,,,,,,,,,,,,,,,,,,,,,,,,,,,,,,,,,,,,,,,,,,,,,,,,,,,,,,,,,,,,,,,,,,,,,,,,,,,,,,,,,,,,,,,,,,,,,,,,,,,,,,,,,,,,,,,,,,,,,,,,,,,,,,,,,,,,,,,,,,,,,,,,,,,,,,,,,,,,
PMHPL,160,5.0,,100.0,Panchakanya Mai Hydropower Limited,False,False,2018-12-10,,1100000000.0,291.5,1100000000.0,2026-09-03 08:55:55,q4,082/083,6.07,83.39,7.28,2.69,,,2484348929.0,,,,,,,66795756.0,,,,,,,,6.07,6.07,917317656.0,hydropowerreport/pmhpl_082_083_q4_panchakanya.pdf,,106.72,-68561139.0,-197.43,173.15,48.02,-0.24,-182682344.0,1244813261.0,3783217.0,,,96216305.0,141550265.0,,1508854.0,5541150.0,118350698.0,,1339073.0,,2021-12-10,6.1,181800000,,,,,,,,,,,,,,,,,,,,,,,,,,,,,,,,,,,,,,,,,,,,,,,,,,,,,,,,,,,,,,,,,,,,,,,,,,,,,,,,,,,,,,,,,,,,,,,,,,,,,347144364.0,,,,,,,,,,,,,,,,,,,,,,,,,,,,,,,,,,,,,,,,,,,,,,,,,,,,,,,,,,,,,,,,,,,,,,,,,,,,,,
PMLI,447,7.0,84.67,15.33,,False,False,2021-01-01,,5103648000.0,402.1,5307793920.0,2026-09-03 08:55:55,q4,082/083,7.08,116.58,6.07,1.46,,,25758666246.0,19571029744.0,,,,,,375593034.0,,,,,,,,7.08,7.08,6187636502.0,lifeinsurancenewreport/pmli_082_083_q4_prabhu_mahalxmi_life.pdf,,136.28,370743480.0,1.31,195.06,56.79,43.42,,,,,20838490554.0,,,,,,,,,,2024-01-01,,,,,15413110.0,284897018.0,,,1576533385.0,44032161.0,536469933.0,39190592.0,17740016.0,256401350.0,1754788212.0,19352486.0,148504528.0,428240515.0,283745053.0,70171396.0,18656434020.0,,250117052.0,341233043.0,25758666246.0,6498434331.0,6265733220.0,6654233.0,32615659.0,150203789.0,1016698242.0,73764328.0,2315519.0,7519413453.0,1051051178.0,-111713243.0,4631919390.0,5528632741.0,603888839.0,46719888.0,2401451.0,440557404.0,79748493.0,,420268502.0,21603100.0,7143820419.0,375593034.0,375593034.0,,375593034.0,-60027203.0,315565831.0,96.42,5.78,25.23,9.29,61.2,116.58,256070.0,2313529317.0,926343290.0,4184905014.0,1415.0,14.0,23-73,23-73,13088406178.0,7750084376.0,485.3,,,,,,,,,,,,,,,,,,,,,,,,,,,,,,,,,,,,,,,,,,,,,,,,394709917.0,253074232.0,,,,,,-28571536.0,,,,,,,,,,,,,,,,,,,,,,,,,,,,,,,,,,,,,,,,,,,,,,,,,,,,,,,,
PPCL,168,5.0,0.0,100.0,Sanima Capital Limited,False,False,2019-05-03,,962500000.0,329.0,962500000.0,2026-09-03 08:55:56,q4,082/083,8.85,98.65,8.97,2.96,,,2877749220.0,,1430400.0,,,,,85163270.0,,,,,,,,8.85,8.85,949508050.0,hydropowerreport/ppcl_082_083_q4_panchthar_power.pdf,,140.16,-46123350.0,-284.64,134.74,37.18,-0.13,-12991950.0,,2787560.22,,,90189000.0,1928241180.0,377816870.0,511480.0,,94231600.0,136493960.0,,,2022-05-03,14.900,175400000,,,,,,,,,,,,,,,,,,,,,,,,,,,,,,,,,,,,,,,,,,,,,,,,,,,,,,,,,,,,,,,,,,,,,,,,,,,,,,,,,,,,,,,,,,,,,,,,,,,,12266700.0,,,,,,,,,,,,,,,,,,,,,,,,,,,,,,,,,,,,,,,,,,,,,,,,,,,,,,,,,,,,,,,,,,,,,,,,,,,,,,,
PPL,257,5.0,,100.0,Prabhu Capital Limited,False,False,2022-11-13,,948900000.0,303.0,948900000.0,2026-09-03 08:55:56,q4,082/083,-2.29,102.59,-2.24,-2.23,,,974855000.0,,84084000.0,,,,,-21763000.0,,,,,,,,-2.29,-2.29,973445000.0,hydropowerreport/ppl_082_083_q4_ppl-q4-pdf.pdf,,,3319000.0,-755.71,,-132.31,0.18,-40931000.0,,128000.0,,,109402000.0,1410000.0,,,61734000.0,92000.0,2897000.0,-21763000.0,,2025-08-28,4.96,191600000.16,,,,,,,,,,,,,,,,,,,,,,,,,,,,,,,,,,,,,,,,,,,,,,,,,,,,,,,,,,,,,,,,,,,,,,,,,,,,,,,,,,,,,,,,,,,,,,,,,,,,,89890000.0,,,,,,,,,,,,,,,,,,,,,,,,,,,,,,,,,,,,,,,,,,,,,,,,,,,,,,,,,,,,,,,,,,,,,,,,,,,,,,
PRIN,130,10.0,51.0,49.0,Prabhu Capital Limited,False,False,2007-08-11,,1700955920.0,594.0,1848939085.0,2026-09-03 08:55:56,q4,082/083,13.33,193.0,6.91,3.31,,,7437160112.0,3868676793.0,,,,,,246443347.0,,,,,,,,13.33,13.33,3568483319.0,nonlifeinsurancenewreport/prin_082_083_q4_prabhu_insurance.pdf,,240.59,211958940.0,16.27,146.89,44.56,2.74,,,,,1288608275.0,,,,,,,,,,,,,,,385945.0,106395366.0,,,,2529912891.0,,1243167716.0,512481653.0,358242353.0,1356723272.0,,113597336.0,104151540.0,154190836.0,158466713.0,3164006030.0,2636979.0,112962141.0,34817590.0,7437160112.0,1748103241.0,694560608.0,206536923.0,10580841.0,,83209333.0,1830818.0,13445498.0,1010982925.0,,-269960460.0,263710037.0,,35194754.0,5430136.0,,244865530.0,33177917.0,31930000.0,63324960.0,2748483.0,658921001.0,352061924.0,352061924.0,-105618577.0,,,,39.73,14.1,23.5,2.01,,,,,,,,,,,616658275.0,671950000.0,,,,,,,,,,,,,,,,,,,,,,,,,,,,,,,,,,,,,,,,,,,,,,,,,20425972.0,381941987.0,,,,,,,,,,,13845352.0,1848939085.0,1347604521.0,-1053542633.0,501234829.0,-252735184.0,242249222.0,193.0,114613.0,46885.0,10567.0,1970.0,,,,,,,,,,,,,,,,20816669.0,,,,,,,,,,,818904.0,,,,,,,,,,,,,
PROFL,56,3.0,51.0,49.0,NIBL Ace Capital Limited,False,False,2009-03-01,,848106000.0,380.9,848106000.0,2026-09-03 08:55:56,q4,082/083,5.92,83.84,7.06,0.56,-359522861.0,222478657.0,8899819290.0,8188757494.0,7929663429.0,5459776089.0,193683586.0,26088895.0,69362906.0,50169592.0,-359522861.0,3.01,12.25,4.1,7.2,4.55,69.6,,5.92,711061796.0,financereport/profl_082_083_q4_progressive_finance.pdf,63285019.0,105.68,101822787.0,-50.73,260.44,64.34,-1.27,,,,,,,,,,,,,,,,,,,,,,,,,,,,,,,,,,,,,,,,,,,,,,,,,,,,,,,,,,,,,,,,,,,,,,,,,,,,,,,,,,,,,,,,,,,,,,,,,,,,,,,,,,,,,,,,,,,,,,,,,,,,,,,,,,,,,,,,,,,,,,,,,,,,,,,,,,,,,,,,,,,,,,,,,,,,,,,,,,,,,,,,,,,,,,,,,,,,
PRSF,296,,,,,,,,,,,,2026-09-03 08:55:56,,,,,,,,,,,,,,,,,,,,,,,,,,,,,,,,,,,,,,,,,,,,,,,,,,,,,,,,,,,,,,,,,,,,,,,,,,,,,,,,,,,,,,,,,,,,,,,,,,,,,,,,,,,,,,,,,,,,,,,,,,,,,,,,,,,,,,,,,,,,,,,,,,,,,,,,,,,,,,,,,,,,,,,,,,,,,,,,,,,,,,,,,,,,,,,,,,,,,,,,,,,,,,,,,,,,,,,,,,,,,,,,,,,,,,
PRVU,16,1.0,51.0,49.0,Prabhu Capital Limited,False,False,2017-01-15,,23542490000.0,176.0,23542490000.0,2026-09-03 08:55:56,q4,082/083,-1.02,140.92,-0.71,-0.06,-6313117000.0,15946628000.0,412087635000.0,378911634000.0,348043138000.0,214546544000.0,9265782000.0,2217269000.0,1593147000.0,-241243000.0,-6313117000.0,15.55,11.83,3.25,4.99,3.28,67.86,-26.82,-1.02,33176001000.0,bankreport/prvu_082_083_q4_prabhu_bank.pdf,6947231000.0,,872326000.0,-127.66,,-172.55,1.35,,,,,,,,,,,,,,,,,,,,,,,,,,,,,,,,,,,,,,,,,,,,,,,,,,,,,,,,,,,,,,,,,,,,,,,,,,,,,,,,,,,,,,,,,,,,,,,,,,,,,,,,,,,,,,,,,,,,,,,,,,,,,,,,,,,,,,,,,,,,,,,,,,,,,,,,,,,,,,,,,,,,,,,,,,,,,,,,,,,,,,,,,,,,,,,,,,,,
PSF,215,,,,,,,,,,,,2026-09-03 08:55:56,,,,,,,,,,,,,,,,,,,,,,,,,,,,,,,,,,,,,,,,,,,,,,,,,,,,,,,,,,,,,,,,,,,,,,,,,,,,,,,,,,,,,,,,,,,,,,,,,,,,,,,,,,,,,,,,,,,,,,,,,,,,,,,,,,,,,,,,,,,,,,,,,,,,,,,,,,,,,,,,,,,,,,,,,,,,,,,,,,,,,,,,,,,,,,,,,,,,,,,,,,,,,,,,,,,,,,,,,,,,,,,,,,,,,,
PSIS,657,,,,,,,,,,,,2026-09-03 08:55:56,,,,,,,,,,,,,,,,,,,,,,,,,,,,,,,,,,,,,,,,,,,,,,,,,,,,,,,,,,,,,,,,,,,,,,,,,,,,,,,,,,,,,,,,,,,,,,,,,,,,,,,,,,,,,,,,,,,,,,,,,,,,,,,,,,,,,,,,,,,,,,,,,,,,,,,,,,,,,,,,,,,,,,,,,,,,,,,,,,,,,,,,,,,,,,,,,,,,,,,,,,,,,,,,,,,,,,,,,,,,,,,,,,,,,,
PURE,644,11.0,80.0,20.0,Nabil Investment  Banking Ltd,False,False,2025-05-26,,800000000.0,763.8,800000000.0,2026-09-03 08:55:56,q4,082/083,3.16,103.64,3.05,1.08,,,2345425502.0,,,,,,,25301747.0,,,,,,,,3.16,3.16,829139649.0,othersreport/pure_082_083_q4_pure_energy.pdf,,85.84,31979038.03,-20.88,789.78,241.71,-11.58,,,,,157010000.0,,,,,,104952415.0,,,,2028-04-24,,,,,,,,,,,,,,,,,,,,1108548.0,,,,,2345425502.0,,,,,,,,188243.0,247805068.0,,,,,,,,,,,,,,,,,,,,,,,,,,,,,,,,,,,,,2025-04-24,2025-10-24,,,,,,,1996840401.0,,3658651.0,,,,,,,,,1405494176.0,,,,,,,,,,,,,,,,,,,,,,,,,,,,,,,,,,,,,,,,,,,,,,,,,,,,,,,,5069750.0,,,,,,,3327550.0,,25301747.0,,,2288217912.0,45634622.0,57207590.0,,247616825.0,11517096.0,2661119.0,,,,,,,,,,,104952415.0,,,,,,
RADHI,158,5.0,0.0,100.0,Radhi Bidyut Company Limited,False,False,2018-03-26,,1838979320.0,675.0,1838979317.0,2026-09-03 08:55:56,q4,082/083,19.75,170.14,11.61,10.08,,,3604241272.0,,17556191.0,,,,,363251016.0,,,,,,,,19.75,19.75,3128912265.0,,,274.97,379817561.0,-4.36,145.49,34.18,-7.84,1289932948.0,252250000.0,436222226.0,,,275540395.0,97813367.0,137615548.0,357378681.0,35875437.0,21709249.0,24295120.0,,,2021-03-26,4.400,139000000,,,,,,,,,,,,,,,,,,,,,,,,,,,,,,,,,,,,,,,,,,,,,,,,,,,,,,,,,,,,,,,,,,,,,,,,,,,,,,,,,,,,,,,,,,,,,,,,,,,,,,,,,,,,,,,,,,,,,,,,,,,,,,,,,,,,,,,,,,,,,,,,,,,,,,,,,,,,,,,,,,,,,,,,,,,,,,,,,,,
RAWA,303,5.0,,100.0,Prabhu Capital Limited,False,False,2023-07-04,,280000000.0,400.0,280000000.0,2026-09-03 08:55:56,q4,082/083,11.17,86.32,12.93,4.79,,,652219486.0,,,,,,,31262955.0,,,,,,,,11.17,11.17,241706786.0,hydropowerreport/rawa_082_083_q4_rawa q4report.pdf,,147.29,18277335.0,71.05,171.57,35.81,0.5,-38293214.0,395835997.0,1967485.0,,,38272533.0,12377053.0,104782960.0,,1468756.0,24162825.0,26622183.0,,,2026-06-12,3,215500000,,,,,,,,,,,,,,,,,,,,,,,,,,,,,,,,,,,,,,,,,,,,,,,,,,,,,,,,,,,,,,,,,,,,,,,,,14799350.0,,,,,,,,,,,,,,,,,,,,,,,,,,,,,,,,,,,,,,,,,,,,,,,,,,,,,,,,,,,,,,,,,,,,,,,,,,,,,,,,,,,,,,,,,,,,,,,,,,,,,,,,,,
RBCL,124,10.0,87.73,12.27,NIBL Ace Capital Limited,False,False,1984-11-08,,266639060.0,13301.0,266639059.0,2026-09-03 08:55:57,q4,082/083,129.18,6407.05,2.02,1.39,,,24814700711.0,7731005475.0,,,,,,344437907.0,,,,,,,,129.18,129.18,17083695235.0,nonlifeinsurancenewreport/rbcl_082_083_q4_rastriya_beema (2).pdf,,4315.37,427642633.0,-19.46,208.22,102.96,-5.29,,,,,18250717113.0,,,,,,,,,,,,,,,8745120.0,55370984.0,,,596664999.0,2577924408.0,94768168.0,170077992.0,2755429181.0,143901061.0,161101685.0,,709496025.0,2595584484.0,10155761458.0,3008824279.0,3346476786.0,,1317571467.0,,24814700711.0,1481428640.0,231613235.0,222661474.0,,,461227149.0,,-3410951.0,912090907.0,,-231415836.0,320021185.0,,3547288.0,1637757.0,,208204105.0,8219941.0,30000000.0,75158351.0,,503748092.0,408342815.0,408342815.0,63904907.0,,,,15.63,23.25,5.97,0.24,,,,,,,,,,,1528809722.0,6630000000.0,,,,,,,,,,,,,,,,,,,,,,,,,,,,,,,,47.52,,,,,,,,,,,,,,,,,,58132944.0,,,,,,,,,,,,266639059.0,3325755909.0,-1249815405.0,301061678.0,-212686379.0,176980649.0,6407.05,32343.0,15320.0,1729.0,5964.0,,,,,,,,,,,,,,,,,,,,,,,,,,,,,,,,,,,,,,30458300.0,1583655682.0,
RFPL,240,5.0,,100.0,Prabhu Capital Limited,False,False,2022-07-15,,14000000.0,327.0,1400000000.0,2026-09-03 08:55:57,q4,082/083,2.71,119.78,2.26,1.34,,,2839149660.0,,31422530.0,,,,,37945500.0,,,,,,,,2.71,2.71,1676959290.0,,,85.46,1079020.0,3416.66,282.63,120.66,0.04,276959290.0,1108057840.0,2204381590.0,,214398000.0,420370070.0,54132540.0,,1990.0,15939570.0,59765600.0,112485640.0,774400.0,,2025-05-22,10.3,180600000,,,,,,,,,,,,,,,,,,,,,,,,,,,,,,,,,,,,,,,,,,,,,,,,,,,,,,,,,,,,,,,,,,,,,,,,,,,,,,,,,,,,,,,,,,,,,,,,,,,,,264331180.0,,,,,,,,,,,,,,,,,,,,,,,,,,,,,,,,,,,,,,,,,,,,,,,,,,,,,,,,,,,,,,,,,,,,,,,,,,,,,,
RHGCL,250,5.0,,100.0,None,False,False,2022-07-30,,1225587600.0,243.0,1225587600.0,2026-09-03 08:55:57,q4,082/083,-2.16,93.56,-2.3,-1.49,,,1769468877.0,,36531878.0,,,,,-26419388.0,,,,,,,,-2.16,-2.16,1146635185.0,,,,-73728358.0,-64.17,,-112.5,1.75,-78952415.0,316400901.0,1548515421.0,,271600.0,220681856.0,30571352.0,83970772.0,3390362.0,2752640.0,62498196.0,25357140.0,,,2025-07-24,4.4,266900000,,,,,,,,,,,,,,,,,,,,,,,,,,,,,,,,,,,,,,,,,,,,,,,,,,,,,,,,,,,,,,,,,,,,,,,,,,,,,,,,,,,,,,,,,,,,,,,,,,,,,,,,,,,,,,,,,,,,,,,,,,,,,,,,,,,,,,,,,,,,,,,,,,,,,,,,,,,,,,,,,,,,,,,,,,,,,,,,,,,
RHPC,146,5.0,,100.0,,False,True,2014-07-06,,0.0,838.0,1548901200.0,2026-09-03 08:55:57,q3,079/080,0.39,105.71,,,,,,,33525451.0,,,,,4489805.0,,,,,,,,,,,,,30.46,483840881.0,-99.07,2651.46,2148.72,-21.69,21533141.0,3262053390.0,2894707507.0,,,,,269616599.0,,20875915.0,84660355.0,,,147864721.0,2017-07-06,2.40,,,23365973.0,,,,,,,,,,,,,,,,,,,,,,,,,,,,,,,,,,,,,,,,,,,,,,,,,,,,,,,,,,,,,,,,,,,,,4695390.0,29065158.0,,,,,,,,,,,,,,,,,,,,,,,,,,,,,,,,,,,,,,,,,,,,,,,,,,,,,,,,,,,,,,,,,,,,,,,,,,,,,,,,,,,,,,,,,,,,,,,,,,,,,,,,,,,
RHPL,171,5.0,,100.0,Siddhartha Capital Limited,False,False,2019-08-05,,6842100000.0,178.8,6842100000.0,2026-09-03 08:55:57,q4,082/083,-21.13,67.01,-31.53,-6.14,,,23554435000.0,,409644000.0,,,,,-1445890000.0,,,,,,,,-21.13,-21.13,4585042000.0,,,,-487234000.0,196.75,,-8.46,-0.04,-2257058000.0,13888704000.0,22281277000.0,77897000.0,,1195105000.0,13916452000.0,1266672000.0,,-18221000.0,-984233000.0,-1326455000.0,,,2022-09-12,111,151200000,,,,,,,,,,,,,,,,,,,,,,,,,,,,,,,,,,,,,,,,,,,,,,,,,,,,,,,,,,,,,,,,,,,,,,,-36274000.0,-274231000.0,,,,,,,,,,,,,,,,,,,,,,,,,,,,,,,,,,,,,,,,,,,,,,,,,,,,,,,,,,,,,,,,,,,,,,,,,,,,,,,,,,,,,,,,,,,,,,,,,,,,,,,,,,,
RIDI,258,5.0,,100.0,Ridi Hydropower Development Company Limited,False,False,2014-07-16,,2323351800.0,352.0,2323351800.0,2026-09-03 08:55:57,q4,082/083,2.04,102.03,2.12,1.25,,,,,18325996.0,,,,,47336056.0,,,,,,,,2.04,2.04,2236597357.0,,,68.43,106811463.0,-55.68,414.37,172.55,-3.1,-79098806.0,1190671451.0,2738258383.0,,304781600.0,458743869.0,221510853.0,364781733.0,8753752.0,21850809.0,130903592.0,80259665.0,,,2017-06-16,2.4,,,,,,,,,,,,,,,,,,,,,,,,,,,,,,,,,,,,,,,,,,,,,,,,,,,,,,,,,,,,,,,,,,,,,,,,12635655.0,58827187.0,,,,,,,,,,,,,,,,,,,,,,,,,,,,,,,,,,,,,,,,,,,,,,,,,,,,,,,,,,,,,,,,,,,,,,,,,,,,,,,,,,,,,,,,,,,,,,,,,,,,,,,,,,,
RLEL,676,5.0,78.0,22.0,Prabhu Capital Limited,False,False,2026-03-25,,1185000000.0,790.0,1185000000.0,2026-09-03 08:55:57,q4,082/083,12.24,129.2,9.47,5.44,,,2667659510.0,,,,,,,144992240.0,,,,,,,,12.24,12.24,1531076363.0,,,188.63,,,318.81,64.54,,,1086606194.0,2370888.0,71657353.0,,132277365.0,49015386.0,337237714.0,38753.0,8875343.0,70910257.0,69865859.0,3069809.0,,2029-02-26,9.05,231600000,,,,,,,,,,,,,,,,,,,,,,,,,,,,,,,,,,,,,,,,,,,,,,,,,,,,,,,,,,,,,,,,,,,,,2026-02-26,2026-08-29,,,30964399.0,,,,,,,,,,,,,,,,,,,,,,,,,,,,,,,,,,,,,,,,,,,,,,,,,,,,,,,,,,,,,,,,,,,,,,,,,,,,,,,,,,,,,,,,,,,,,,,,,,,,,,,,,,
RLFL,59,3.0,51.0,49.0,Sunrise Capital Limited,False,False,2013-11-15,,1121452000.0,420.9,1121452000.0,2026-09-03 08:55:57,q4,082/083,4.51,116.78,3.86,0.4,-151067000.0,338085000.0,12524051000.0,11214440000.0,10975776000.0,9097370000.0,283455000.0,76917000.0,72264000.0,50585000.0,-151067000.0,6.55,12.49,4.54,6.72,4.15,85.02,-13.47,4.51,1309611000.0,financereport/rlfl_082_083_q4_reliance_finance.pdf,3489000.0,108.86,68610000.0,-26.27,286.65,93.33,-3.55,,,,,,,,,,,,,,,,,,,,,,,,,,,,,,,,,,,,,,,,,,,,,,,,,,,,,,,,,,,,,,,,,,,,,,,,,,,,,,,,,,,,,,,,,,,,,,,,,,,,,,,,,,,,,,,,,,,,,,,,,,,,,,,,,,,,,,,,,,,,,,,,,,,,,,,,,,,,,,,,,,,,,,,,,,,,,,,,,,,,,,,,,,,,,,,,,,,,
RLI,118,7.0,70.0,30.0,Sunrise Capital Limited,True,False,2020-09-07,,0.0,387.0,0.0,2026-09-03 08:55:57,,,,,,,,,,,,,,,,,,,,,,,,,,,,,,,,,,,,,,,,,,,,,,,,,,,,,,,,,,,,,,,,,,,,,,,,,,,,,,,,,,,,,,,,,,,,,,,,,,,,,,,,,,,,,,,,,,,,,,,,,,,,,,,,,,,,,,,,,,,,,,,,,,,,,,,,,,,,,,,,,,,,,,,,,,,,,,,,,,,,,,,,,,,,,,,,,,,,,,,,,,,,,,,,,,,,,,,,,,,,,,,,,,,,,,
RMDC,69,9.0,70.0,30.0,Sunrise Capital Limited,True,False,2013-10-08,,0.0,775.0,1563743572.0,2026-09-03 08:55:58,q3,079/080,23.4,229.41,10.2,2.97,814014639.0,1209647071.0,12305346641.0,8370905180.0,,11272020288.0,462903793.0,33385406.0,392069683.0,274469822.0,814014639.0,0.74,22.16,12.36,,1.22,135.0,,,,,,347.54,265966660.0,3.2,123.0,33.12,10.36,2023661710.0,,,,,,,,,,,,,,,,,,472150238.0,,,,,,,,,,,,,,,,,,,,,,,,,,,,,,,,,,,,,,,,,,,,,,,,,,,,,,,,,,,,,,,,,,,,,,,,,,,,,,,,,,,,,,,,,,,,,,,,,,,,,,,,,,,,,,,,,,,,,,,,,,,,,,,,,,,,,,,,,,,,,,,,,,,,,,,,,,,,,,,,,,,,,,,,,,,,,,,,,
RNLI,349,7.0,70.0,30.0,,False,False,2023-09-13,,5196800000.0,407.9,5196800000.0,2026-09-03 08:55:58,q4,082/083,11.21,148.49,7.55,2.18,,,26755295923.0,19038635305.0,,,,,,582602873.0,,,,,,,,11.21,11.21,7716660617.0,lifeinsurancenewreport/rnli_082_083_q4_reliable_nepal_life.pdf,,193.53,570195960.0,2.18,110.77,36.39,16.72,,,,,24074889725.0,,,,,,,,,,,,,,,4042184.0,260581.75,404000000.0,,711117321.0,44516701.0,470766955.0,21874451.0,38249895.0,411392620.0,313864323.0,1391637455.0,287401643.0,813439026.0,27382494.0,48158235.0,17939475211.0,36134210.0,51360252.0,963507397.0,26755295923.0,6634197419.0,6318651077.0,,17026394.0,59618669.0,471717241.0,18664479.0,1938191.0,7843384165.0,1489098394.0,-245656897.0,4348121938.0,-5572848615.0,624972183.0,46987247.0,,471385793.0,43801778.0,-3394610.0,497639662.0,13049971.0,7267290639.0,576093526.0,576093526.0,-6509347.0,582602873.0,-15176808.0,567426065.0,95.24,8.78,24.8,9.42,39.25,148.49,2605843.0,2932368096.0,590667012.0,3701829323.0,14736.0,317.0,20-75,,23879007046.0,1311000000.0,514.84,2023-08-16,2024-02-16,,,,,,,,,,,,,,,,,,,,,,,,,,,,,,,,,,,,,,,,,,,,,,,,,,,,,-44231887.0,,,,,,,,,,,,,,,,,,,,,,,,,,,,,,,,,,,,,,,,,,,,,,,,,,,,,,,,
RSDC,84,9.0,51.0,49.0,BOK Capital Market Limited,False,False,2016-12-15,,1034064417.0,615.0,1034064417.0,2026-09-03 08:55:58,q4,082/083,13.37,131.07,10.2,2.44,114119034.0,207136040.0,5668451272.0,4313131781.0,,13174317.0,191542502.0,5266343.0,196471501.0,138238245.0,114119034.0,3.92,27.72,4.87,5.53,1.94,100.96,10.97,13.37,1355319492.0,microfinancereport/rsdc_082_083_q4_rsdc.pdf,4246291705.0,198.57,103196039.0,33.96,209.72,46.0,1.35,,,,,,,,,,,,,,,,,,,,,,,,,,,,,,,,,,,,,,,,,,,,,,,,,,,,,,,,,,,,,,,,,,,,,,,,,,,,,,,,,,,,,,,,,,,,,,,,,,,,,,,,,,,,,,,,,,,,,,,,,,,,,,,,,,,,,,,,,,,,,,,,,,,,,,,,,,,,,,,,,,,,,,,,,,,,,,,,,,,,,,,,,,,,,,,,,,,,
RSML,634,8.0,89.86,10.14,Global IME Capital Limited,False,False,2026-02-13,,1900000000.0,2695.0,1900000000.0,2026-09-03 08:55:58,q4,082/083,22.04,503.32,4.17,0.3,,,133993458847.62,,,,,,740066765.26,399029671.57,,,,,,,,22.04,22.04,9563097201.84,manufacturingandprocessingreport/rsml_082_083_q4_reliance_spinning.pdf,,499.6,,,439.44,122.28,,,,,,,,,,,-455394772.56,,,,,2028-01-02,,,,,,,,,,,,,,,,,,,,,,252961062.0,,1316692801.81,,,,,,,,,26648045.75,,,,,,,,,,,,,,,,470224193.42,,,,,,,,,,,,,,,,,,,,,,2026-01-02,2026-07-02,,,,,,,9284768888.94,4415041.02,,,,,1914160247.15,1465363041.47,494208376.48,134342406.2,7663097201.84,2159454790.35,568447375.17,250675880.35,2270906855.43,9563097201.84,10459675865.72,-9074436199.86,1385239665.86,-216369837.71,-269842571.84,,,,,,,,,,,,,,,,,,,,,1881125015.77,,-71194521.85,,,,,,,27340757.81,1129656.46,,,,,,,,,,,,,,,,,,,,,,,,,,,,,,,,,,,,,,,,,,,,,,,,,,,
RSY,647,,,,,,,,,,,,2026-09-03 08:55:58,,,,,,,,,,,,,,,,,,,,,,,,,,,,,,,,,,,,,,,,,,,,,,,,,,,,,,,,,,,,,,,,,,,,,,,,,,,,,,,,,,,,,,,,,,,,,,,,,,,,,,,,,,,,,,,,,,,,,,,,,,,,,,,,,,,,,,,,,,,,,,,,,,,,,,,,,,,,,,,,,,,,,,,,,,,,,,,,,,,,,,,,,,,,,,,,,,,,,,,,,,,,,,,,,,,,,,,,,,,,,,,,,,,,,,
RULB,208,9.0,68.0,32.0,NIBL Ace Capital Limited,True,False,2022-03-11,,0.0,755.0,259955000.0,2026-09-03 08:55:58,q3,079/080,19.1,180.14,10.6,1.31,113080152.0,95325025.0,3799872164.0,133280418.0,863744581.0,3498925835.0,159548738.0,36828858.0,53198461.0,37238923.0,83743769.0,4.96,10.71,11.39,18.73,3.54,109.81,,,,,,278.24,55549310.0,-32.96,171.35,39.53,-1.2,208405180.0,,,,,,,,,,,,,,,,,,179288070.0,,,,,,,,,,,,,,,,,,,,,,,,,,,,,,,,,,,,,,,,,,,,,,,,,,,,,,,,,,,,,,,,,,,,,,,,,,,,,,,,,,,,,,,,,,,,,,,,,,,,,,,,,,,,,,,,,,,,,,,,,,,,,,,,,,,,,,,,,,,,,,,,,,,,,,,,,,,,,,,,,,,,,,,,,,,,,,,,,
RURU,180,5.0,,100.0,NIBL Ace Capital Limited,False,False,2021-05-21,,567322203.0,565.1,624054424.0,2026-09-03 08:55:58,q4,082/083,10.4,128.82,8.07,6.25,,,1038362868.0,,23930527.0,,,,,64909118.0,,,,,,,,10.4,10.4,804000973.0,,,173.62,82951530.0,-21.75,225.48,54.34,-2.5,179946550.0,60000000.0,4349923.0,,,132080865.0,137018963.0,138735791.0,153336.0,-13410673.0,,-4077732.0,-1523756.0,-10334833.0,2024-04-16,5.000,148900000,,,,,,,,,,,,,,,,,,,,,,,,,,,,,,,,,,,,,,,,,,,,,,,,,,,,,,,,,,,,,,,,,,,,,,,,,,,,,,,,,,,,,,,,,,,,,,,,,,,,,,,,,,,,,,,,,,,,,,,,,,,,,,,,,,,,,,,,,,,,,,,,,,,,,,,,,,,,,,,,,,,,,,,,,,,,,,,,,,,
SABBL,680,2.0,67.0,33.0,Muktinath Capital Limited,False,False,2026-02-13,,522388000.0,865.2,522388000.0,2026-09-03 08:55:58,q4,082/083,1.46,103.52,1.41,0.35,-10561715.57,28955530.0,2186522563.0,1645740749.0,1559374282.0,1154621993.0,63436310.43,10844071.8,9978168.17,7609905.54,-10561715.0,0.35,32.56,4.56,9.9,4.58,63.31,-2.02,1.46,540781814.0,devbankreport/sabbl_082_083_q4_salpa bikash bank.pdf,,58.31,,,1383.67,592.6,,,,,,,,,,,,,,,,2029-07-08,,,,,,,,,,,,,,,,,,,,,,,,,,,,,,,,,,,,,,,,,,,,,,,,,,,,,,,,,,,,,,,,,,,,,,,2026-01-09,2026-07-08,,,,,,,,,,,,,,,,,,,,,,,,,,,,,,,,,,,,,,,,,,,,,,,,,,,,,,,,,,,,,,,,,,,,,,,,,,,,,,,,,,,,,,,,,,,,,,,,,,,,,,,,,,,,,
SABSL,97,9.0,68.0,32.0,NIBL Ace Capital Limited,False,False,2019-08-21,,3186000.0,1045.0,318600000.0,2026-09-03 08:55:58,q3,080/081,8.25,138.86,5.94,0.59,55289370.0,68845860.0,4449296080.0,4006560850.0,1193642380.0,4201995600.0,141979670.0,1691420.0,21908180.0,19717360.0,15379540.0,4.61,8.39,10.19,15.93,4.79,353.52,4.82,,,,,160.55,15630194.02,26.15,550.89,126.67,4.84,,,,,,,,,,,,,,,,,,,,,,,,,,,,,,,,,,,,,,,,,,,,,,,,,,,,,,,,,,,,,,,,,,,,,,,,,,,,,,,,,,,,,,,,,,,,,,,,,,,,,,,,,,,,,,,,,,,,,,,,,,,,,,,,,,,,,,,,,,,,,,,,,,,,,,,,,,,,,,,,,,,,,,,,,,,,,,,,,,,,,,,,,,,,,,,,,,,,
SADBL,38,2.0,51.0,49.0,NIBL Ace Capital Limited,False,False,2017-07-26,,3556255720.0,406.0,3734068506.0,2026-09-03 08:55:59,q4,082/083,23.83,169.5,14.52,1.37,492377814.0,2102638143.0,66042519310.0,59713434847.0,56921725757.0,45874963750.0,2420107937.0,257279473.0,1353032770.0,889937935.0,492377814.0,6.87,14.63,3.54,5.57,4.14,83.37,13.19,23.83,6329084463.0,devbankreport/sadbl_082_083_q4_shangrila.pdf,1187802384.0,301.47,606671756.0,46.69,34.68,17.04,0.36,2102638143.0,,,,,,,,,,,,,,,,,,,,,,,,,,,,,,,,,,,,,,,,,,,,,,,,,,,,,,,,,,,,,,,,,,,,,,,,,,,,,,,,,,,,,,,,,,,,,,,,,,,,,,,,,,,,,,,,,,,,,,,,,,,,,,,,,,,,,,,,,,,,,,,,,,,,,,,,,,,,,,,,,,,,,,,,,,,,,,,,,,,,,,,,,,,,,,,,,,,
SAEF,228,,,,,,,,,,,,2026-09-03 08:55:59,,,,,,,,,,,,,,,,,,,,,,,,,,,,,,,,,,,,,,,,,,,,,,,,,,,,,,,,,,,,,,,,,,,,,,,,,,,,,,,,,,,,,,,,,,,,,,,,,,,,,,,,,,,,,,,,,,,,,,,,,,,,,,,,,,,,,,,,,,,,,,,,,,,,,,,,,,,,,,,,,,,,,,,,,,,,,,,,,,,,,,,,,,,,,,,,,,,,,,,,,,,,,,,,,,,,,,,,,,,,,,,,,,,,,,
SAGAR,665,8.0,80.0,20.0,,False,False,2025-11-06,,726000000.0,1520.0,726000000.0,2026-09-03 08:55:59,q4,082/083,-7.89,119.96,-6.58,-3.72,,,1538116193.0,,,,,,-52496668.0,-57269663.0,,,,,,,,-7.89,-7.89,870931138.0,manufacturingandprocessingreport/sagar_082_083_q4_sagar_distrilery.pdf,,,,,,-192.65,,,,,,,,,,,10487136.0,10504626.0,,,,2026-03-25,,,,,,,,,,,,,,,,,,,,,,,,,,,,,,,,,-1725248.0,,,,,,,,,,,,,,,,-85508088.0,,,,,,,,,,,,,,,,,,,,,,2025-09-28,2026-03-25,,,,,,,496469998.0,201474815.0,270946.0,,,,85605403.0,583589376.0,26537230.0,66382837.0,144931138.0,303033177.0,287419168.0,46748438.0,364151879.0,1538116193.0,209894513.0,110686559.0,99207953.0,87436070.0,22506794.0,,,,,,,,,,,,,,,,,,,,,303033177.0,52056168.0,,,,,,,,9927520.0,,,,,,,,,,,,,,,,,,,,,,,,,,,,,,,,,,,,,,,,,,,,,,,,,,,,
SAHAS,201,5.0,,100.0,NIBL Ace Capital Limited,False,False,2021-11-29,,3780000000.0,688.3,4573800000.0,2026-09-03 08:55:59,q4,082/083,29.72,180.58,16.47,7.36,,,18461051749.0,,,,,,,1359156439.0,,,,,,,,29.72,29.72,8254183800.0,hydropowerreport/sahas_082_083_q4_sahas q4.pdf,,347.5,895126215.0,51.84,98.07,23.16,0.45,3680383800.0,8863442793.0,302888259.0,,2162470400.0,1142553142.0,1338028866.0,2844534705.0,,-35480226.0,-17298189.0,-577598031.0,-28023844.0,,2024-10-02,86,138000000,,,,,,,,,,,,,,,,,,,,,,,,,,,,,,,,,,,,,,,,,,,,,,,,,,,,,,,,,,,,,,,,,,,,,,,,,,,,,,,,,,,,,,,,,,,,,,,,,,,,,,,,,,,,,,,,,,,,,,,,,,,,,,,,,,,,,,,,,,,,,,,,,,,,,,,,,,,,,,,,,,,,,,,,,,,,,,,,,,,
SAIL,669,8.0,80.0,20.0,,False,False,2025-11-21,,1631250000.0,998.0,1631250000.0,2026-09-03 08:55:59,q4,082/083,-1.35,108.22,-1.24,-0.72,,,3055124966.0,,,,,,,-21965781.0,,,,,,,,-1.35,-1.35,1765462822.0,manufacturingandprocessingreport/sail_082_083_q4_shreenagar_agri.pdf,,,,,,-739.26,,,,,,,,,,,74155533.0,24843573.0,,,,2028-10-29,,,,,,,,,,,,,,,,,,,,,,19637137.0,,14515589.0,,,,,,,,,29369939.0,,,,,,,,,,,,,,,,22470967.0,,,,,,,,,,,,,,,,,,,,,,2025-10-29,2026-04-29,,,,,,,1263008508.0,41038392.0,918174.0,,,,697470533.0,57095704.0,19759739.0,,134212822.0,637866565.0,409536118.0,227297871.0,6515589.0,3055124966.0,1806347012.0,1584441614.0,221905398.0,,60091225.0,,,,,,,,,,,,,,,,,,,,,618229429.0,69689803.0,193434.0,,,,,,,,,,,,,,,,,,,,,,,,,,,,,,,,,,,,,,,,,,,,,,,,,,,,,,,,,,,
SALICO,291,10.0,60.0,40.0,Global IME Capital Limited,False,False,2023-05-15,,2622638200.0,531.0,2622638200.0,2026-09-03 08:55:59,q4,082/083,11.94,232.72,5.13,2.49,,,12596174226.0,6492883762.0,,,,,,313096832.0,,,,,,,,11.94,11.94,6103290464.0,nonlifeinsurancenewreport/salico_082_083_q4_salico.pdf,,250.04,403206140.0,-22.35,112.37,44.47,-1.99,,,,,5857232261.0,,,,,,,,,,,,,,,158078037.0,205990407.0,,,6550000.0,3271256889.0,273180258.0,681667466.0,1149541150.0,179358234.0,664060505.0,,244751112.0,347904214.0,337519493.0,130780445.0,5540447626.0,,496075724.0,205903571.0,12596174226.0,4761678553.0,2340038516.0,544647711.0,39879136.0,,233279724.0,30496473.0,64884041.0,3253225600.0,,-3058071418.0,-1808624664.0,,101383258.0,20183020.0,10951199.0,553330345.0,41925141.0,,198881396.0,11008949.0,2805944411.0,447281188.0,447281189.0,134184357.0,,,,49.14,6.58,37.8,2.13,,,,,,,,,,,2186332261.0,3670900000.0,,,,,,,,,,,,,,,,,,,,,,,,,,,,,,,,,,,,,,,,,,,,,,,,,51237691.0,119676397.0,,,,,,,,,,,,2622638200.0,2550477445.0,-2421640037.0,4963504253.0,1771472931.0,1868281103.0,232.72,269998.0,124617.0,1684.0,11648.0,,,,,,,,,,,,,,,,98021328.0,,,,,,,,,,,,,,,,,,,,,,,,
SAMAJ,110,9.0,57.0,43.0,BOK Capital Market Limited,False,False,2021-08-20,,228500.0,1875.8,22850000.0,2026-09-03 08:55:59,q4,081/082,62.1,258.84,23.99,2.62,,36295890.0,541676120.0,19172690.0,133273800.0,478813060.0,24392430.0,607410.0,-14016770.0,14190940.0,,4.76,11.51,7.69,,,359.27,62.1,62.1,,,,601.39,5130540.0,176.6,211.91,30.21,0.17,,,,,,,,,,,,,,,,,,,,,,,,,,,,,,,,,,,,,,,,,,,,,,,,,,,,,,,,,,,,,,,,,,,,,,,,,,,,,,,,,,,,,,,,,,,,,,,,,,,,,,,,,,,,,,,,,,,,,,,,,,,,,,,,,,,,,,,,,,,,,,,,,,,,,,,,,,,,,,,,,,,,,,,,,,,,,,,,,,,,,,,,,,,,,,,,,,,,
SANIMA,14,1.0,51.0,49.0,Sanima Capital Limited,False,False,2017-02-07,,13581525410.0,358.1,15581525414.0,2026-09-03 08:55:59,q4,082/083,25.75,188.42,14.39,1.28,2884215273.0,9124515139.0,291212798438.0,263622542612.0,249118017130.0,195884730900.0,6991583495.0,1328057236.0,5165172258.0,3550144525.0,2831776917.0,2.87,13.1,3.51,4.91,3.39,80.77,20.85,25.75,27590255826.0,bankreport/sanima_082_083_q4_sanima_bank.pdf,8105261170.0,330.4,2572463980.0,38.01,8.38,13.91,0.37,,,,,,,,,,,,,,,,,,,,,,,,,,,,,,,,,,,,,,,,,,,,,,,,,,,,,,,,,,,,,,,,,,,,,,,,,,,,,,,,,,,,,,,,,,,,,,,,,,,,,,,,,,,,,,,,,,,,,,,,,,,,,,,,,,,,,,,,,,,,,,,,,,,,,,,,,,,,,,,,,,,,,,,,,,,,,,,,,,,,,,,,,,,,,,,,,,,,
SANVI,649,5.0,56.93,43.01,Nepal SBI Merchant Banking Ltd,False,False,2025-07-17,,880000000.0,560.0,880000000.0,2026-09-03 08:56:00,q4,082/083,-7.72,106.21,-7.27,-2.45,,,2775793165.0,,34912173.0,,,,,-67907260.0,,,,,,,,-7.72,-7.72,934640893.0,,,,27642726.0,-345.66,,-72.54,0.21,54640893.0,1555143508.0,1542685.0,,,149914191.0,286008764.0,125505149.0,79059988.0,-51108031.0,,-125607216.0,,,2028-06-09,7.6,,,,,,,,,,,,,,,,,,,,,,,,,,,,,,,,,,,,,,,,,,,,,,,,,,,,,,,,,,,,,,,,,,,,,,2025-06-09,2025-12-09,,,,,,,,,,,,,,,,,,,,,,,,,,,,,,,,,,,,,,,,,,,,,,,,,,,,,,,,,,,,,,,,,,,,,,,,,,,,,,,,,,,,,,,,,,,,,,,,,,,,,,,,,,,,,
SAPDBL,43,2.0,66.43,33.57,NMB Capital Limited,False,False,2019-09-29,,834338430.0,696.0,834338432.0,2026-09-03 08:55:59,q4,082/083,18.04,86.71,20.8,1.49,-558853729.0,448010847.0,10113056746.0,9389561197.0,8885231694.0,5562595840.22,233425936.0,42375923.0,247965901.0,150473889.0,-558853729.0,6.15,11.29,3.7,5.85,4.2,67.63,-66.98,18.04,723495550.0,devbankreport/sapdbl_082_083_q4_saptakoshi_development.pdf,238180085.0,187.6,80820548.0,86.18,270.99,38.58,0.45,,,,,,,,,,,,,,,,,,,,,,,,,,,,,,,,,,,,,,,,,,,,,,,,,,,,,,,,,,,,,,,,,,,,,,,,,,,,,,,,,,,,,,,,,,,,,,,,,,,,,,,,,,,,,,,,,,,,,,,,,,,,,,,,,,,,,,,,,,,,,,,,,,,,,,,,,,,,,,,,,,,,,,,,,,,,,,,,,,,,,,,,,,,,,,,,,,,,
SAPIL,697,8.0,75.0,25.0,Global IME Capital Limited,False,False,2026-08-12,,340000000.0,1230.0,340000000.0,2026-09-03 08:56:00,q4,082/083,6.6,112.1,4.5,3.58,,,478948656.0,,,,,,21974527.0,17152860.0,,,,,,,,6.6,6.6,381124090.0,manufacturingandprocessingreport/sapil_082_083_q4_sarvottam_paints.pdf,,129.02,,,853.32,186.36,,,,,,,,,,,16007508.0,,,,,,,,,,,,,,,,,,,,,,,,,,,721313.0,,,,,,,,,,,1242768.0,,,,,,,,,,,,,,,,21974527.0,,,,,,,,,,,,,,,,,,,,,,,2027-02-12,,,,,,,97567441.0,,32640.0,,,,93240818.0,117490122.0,77281686.0,,41124090.0,58401130.0,5875459.0,33547977.0,39423436.0,478948656.0,210348803.0,139689267.0,70659536.0,28485481.0,5434788.0,,,,,,,,,,,,,,,,,,,,,57679817.0,,,,,,,,,,,,,,,,,,,,,,,,,,,,,,,,,,,,,,,,,,,,,,,,,,,,,,,,,,,,,
SARBTM,451,8.0,87.0968,10.9,,False,False,2024-03-18,,4975500000.0,794.0,5224275000.0,2026-09-03 08:56:00,q4,082/083,21.2,199.82,10.61,6.67,,,16600292637.0,,,,,,,1107429387.0,,,,,,,,21.2,21.2,10438893478.0,manufacturingandprocessingreport/sarbtm_082_083_q4_sarvottam_cements.pdf,,308.73,1028244238.0,7.7,157.18,37.45,4.86,,,,,,,,,,257442197.0,,,,,2027-03-11,,,2.0,,,,,,,,,,,,,,,,,,,660242553.0,,173065984.0,,,,,,,,,176950368.0,,,,,,,,,,,,,,,,1343945957.0,,,,,,,,,,,,,,,,,,,,,,2024-03-08,2024-09-10,,,,,,,9166259113.0,,8212924.0,,,,2407724489.0,2539133753.0,146918826.0,925496460.0,4877764291.0,683221253.0,4384873673.0,751702179.0,5478177907.0,16600292637.0,10258527803.0,7935136940.0,2323390863.0,656547382.0,242405694.0,,,,,,,,,,,,,,,,,,,,,22978700.0,,,,,,,,12402560.0,93371961.0,,,,,,,,,,,,,,,,,,,,,,,,,,,,,,,,,,,,,,,,,,,,,,,,,,,,1156395274.0
SBCF,216,,,,,,,,,,,,2026-09-03 08:56:00,,,,,,,,,,,,,,,,,,,,,,,,,,,,,,,,,,,,,,,,,,,,,,,,,,,,,,,,,,,,,,,,,,,,,,,,,,,,,,,,,,,,,,,,,,,,,,,,,,,,,,,,,,,,,,,,,,,,,,,,,,,,,,,,,,,,,,,,,,,,,,,,,,,,,,,,,,,,,,,,,,,,,,,,,,,,,,,,,,,,,,,,,,,,,,,,,,,,,,,,,,,,,,,,,,,,,,,,,,,,,,,,,,,,,,
SBI,4,1.0,70.0,30.0,Nepal SBI Merchant Banking Limited,False,False,1995-01-17,,10899158068.0,400.0,11335124391.0,2026-09-03 08:56:00,q4,082/083,18.04,194.73,9.59,0.85,1251639295.0,9486124773.0,248357522955.0,226284634495.0,212826428570.0,146077737619.0,5334310563.0,1302768581.0,2916141441.0,2044330739.0,1251639295.0,2.92,13.74,4.06,5.21,3.21,71.16,11.04,18.04,22072888459.0,bankreport/sbi_082_083_q4_nepal_sbi_bank.pdf,5627103186.0,281.14,1810960177.0,12.89,42.28,22.17,1.72,,,,,,,,,,,,,,,,,,,,,,,,,,,,,,,,,,,,,,,,,,,,,,,,,,,,,,,,,,,,,,,,,,,,,,,,,,,,,,,,,,,,,,,,,,,,,,,,,,,,,,,,,,,,,,,,,,,,,,,,,,,,,,,,,,,,,,,,,,,,,,,,,,,,,,,,,,,,,,,,,,,,,,,,,,,,,,,,,,,,,,,,,,,,,,,,,,,,
SBL,13,1.0,51.0,49.0,Siddhartha Capital Limited,False,False,2016-07-11,,14089980190.0,408.7,18294479199.0,2026-09-03 08:56:00,q4,082/083,23.06,225.17,10.62,0.94,1705671173.0,16920048501.0,389732817297.0,352812618424.0,327016400520.0,233872635253.0,9051188756.0,1864690690.0,5162720285.0,3519409797.0,1705671173.0,3.53,13.19,3.42,5.02,3.69,73.63,11.53,23.06,36920198873.0,bankreport/sbl_082_083_q4_siddhartha_bank.pdf,8785342157.0,341.8,3366594282.0,4.54,19.57,17.72,3.9,,,,,,,,,,,,,,,,,,,,,,,,,,,,,,,,,,,,,,,,,,,,,,,,,,,,,,,,,,,,,,,,,,,,,,,,,,,,,,,,,,,,,,,,,,,,,,,,,,,,,,,,,,,,,,,,,,,,,,,,,,,,,,,,,,,,,,,,,,,,,,,,,,,,,,,,,,,,,,,,,,,,,,,,,,,,,,,,,,,,,,,,,,,,,,,,,,,,
SCB,3,1.0,73.0,27.0,Standard Chartered Bank Nepal Limited,False,False,1988-07-04,,10042368000.0,645.1,10042368000.0,2026-09-03 08:56:00,q4,082/083,28.4,225.8,12.85,1.7,1911592000.0,10719035000.0,180062722000.0,157389726000.0,147683924000.0,66032161000.0,3943296000.0,1483646000.0,4165150000.0,2850210000.0,1911592000.0,2.03,18.13,2.53,4.42,3.77,47.24,19.04,28.4,22672995000.0,bankreport/scb_082_083_q4_standard_charted_bank.pdf,4043548000.0,379.85,3012563000.0,-5.39,69.83,22.71,-4.21,,,,,,,,,,,,,,,,,,,,,,,,,,,,,,,,,,,,,,,,,,,,,,,,,,,,,,,,,,,,,,,,,,,,,,,,,,,,,,,,,,,,,,,,,,,,,,,,,,,,,,,,,,,,,,,,,,,,,,,,,,,,,,,,,,,,,,,,,,,,,,,,,,,,,,,,,,,,,,,,,,,,,,,,,,,,,,,,,,,,,,,,,,,,,,,,,,,,
SCBD,368,,,,,,,,,,,,2026-09-03 08:56:00,,,,,,,,,,,,,,,,,,,,,,,,,,,,,,,,,,,,,,,,,,,,,,,,,,,,,,,,,,,,,,,,,,,,,,,,,,,,,,,,,,,,,,,,,,,,,,,,,,,,,,,,,,,,,,,,,,,,,,,,,,,,,,,,,,,,,,,,,,,,,,,,,,,,,,,,,,,,,,,,,,,,,,,,,,,,,,,,,,,,,,,,,,,,,,,,,,,,,,,,,,,,,,,,,,,,,,,,,,,,,,,,,,,,,,
SCBNLD,373,,,,,,,,,,,,2026-09-03 08:56:00,,,,,,,,,,,,,,,,,,,,,,,,,,,,,,,,,,,,,,,,,,,,,,,,,,,,,,,,,,,,,,,,,,,,,,,,,,,,,,,,,,,,,,,,,,,,,,,,,,,,,,,,,,,,,,,,,,,,,,,,,,,,,,,,,,,,,,,,,,,,,,,,,,,,,,,,,,,,,,,,,,,,,,,,,,,,,,,,,,,,,,,,,,,,,,,,,,,,,,,,,,,,,,,,,,,,,,,,,,,,,,,,,,,,,,
SDLBSL,99,9.0,68.0,32.0,Muktinath Capital Limited,False,False,,,3822583.45,1067.0,382258345.0,2026-09-03 08:56:00,q3,080/081,21.25,148.08,14.42,1.4,7862687.38,175936904.44,5822147717.19,5256089780.7,1366770808.35,5533509755.98,212418476.35,5150221.41,87455245.78,61218672.05,21958732.23,4.1,8.5,9.9,14.57,5.08,91.95,5.74,,,,,266.08,13141397.6,365.85,301.0,50.21,0.14,,,,,,,,,,,,,,,,,,,,,,,,,,,,,,,,,,,,,,,,,,,,,,,,,,,,,,,,,,,,,,,,,,,,,,,,,,,,,,,,,,,,,,,,,,,,,,,,,,,,,,,,,,,,,,,,,,,,,,,,,,,,,,,,,,,,,,,,,,,,,,,,,,,,,,,,,,,,,,,,,,,,,,,,,,,,,,,,,,,,,,,,,,,,,,,,,,,,
SEF,229,,,,,,,,,,,,2026-09-03 08:56:01,,,,,,,,,,,,,,,,,,,,,,,,,,,,,,,,,,,,,,,,,,,,,,,,,,,,,,,,,,,,,,,,,,,,,,,,,,,,,,,,,,,,,,,,,,,,,,,,,,,,,,,,,,,,,,,,,,,,,,,,,,,,,,,,,,,,,,,,,,,,,,,,,,,,,,,,,,,,,,,,,,,,,,,,,,,,,,,,,,,,,,,,,,,,,,,,,,,,,,,,,,,,,,,,,,,,,,,,,,,,,,,,,,,,,,
SEOS,354,,,,,,,,,,,,2026-09-03 08:56:01,,,,,,,,,,,,,,,,,,,,,,,,,,,,,,,,,,,,,,,,,,,,,,,,,,,,,,,,,,,,,,,,,,,,,,,,,,,,,,,,,,,,,,,,,,,,,,,,,,,,,,,,,,,,,,,,,,,,,,,,,,,,,,,,,,,,,,,,,,,,,,,,,,,,,,,,,,,,,,,,,,,,,,,,,,,,,,,,,,,,,,,,,,,,,,,,,,,,,,,,,,,,,,,,,,,,,,,,,,,,,,,,,,,,,,
SFCL,53,3.0,60.0,40.0,BOK Capital Market Limited,False,False,2007-07-30,,818911400.0,370.0,818911400.0,2026-09-03 08:56:01,q3,082/083,0.12,60.3,0.2,0.03,-619819070.0,274996420.0,3760980530.0,3267188494.0,3135500483.0,2209727886.0,61420395.0,13217437.0,9910422.0,740635.0,-619819070.0,8.09,14.71,5.4,9.1,4.58,76.56,-75.69,0.12,493792036.0,financereport/sfcl_082_083_q3_sfcl_q3.pdf,87172238.0,12.76,-35706000.0,-102.07,2799.75,3083.33,-30.21,,,,,,,,,,,,,,,,,,,,,,,,,,,,,,,19703286.0,,,,,,,,,,,,,,,,,,,,,,,,,,,,,,,,,,,,,,,,,,,,,,,,,,,,,,,,,,,,,,,,,,,,,,,,,,,,,,,,,,,,,,,,,,,,,,,,,,,,,,,,,,,,,,,,,,,,,,,,,,,,,,,,,,,,,,,,,,,,,,,,,,,,,,,,,,,,,,,,,,,,,
SFEF,333,,,,,,,,,,,,2026-09-03 08:56:01,,,,,,,,,,,,,,,,,,,,,,,,,,,,,,,,,,,,,,,,,,,,,,,,,,,,,,,,,,,,,,,,,,,,,,,,,,,,,,,,,,,,,,,,,,,,,,,,,,,,,,,,,,,,,,,,,,,,,,,,,,,,,,,,,,,,,,,,,,,,,,,,,,,,,,,,,,,,,,,,,,,,,,,,,,,,,,,,,,,,,,,,,,,,,,,,,,,,,,,,,,,,,,,,,,,,,,,,,,,,,,,,,,,,,,
SFF,341,,,,,,,,,,,,2026-09-03 08:56:01,,,,,,,,,,,,,,,,,,,,,,,,,,,,,,,,,,,,,,,,,,,,,,,,,,,,,,,,,,,,,,,,,,,,,,,,,,,,,,,,,,,,,,,,,,,,,,,,,,,,,,,,,,,,,,,,,,,,,,,,,,,,,,,,,,,,,,,,,,,,,,,,,,,,,,,,,,,,,,,,,,,,,,,,,,,,,,,,,,,,,,,,,,,,,,,,,,,,,,,,,,,,,,,,,,,,,,,,,,,,,,,,,,,,,,
SGHC,249,5.0,,100.0,Swet-Ganga Hydropower and Construction Limited,False,False,2022-08-16,,1593000000.0,286.0,1593000000.0,2026-09-03 08:56:01,q4,082/083,11.13,83.65,13.31,2.89,,,6133171395.0,,,,,,,177349252.0,,,,,,,,11.13,11.13,1332474117.0,hydropowerreport/sghc_082_083_q4_sghc.pdf,,144.73,1799411.0,9755.96,97.6,25.7,0.0,,4319916682.0,14266201.0,,,214982263.0,391273015.0,847095435.0,1677383.0,-23969906.0,-5035182.0,-314798544.0,-3619372.0,,2025-08-02,28.100,226700000,,,,,,,,,,,,,,,,,,,,,,,,,,,,,,,,,,,,,,,,,,,,,,,,,,,,,,,,,,,,,,,,,,,,,,,,,,,,,,,,,,,,,,,,,,,,,,,,,,,,,,,,,,,,,,,,,,,,,,,,,,,,,,,,,,,,,,,,,,,,,,,,,,,,,,,,,,,,,,,,,,,,,,,,,,,,,,,,,,,
SGHL,693,5.0,70.0,30.0,LS Capital Limited,False,False,2026-07-01,,2850000000.0,483.1,2850000000.0,2026-09-03 08:56:01,q4,082/083,9.33,111.8,8.34,3.13,,,8490773102.0,,825416.0,,,,,265881018.0,,,,,,,,9.33,9.33,3186413998.0,hydropowerreport/sghl_082_083_q4_sanigad-hydro-limited-2083-shawan.pdf,,153.2,,,215.34,51.78,,336413998.0,4582717984.0,8043703844.0,,5115000.0,441954258.0,72664112000.0,1110581052.0,170873.0,,3038086.0,404773074.0,,,2029-06-15,38.46,"225,800,000",,,,,,,,,,,,,,,,,,,,,,,,,,,,,,,,,,,,,,,,,,,,,,,,,,,,,,,,,,,,,,,,,,,,,2026-06-15,2027-12-15,,,,,,,,,,,,,,,,,,,,,,,,,,,,,,23875066.0,,,,,,,,,,,,,,,,,,,,,,,,,,,,,,,,,,,,,,,,,,,,,,,,,,,,,,,,,,,,,,,,,,,,,,,,,,,,,,,
SGI,140,10.0,70.0,30.0,Sanima Capital Limited,True,False,2020-11-03,,0.0,365.0,0.0,2026-09-03 08:56:01,,,,,,,,,,,,,,,,,,,,,,,,,,,,,,,,,,,,,,,,,,,,,,,,,,,,,,,,,,,,,,,,,,,,,,,,,,,,,,,,,,,,,,,,,,,,,,,,,,,,,,,,,,,,,,,,,,,,,,,,,,,,,,,,,,,,,,,,,,,,,,,,,,,,,,,,,,,,,,,,,,,,,,,,,,,,,,,,,,,,,,,,,,,,,,,,,,,,,,,,,,,,,,,,,,,,,,,,,,,,,,,,,,,,,,
SGIC,278,10.0,51.0,49.0,Sanima Capital Limited,False,False,2020-11-03,,2150000000.0,375.9,2257500000.0,2026-09-03 08:56:01,q4,082/083,5.76,147.33,3.91,1.48,,,8801176783.0,5475153703.0,,,,,,130039878.0,,,,,,,,5.76,5.76,3326023080.0,nonlifeinsurancenewreport/sgic_082_083_q4_sanima_gic_insurance.pdf,,138.18,350388699.0,-62.89,172.03,65.26,-1.04,,,,,3654503815.0,,,,,,,,,,2023-11-03,,,,,41667011.0,98423083.0,,,19744864.0,3395928178.0,40513973.0,476620574.0,277378981.0,72125138.0,557843962.0,,52443790.0,98755617.0,102729586.0,72349005.0,4361932093.0,,400339451.0,48417095.0,8801176783.0,2729584297.0,833071382.0,455791483.0,15522215.0,,110297408.0,10108466.0,5597149.0,1430388103.0,,-1275716062.0,-95225344.0,,69210311.0,5546012.0,16788915.0,332728521.0,30959340.0,,129283928.0,3028470.0,1244616848.0,185771255.0,185771255.0,55731377.0,,,,30.52,4.76,31.01,2.54,,,,,,,,,,,1042335688.0,2612168127.0,,,,,,,,,,,,,,,,,,,,,,,,,,,,,,,,,,,,,,,,,,,,,,,,,166427204.0,592116059.0,,,,,,,,,,,,2257500000.0,814594087.0,-1896512915.0,1797140798.0,230871959.0,657071351.0,147.33,143028.0,60744.0,6754.0,5120.0,,,,,,,,,,,,,,,,,,,,,,,,,,,,,,,,,,,,,,,,
SHBL,44,2.0,51.0,49.0,NIBL Ace Capital Limited,True,True,2014-11-10,,0.0,,272270604.0,2026-09-03 08:56:01,q3,078/079,24.65,90.52,,,75642393.0,18948959.0,1476998877.0,1103468669.0,1053842810.0,962847997.0,15797672.0,230626.0,11120275.0,11120275.0,,2.16,39.51,5.08,9.94,9.24,68.91,,,,,,224.06,11120275.0,0.0,,,,,,,,,,,,,,,,,,,,,,,,,,,,,,,,,,6668252.0,,,,,,,,,,,,,,,,,,,,,,,,,,,,,,,,,,,,,,,,,,,,,,,,,,,,,,,,,,,,,,,,,,,,,,,,,,,,,,,,,,,,,,,,,,,,,,,,,,,,,,,,,,,,,,,,,,,,,,,,,,,,,,,,,,,,,,,,,,,,,,,,,,,,,,,,,,,,,,,,,,,,,
SHEL,179,5.0,,100.0,Mega Capital Markets Limited,False,False,2021-04-27,,2900000000.0,293.5,3045000000.0,2026-09-03 08:56:02,q4,082/083,6.78,109.81,6.17,3.22,,,6405186632.0,,95216339.0,,,,,206462184.0,,,,,,,,6.78,6.78,3343743249.0,,,129.43,149998686.0,37.64,126.77,43.29,1.15,199875127.0,2566010710.0,30141392.0,,985615748.0,253847685.0,492222796.0,702206145.0,32505.0,71856532.0,191462796.0,215498770.0,,,2024-04-08,25.000,220000000,,,,,,,,,,,,,,,,,,,,,,,,,,,,,,,,,,,,,,,,,,,,,,,,,,,,,,,,,,,,,,,,,,,,,,,,,,,,,,,,,,,,,,,,,,,,,,,,,,,,,,,,,,,,,,,,,,,,,,,,,,,,,,,,,,,,,,,,,,,,,,,,,,,,,,,,,,,,,,,,,,,,,,,,,,,,,,,,,,,
SHINE,39,2.0,51.0,49.0,NIBL Ace Capital Limited,False,False,2016-08-24,,4875701680.0,407.8,5021972730.0,2026-09-03 08:56:02,q4,082/083,23.52,159.48,15.35,1.41,846498351.0,2140821453.0,87704410232.0,79695117698.0,77852662136.0,63267778525.0,2826703201.0,311647661.0,1737873357.0,1181279437.0,846498351.0,4.93,13.7,3.68,5.38,4.01,84.18,16.86,23.52,8009292534.0,devbankreport/shine_082_083_q4_shine_resunga.pdf,688357731.0,290.51,645627987.0,82.97,40.37,17.34,0.21,,,,,,,,,,,,,,,,,,,,,,,,,,,,,,,,,,,,,,,,,,,,,,,,,,,,,,,,,,,,,,,,,,,,,,,,,,,,,,,,,,,,,,,,,,,,,,,,,,,,,,,,,,,,,,,,,,,,,,,,,,,,,,,,,,,,,,,,,,,,,,,,,,,,,,,,,,,,,,,,,,,,,,,,,,,,,,,,,,,,,,,,,,,,,,,,,,,,
SHIVM,192,8.0,0.0,100.0,Siddhartha Capital Limited,False,False,2019-03-17,,5456808500.0,658.0,5593228713.0,2026-09-03 08:56:02,q4,082/083,14.03,188.76,7.43,6.0,,,13072565882.0,,,,,,,784474151.0,,,,,,,,14.03,14.03,10557565882.0,manufacturingandprocessingreport/shivm_082_083_q4_shivam_cements.pdf,,244.1,798186851.0,-1.72,169.56,46.9,-27.3,,,,,,,,,,266089530.0,,,,,2022-03-17,,,,,,,,,,,,,,,,,,,,,,203204909.0,,123930427.0,,,,,,,,,133213666.0,,,,,,,,,,,,,,,,922559219.0,,,,,,,,,,,,,,,,,,,,,,,,,,,,,,3954920446.0,,393013.0,,,,2209913269.0,664318403.0,750188792.0,148584713.0,4964337169.0,206399846.0,5502368.0,1607459549.0,2308188823.0,13072154550.0,6922657420.0,5325146289.0,1597511131.0,531115502.0,10960546.0,,,,,,,,,,,,,,,,,,,,,,,,,,,,,60481623.0,2308188823.0,,,,,,,,,,,,,,,,,,,,,,,,,,,,,,,,,,,,,,,,,,,,,,,,,,,,
SHL,193,4.0,69.0,31.0,NIBL Ace Capital Limited,False,False,1993-02-01,,1021862690.0,500.0,1175152540.0,2026-09-03 08:56:02,q4,082/083,6.48,28.52,22.71,19.07,,,3991535816.0,,,,,,,761106092.0,,,,,,,,6.48,6.48,3351721830.0,hotelsandtourismreport/shl_082_083_q4_soaltee_hotel.pdf,,64.48,670709971.0,13.48,675.38,77.16,5.73,,,,,286927201.0,,,,,496802632.0,,,,,1996-02-01,,,,,,,,,,,,,,,,,,,,,,,,,,,,,,,,,,,,,,,,,,,179001291.0,,,7115385.0,,,915320403.0,,,,,,,,,,,,,,,,,,,,,,,,,,326096664.0,2176569290.0,1669000.0,405734303.0,236921252.0,,13078291.0,730355165.0,3148091702.0,,,,,,,,,,,,,,,,,,,,,,,,,,,,,,,,,,,,,,,,,,,,10.0,,,,,,,,,,,,,,,,,,,,,,,,,,,,,,,,,,,,,,,154214311.0,,,,,,,,,,,,,,,
SHLB,256,9.0,64.0,36.0,None,False,False,2022-12-13,,109375000.0,1250.0,109375000.0,2026-09-03 08:56:02,q3,082/083,19.98,272.98,7.3,0.72,78752530.0,110224160.0,3018316300.0,2719964610.0,924039220.0,2808201040.0,126979920.0,18832770.0,23400340.0,16380240.0,12776590.0,10.42,9.48,8.36,13.19,6.23,333.78,11.68,19.98,298351690.0,microfinancereport/shlb_082_083_q3_shlb_q3 report.pdf,,350.31,23699470.0,-30.88,256.83,62.56,-2.03,,,,,,,,,,,,,,,,,,,,,,,,,,,,,,,,,,,,,,,,,,,,,,,,,,,,,,,,,,,,,,,,,,,,,,,,,,,,,,,,,,,,,,,,,,,,,,,,,,,,,,,,,,,,,,,,,,,,,,,,,,,,,,,,,,,,,,,,,,,,,,,,,,,,,,,,,,,,,,,,,,,,,,,,,,,,,,,,,,,,,,,,,,,,,,,,,,,,
SHPC,145,5.0,0.0,100.0,Sanima Capital Limited,False,False,2014-01-15,,3737993710.0,504.9,3737993710.0,2026-09-03 08:56:02,q4,082/083,7.85,137.5,5.71,5.38,,,5454505271.0,,,,,,,293450415.0,,,,,,,,7.85,7.85,5139711256.0,,,155.84,323769648.0,-9.36,223.99,64.32,-6.87,,,11561698.0,,1882033557.0,520036956.0,294328645.0,512739994.0,154283.0,-49519711.0,-4169143.0,-25529149.0,-3578730.0,,2017-01-15,29,,,,,,,,,,,,19524691.0,,,,,,,,,,,,,,,,,,,,,,,,,,,,,,,,,,,,,,,,,,,,,,,,,,,,,,,,,,,,,,-96603505.0,,,,,,,,,,,,,,,,,,,,,,,,,,,,,,,,,,,,,,,,,,,,,,,,,,,,,,,,,,,,,,,,,,,,,,,,,,,,,,,,,,,,,,,,,,,,,,,,,,,,,,,,,,
SIC,131,10.0,71.0,29.0,Global IME Capital Limited,False,True,,,0.0,666.0,0.0,2026-09-03 08:56:02,,,,,,,,,,,,,,,,,,,,,,,,,,,,,,,,,,,,,,,,,,,,,,,,,,,,,,,,,,,,,,,,,,,,,,,,,,,,,,,,,,,,,,,,,,,,,,,,,,,,,,,,,,,,,,,,,,,,,,,,,,,,,,,,,,,,,,,,,,,,,,,,,,,,,,,,,,,,,,,,,,,,,,,,,,,,,,,,,,,,,,,,,,,,,,,,,,,,,,,,,,,,,,,,,,,,,,,,,,,,,,,,,,,,,,
SICL,135,10.0,51.0,49.0,NIBL Ace Capital Limited,False,False,2007-02-04,,2923099000.0,520.0,3101567800.0,2026-09-03 08:56:02,q4,082/083,4.19,191.95,2.19,0.85,,,15257874185.0,9304418799.0,,,,,,130089123.0,,,,,,,,4.19,4.19,5953455386.0,nonlifeinsurancenewreport/sicl_082_083_q4_sicl.pdf,,134.52,452719180.0,-71.26,286.55,124.11,-1.74,,,,,4761841281.0,,,,,,,,,,,,,,,10411807.0,748438611.0,,241177681.0,,6204617794.0,109684477.0,1009600843.0,1097998581.0,878419520.0,73282527.0,,167658250.0,79866553.0,621666632.0,101061151.0,7947300075.0,,442789999.0,154434834.0,15257874185.0,6211288920.0,1955080274.0,756646508.0,24499602.0,,186316335.0,-2022948.0,34932139.0,2955451910.0,,-2573912542.0,1695824903.0,,60742628.0,16055512.0,17503641.0,623175232.0,68817736.0,1818218.0,361857662.0,39079402.0,2778057651.0,177394259.0,177394259.0,-47305136.0,,,,31.48,2.09,40.71,0.98,,,,,,,,,,,1899946324.0,2935618775.0,,,,,,,,,,,,,,,,,,,,,,,,,,,,,,,,,,,,,,,,,,,,,,,,,47560725.0,313832740.0,,,,,,,,,,,,3101567800.0,1982696.15,-4256208646.0,3975788950.0,-1508693691.0,1589007620.0,191.95,336002.0,99700.0,2703.0,14993.0,,,,,,,,,,,,,,,,74840339.0,,,,,,,,,,,,,,,,,,,,,,,,
SIFC,50,3.0,51.0,49.0,Siddhartha Capital Limited,False,False,2017-04-24,,1000000000.0,482.5,1000000000.0,2026-09-03 08:56:02,q4,082/083,4.62,139.82,3.29,0.45,40283737.0,357930179.0,10446716959.0,9048503042.0,8462851839.0,5874216463.0,228277650.0,20706926.0,66023261.0,46216283.0,40283737.0,3.74,19.12,4.9,6.46,3.68,71.39,4.03,4.62,1398213916.0,financereport/sifc_082_083_q4_shree_investment.pdf,297650430.0,120.56,69930612.0,-33.91,300.22,104.44,-3.08,,,,,,,,,,,,,,,,,,,,,,,,,,,,,,,,,,,,,,,,,,,,,,,,,,,,,,,,,,,,,,,,,,,,,,,,,,,,,,,,,,,,,,,,,,,,,,,,,,,,,,,,,,,,,,,,,,,,,,,,,,,,,,,,,,,,,,,,,,,,,,,,,,,,,,,,,,,,,,,,,,,,,,,,,,,,,,,,,,,,,,,,,,,,,,,,,,,,
SIGS1,356,,,,,,,,,,,,2026-09-03 08:56:02,,,,,,,,,,,,,,,,,,,,,,,,,,,,,,,,,,,,,,,,,,,,,,,,,,,,,,,,,,,,,,,,,,,,,,,,,,,,,,,,,,,,,,,,,,,,,,,,,,,,,,,,,,,,,,,,,,,,,,,,,,,,,,,,,,,,,,,,,,,,,,,,,,,,,,,,,,,,,,,,,,,,,,,,,,,,,,,,,,,,,,,,,,,,,,,,,,,,,,,,,,,,,,,,,,,,,,,,,,,,,,,,,,,,,,
SIGS2,224,,,,,,,,,,,,2026-09-03 08:56:03,,,,,,,,,,,,,,,,,,,,,,,,,,,,,,,,,,,,,,,,,,,,,,,,,,,,,,,,,,,,,,,,,,,,,,,,,,,,,,,,,,,,,,,,,,,,,,,,,,,,,,,,,,,,,,,,,,,,,,,,,,,,,,,,,,,,,,,,,,,,,,,,,,,,,,,,,,,,,,,,,,,,,,,,,,,,,,,,,,,,,,,,,,,,,,,,,,,,,,,,,,,,,,,,,,,,,,,,,,,,,,,,,,,,,,
SIGS3,304,,,,,,,,,,,,2026-09-03 08:56:03,,,,,,,,,,,,,,,,,,,,,,,,,,,,,,,,,,,,,,,,,,,,,,,,,,,,,,,,,,,,,,,,,,,,,,,,,,,,,,,,,,,,,,,,,,,,,,,,,,,,,,,,,,,,,,,,,,,,,,,,,,,,,,,,,,,,,,,,,,,,,,,,,,,,,,,,,,,,,,,,,,,,,,,,,,,,,,,,,,,,,,,,,,,,,,,,,,,,,,,,,,,,,,,,,,,,,,,,,,,,,,,,,,,,,,
SIKLES,262,5.0,,100.0,,False,False,2022-11-14,,850000000.0,563.9,977500000.0,2026-09-03 08:56:03,q4,082/083,14.07,114.13,12.33,6.77,,,2030304135.07,,,,,,,137533054.74,,,,,,,,14.07,14.07,1115597811.56,hydropowerreport/sikles_082_083_q4_sikles_hydro.pdf,,190.08,77496787.46,77.47,196.66,40.08,0.52,138097811.57,848436454.75,1181631229.53,,,148672905.54,66269868.79,338841235.41,513428.43,25057365.54,,51116750.71,2806797.04,,2025-09-26,13.000,178200000,,,,,,,,,,,,,,,,,,,,,,,,,,,,,,,,,,,,,,,,,,,,,,,,,,,,,,,,,,,,,,,,,,,,,,,6981005.88,33315980.47,,,,,,,,,,,,,,,,,,,,,,,,,,,,,,,,,,,,,,,,,,,,,,,,,,,,,,,,,,,,,,,,,,,,,,,,,,,,,,,,,,,,,,,,,,,,,,,,,,,,,,,,,,,
SIL,136,10.0,51.0,49.0,NMB Capital Limited,True,True,2008-03-24,,0.0,651.2,0.0,2026-09-03 08:56:03,,,,,,,,,,,,,,,,,,,,,,,,,,,,,,,,,,,,,,,,,,,,,,,,,,,,,,,,,,,,,,,,,,,,,,,,,,,,,,,,,,,,,,,,,,,,,,,,,,,,,,,,,,,,,,,,,,,,,,,,,,,,,,,,,,,,,,,,,,,,,,,,,,,,,,,,,,,,,,,,,,,,,,,,,,,,,,,,,,,,,,,,,,,,,,,,,,,,,,,,,,,,,,,,,,,,,,,,,,,,,,,,,,,,,,
SINDU,41,2.0,51.0,49.0,NIBL Ace Capital Limited,False,False,2013-09-08,,557456067.0,592.0,557456067.0,2026-09-03 08:56:03,q4,082/083,0.18,96.87,0.19,0.02,-236683671.0,219259076.0,6135068741.0,5595037269.0,5414182628.0,3325256155.0,143564831.0,17747902.0,26479653.0,1001545.0,-236683671.0,5.92,12.36,3.89,7.25,4.59,66.92,-42.46,0.18,540031473.0,devbankreport/sindu_082_083_q4_sindhu_bikash.pdf,190561924.0,19.81,177027193.0,-99.43,2888.82,3288.89,-33.08,,,,,,,,,,,,,,,,,,,,,,,,,,,,,,,,,,,,,,,,,,,,,,,,,,,,,,,,,,,,,,,,,,,,,,,,,,,,,,,,,,,,,,,,,,,,,,,,,,,,,,,,,,,,,,,,,,,,,,,,,,,,,,,,,,,,,,,,,,,,,,,,,,,,,,,,,,,,,,,,,,,,,,,,,,,,,,,,,,,,,,,,,,,,,,,,,,,,
SIPD,672,,,,,,,,,,,,2026-09-03 08:56:08,,,,,,,,,,,,,,,,,,,,,,,,,,,,,,,,,,,,,,,,,,,,,,,,,,,,,,,,,,,,,,,,,,,,,,,,,,,,,,,,,,,,,,,,,,,,,,,,,,,,,,,,,,,,,,,,,,,,,,,,,,,,,,,,,,,,,,,,,,,,,,,,,,,,,,,,,,,,,,,,,,,,,,,,,,,,,,,,,,,,,,,,,,,,,,,,,,,,,,,,,,,,,,,,,,,,,,,,,,,,,,,,,,,,,,
SJCL,172,,,,,,,,,,,,2026-09-03 08:56:08,,,,,,,,,,,,,,,,,,,,,,,,,,,,,,,,,,,,,,,,,,,,,,,,,,,,,,,,,,,,,,,,,,,,,,,,,,,,,,,,,,,,,,,,,,,,,,,,,,,,,,,,,,,,,,,,,,,,,,,,,,,,,,,,,,,,,,,,,,,,,,,,,,,,,,,,,,,,,,,,,,,,,,,,,,,,,,,,,,,,,,,,,,,,,,,,,,,,,,,,,,,,,,,,,,,,,,,,,,,,,,,,,,,,,,
SJLIC,279,,,,,,,,,,,,2026-09-03 08:56:08,,,,,,,,,,,,,,,,,,,,,,,,,,,,,,,,,,,,,,,,,,,,,,,,,,,,,,,,,,,,,,,,,,,,,,,,,,,,,,,,,,,,,,,,,,,,,,,,,,,,,,,,,,,,,,,,,,,,,,,,,,,,,,,,,,,,,,,,,,,,,,,,,,,,,,,,,,,,,,,,,,,,,,,,,,,,,,,,,,,,,,,,,,,,,,,,,,,,,,,,,,,,,,,,,,,,,,,,,,,,,,,,,,,,,,
SKBBL,68,9.0,70.0,30.0,Sunrise Capital Limited,False,False,2013-10-08,,4312621513.76,741.0,4927170079.47,2026-09-03 08:56:03,q4,082/083,13.26,221.76,5.98,1.56,1648454866.01,4332820849.16,41996243704.85,31069528196.61,6626511633.56,84874984.85,1273970396.29,,930074776.61,653145927.08,1648454866.01,2.96,17.31,2.74,3.68,2.74,120.0,33.46,13.26,10926715508.25,microfinancereport/skbbl_082_083_q4_sana_kishan_bikash.pdf,35392967017.36,257.22,875005784.38,-25.36,188.08,55.88,-2.2,,,,,,,,,,,,,,,,,,,,,,,,,,,,,,,18269713.6,,,,,,,,,,,,,,,,,,,,,,,,,,,,,,,,,,,,,,,,,,,,,,,,,,,,,,,,,,,,,,,,,,,,,,,,,,,,,,,,,,,,,,,,,,,,,,,,,,,,,,,,,,,,,,,,,,,,,,,,,,,,,,,,,,,,,,,,,,,,,,,,,,,,,,,,,,,,,,,,,,,,,
SKHEL,674,,,,,,,,,,,,2026-09-03 08:56:08,,,,,,,,,,,,,,,,,,,,,,,,,,,,,,,,,,,,,,,,,,,,,,,,,,,,,,,,,,,,,,,,,,,,,,,,,,,,,,,,,,,,,,,,,,,,,,,,,,,,,,,,,,,,,,,,,,,,,,,,,,,,,,,,,,,,,,,,,,,,,,,,,,,,,,,,,,,,,,,,,,,,,,,,,,,,,,,,,,,,,,,,,,,,,,,,,,,,,,,,,,,,,,,,,,,,,,,,,,,,,,,,,,,,,,
SKHL,677,,,,,,,,,,,,2026-09-03 08:56:08,,,,,,,,,,,,,,,,,,,,,,,,,,,,,,,,,,,,,,,,,,,,,,,,,,,,,,,,,,,,,,,,,,,,,,,,,,,,,,,,,,,,,,,,,,,,,,,,,,,,,,,,,,,,,,,,,,,,,,,,,,,,,,,,,,,,,,,,,,,,,,,,,,,,,,,,,,,,,,,,,,,,,,,,,,,,,,,,,,,,,,,,,,,,,,,,,,,,,,,,,,,,,,,,,,,,,,,,,,,,,,,,,,,,,,
SLBBL,67,,,,,,,,,,,,2026-09-03 08:56:08,,,,,,,,,,,,,,,,,,,,,,,,,,,,,,,,,,,,,,,,,,,,,,,,,,,,,,,,,,,,,,,,,,,,,,,,,,,,,,,,,,,,,,,,,,,,,,,,,,,,,,,,,,,,,,,,,,,,,,,,,,,,,,,,,,,,,,,,,,,,,,,,,,,,,,,,,,,,,,,,,,,,,,,,,,,,,,,,,,,,,,,,,,,,,,,,,,,,,,,,,,,,,,,,,,,,,,,,,,,,,,,,,,,,,,
SLBS,104,,,,,,,,,,,,2026-09-03 08:56:08,,,,,,,,,,,,,,,,,,,,,,,,,,,,,,,,,,,,,,,,,,,,,,,,,,,,,,,,,,,,,,,,,,,,,,,,,,,,,,,,,,,,,,,,,,,,,,,,,,,,,,,,,,,,,,,,,,,,,,,,,,,,,,,,,,,,,,,,,,,,,,,,,,,,,,,,,,,,,,,,,,,,,,,,,,,,,,,,,,,,,,,,,,,,,,,,,,,,,,,,,,,,,,,,,,,,,,,,,,,,,,,,,,,,,,
SLBSL,91,,,,,,,,,,,,2026-09-03 08:56:08,,,,,,,,,,,,,,,,,,,,,,,,,,,,,,,,,,,,,,,,,,,,,,,,,,,,,,,,,,,,,,,,,,,,,,,,,,,,,,,,,,,,,,,,,,,,,,,,,,,,,,,,,,,,,,,,,,,,,,,,,,,,,,,,,,,,,,,,,,,,,,,,,,,,,,,,,,,,,,,,,,,,,,,,,,,,,,,,,,,,,,,,,,,,,,,,,,,,,,,,,,,,,,,,,,,,,,,,,,,,,,,,,,,,,,
SLCF,218,,,,,,,,,,,,2026-09-03 08:56:13,,,,,,,,,,,,,,,,,,,,,,,,,,,,,,,,,,,,,,,,,,,,,,,,,,,,,,,,,,,,,,,,,,,,,,,,,,,,,,,,,,,,,,,,,,,,,,,,,,,,,,,,,,,,,,,,,,,,,,,,,,,,,,,,,,,,,,,,,,,,,,,,,,,,,,,,,,,,,,,,,,,,,,,,,,,,,,,,,,,,,,,,,,,,,,,,,,,,,,,,,,,,,,,,,,,,,,,,,,,,,,,,,,,,,,
SLI,122,,,,,,,,,,,,2026-09-03 08:56:13,,,,,,,,,,,,,,,,,,,,,,,,,,,,,,,,,,,,,,,,,,,,,,,,,,,,,,,,,,,,,,,,,,,,,,,,,,,,,,,,,,,,,,,,,,,,,,,,,,,,,,,,,,,,,,,,,,,,,,,,,,,,,,,,,,,,,,,,,,,,,,,,,,,,,,,,,,,,,,,,,,,,,,,,,,,,,,,,,,,,,,,,,,,,,,,,,,,,,,,,,,,,,,,,,,,,,,,,,,,,,,,,,,,,,,
SLICL,116,,,,,,,,,,,,2026-09-03 08:56:13,,,,,,,,,,,,,,,,,,,,,,,,,,,,,,,,,,,,,,,,,,,,,,,,,,,,,,,,,,,,,,,,,,,,,,,,,,,,,,,,,,,,,,,,,,,,,,,,,,,,,,,,,,,,,,,,,,,,,,,,,,,,,,,,,,,,,,,,,,,,,,,,,,,,,,,,,,,,,,,,,,,,,,,,,,,,,,,,,,,,,,,,,,,,,,,,,,,,,,,,,,,,,,,,,,,,,,,,,,,,,,,,,,,,,,
SLK,340,,,,,,,,,,,,2026-09-03 08:56:13,,,,,,,,,,,,,,,,,,,,,,,,,,,,,,,,,,,,,,,,,,,,,,,,,,,,,,,,,,,,,,,,,,,,,,,,,,,,,,,,,,,,,,,,,,,,,,,,,,,,,,,,,,,,,,,,,,,,,,,,,,,,,,,,,,,,,,,,,,,,,,,,,,,,,,,,,,,,,,,,,,,,,,,,,,,,,,,,,,,,,,,,,,,,,,,,,,,,,,,,,,,,,,,,,,,,,,,,,,,,,,,,,,,,,,
SMATA,86,,,,,,,,,,,,2026-09-03 08:56:13,,,,,,,,,,,,,,,,,,,,,,,,,,,,,,,,,,,,,,,,,,,,,,,,,,,,,,,,,,,,,,,,,,,,,,,,,,,,,,,,,,,,,,,,,,,,,,,,,,,,,,,,,,,,,,,,,,,,,,,,,,,,,,,,,,,,,,,,,,,,,,,,,,,,,,,,,,,,,,,,,,,,,,,,,,,,,,,,,,,,,,,,,,,,,,,,,,,,,,,,,,,,,,,,,,,,,,,,,,,,,,,,,,,,,,
SMB,88,,,,,,,,,,,,2026-09-03 08:56:13,,,,,,,,,,,,,,,,,,,,,,,,,,,,,,,,,,,,,,,,,,,,,,,,,,,,,,,,,,,,,,,,,,,,,,,,,,,,,,,,,,,,,,,,,,,,,,,,,,,,,,,,,,,,,,,,,,,,,,,,,,,,,,,,,,,,,,,,,,,,,,,,,,,,,,,,,,,,,,,,,,,,,,,,,,,,,,,,,,,,,,,,,,,,,,,,,,,,,,,,,,,,,,,,,,,,,,,,,,,,,,,,,,,,,,
SMFBS,95,,,,,,,,,,,,2026-09-03 08:56:13,,,,,,,,,,,,,,,,,,,,,,,,,,,,,,,,,,,,,,,,,,,,,,,,,,,,,,,,,,,,,,,,,,,,,,,,,,,,,,,,,,,,,,,,,,,,,,,,,,,,,,,,,,,,,,,,,,,,,,,,,,,,,,,,,,,,,,,,,,,,,,,,,,,,,,,,,,,,,,,,,,,,,,,,,,,,,,,,,,,,,,,,,,,,,,,,,,,,,,,,,,,,,,,,,,,,,,,,,,,,,,,,,,,,,,
SMFDB,66,,,,,,,,,,,,2026-09-03 08:56:13,,,,,,,,,,,,,,,,,,,,,,,,,,,,,,,,,,,,,,,,,,,,,,,,,,,,,,,,,,,,,,,,,,,,,,,,,,,,,,,,,,,,,,,,,,,,,,,,,,,,,,,,,,,,,,,,,,,,,,,,,,,,,,,,,,,,,,,,,,,,,,,,,,,,,,,,,,,,,,,,,,,,,,,,,,,,,,,,,,,,,,,,,,,,,,,,,,,,,,,,,,,,,,,,,,,,,,,,,,,,,,,,,,,,,,
SMH,269,,,,,,,,,,,,2026-09-03 08:56:18,,,,,,,,,,,,,,,,,,,,,,,,,,,,,,,,,,,,,,,,,,,,,,,,,,,,,,,,,,,,,,,,,,,,,,,,,,,,,,,,,,,,,,,,,,,,,,,,,,,,,,,,,,,,,,,,,,,,,,,,,,,,,,,,,,,,,,,,,,,,,,,,,,,,,,,,,,,,,,,,,,,,,,,,,,,,,,,,,,,,,,,,,,,,,,,,,,,,,,,,,,,,,,,,,,,,,,,,,,,,,,,,,,,,,,
SMHL,272,,,,,,,,,,,,2026-09-03 08:56:18,,,,,,,,,,,,,,,,,,,,,,,,,,,,,,,,,,,,,,,,,,,,,,,,,,,,,,,,,,,,,,,,,,,,,,,,,,,,,,,,,,,,,,,,,,,,,,,,,,,,,,,,,,,,,,,,,,,,,,,,,,,,,,,,,,,,,,,,,,,,,,,,,,,,,,,,,,,,,,,,,,,,,,,,,,,,,,,,,,,,,,,,,,,,,,,,,,,,,,,,,,,,,,,,,,,,,,,,,,,,,,,,,,,,,,
SMJC,273,,,,,,,,,,,,2026-09-03 08:56:18,,,,,,,,,,,,,,,,,,,,,,,,,,,,,,,,,,,,,,,,,,,,,,,,,,,,,,,,,,,,,,,,,,,,,,,,,,,,,,,,,,,,,,,,,,,,,,,,,,,,,,,,,,,,,,,,,,,,,,,,,,,,,,,,,,,,,,,,,,,,,,,,,,,,,,,,,,,,,,,,,,,,,,,,,,,,,,,,,,,,,,,,,,,,,,,,,,,,,,,,,,,,,,,,,,,,,,,,,,,,,,,,,,,,,,
SMPDA,636,,,,,,,,,,,,2026-09-03 08:56:18,,,,,,,,,,,,,,,,,,,,,,,,,,,,,,,,,,,,,,,,,,,,,,,,,,,,,,,,,,,,,,,,,,,,,,,,,,,,,,,,,,,,,,,,,,,,,,,,,,,,,,,,,,,,,,,,,,,,,,,,,,,,,,,,,,,,,,,,,,,,,,,,,,,,,,,,,,,,,,,,,,,,,,,,,,,,,,,,,,,,,,,,,,,,,,,,,,,,,,,,,,,,,,,,,,,,,,,,,,,,,,,,,,,,,,
SNLI,350,,,,,,,,,,,,2026-09-03 08:56:18,,,,,,,,,,,,,,,,,,,,,,,,,,,,,,,,,,,,,,,,,,,,,,,,,,,,,,,,,,,,,,,,,,,,,,,,,,,,,,,,,,,,,,,,,,,,,,,,,,,,,,,,,,,,,,,,,,,,,,,,,,,,,,,,,,,,,,,,,,,,,,,,,,,,,,,,,,,,,,,,,,,,,,,,,,,,,,,,,,,,,,,,,,,,,,,,,,,,,,,,,,,,,,,,,,,,,,,,,,,,,,,,,,,,,,
SNORL,689,,,,,,,,,,,,2026-09-03 08:56:18,,,,,,,,,,,,,,,,,,,,,,,,,,,,,,,,,,,,,,,,,,,,,,,,,,,,,,,,,,,,,,,,,,,,,,,,,,,,,,,,,,,,,,,,,,,,,,,,,,,,,,,,,,,,,,,,,,,,,,,,,,,,,,,,,,,,,,,,,,,,,,,,,,,,,,,,,,,,,,,,,,,,,,,,,,,,,,,,,,,,,,,,,,,,,,,,,,,,,,,,,,,,,,,,,,,,,,,,,,,,,,,,,,,,,,
SOHL,687,,,,,,,,,,,,2026-09-03 08:56:18,,,,,,,,,,,,,,,,,,,,,,,,,,,,,,,,,,,,,,,,,,,,,,,,,,,,,,,,,,,,,,,,,,,,,,,,,,,,,,,,,,,,,,,,,,,,,,,,,,,,,,,,,,,,,,,,,,,,,,,,,,,,,,,,,,,,,,,,,,,,,,,,,,,,,,,,,,,,,,,,,,,,,,,,,,,,,,,,,,,,,,,,,,,,,,,,,,,,,,,,,,,,,,,,,,,,,,,,,,,,,,,,,,,,,,
SONA,362,,,,,,,,,,,,2026-09-03 08:56:18,,,,,,,,,,,,,,,,,,,,,,,,,,,,,,,,,,,,,,,,,,,,,,,,,,,,,,,,,,,,,,,,,,,,,,,,,,,,,,,,,,,,,,,,,,,,,,,,,,,,,,,,,,,,,,,,,,,,,,,,,,,,,,,,,,,,,,,,,,,,,,,,,,,,,,,,,,,,,,,,,,,,,,,,,,,,,,,,,,,,,,,,,,,,,,,,,,,,,,,,,,,,,,,,,,,,,,,,,,,,,,,,,,,,,,
SOPL,690,,,,,,,,,,,,2026-09-03 08:56:23,,,,,,,,,,,,,,,,,,,,,,,,,,,,,,,,,,,,,,,,,,,,,,,,,,,,,,,,,,,,,,,,,,,,,,,,,,,,,,,,,,,,,,,,,,,,,,,,,,,,,,,,,,,,,,,,,,,,,,,,,,,,,,,,,,,,,,,,,,,,,,,,,,,,,,,,,,,,,,,,,,,,,,,,,,,,,,,,,,,,,,,,,,,,,,,,,,,,,,,,,,,,,,,,,,,,,,,,,,,,,,,,,,,,,,
SPC,205,,,,,,,,,,,,2026-09-03 08:56:23,,,,,,,,,,,,,,,,,,,,,,,,,,,,,,,,,,,,,,,,,,,,,,,,,,,,,,,,,,,,,,,,,,,,,,,,,,,,,,,,,,,,,,,,,,,,,,,,,,,,,,,,,,,,,,,,,,,,,,,,,,,,,,,,,,,,,,,,,,,,,,,,,,,,,,,,,,,,,,,,,,,,,,,,,,,,,,,,,,,,,,,,,,,,,,,,,,,,,,,,,,,,,,,,,,,,,,,,,,,,,,,,,,,,,,
SPDL,153,,,,,,,,,,,,2026-09-03 08:56:23,,,,,,,,,,,,,,,,,,,,,,,,,,,,,,,,,,,,,,,,,,,,,,,,,,,,,,,,,,,,,,,,,,,,,,,,,,,,,,,,,,,,,,,,,,,,,,,,,,,,,,,,,,,,,,,,,,,,,,,,,,,,,,,,,,,,,,,,,,,,,,,,,,,,,,,,,,,,,,,,,,,,,,,,,,,,,,,,,,,,,,,,,,,,,,,,,,,,,,,,,,,,,,,,,,,,,,,,,,,,,,,,,,,,,,
SPHL,253,,,,,,,,,,,,2026-09-03 08:56:23,,,,,,,,,,,,,,,,,,,,,,,,,,,,,,,,,,,,,,,,,,,,,,,,,,,,,,,,,,,,,,,,,,,,,,,,,,,,,,,,,,,,,,,,,,,,,,,,,,,,,,,,,,,,,,,,,,,,,,,,,,,,,,,,,,,,,,,,,,,,,,,,,,,,,,,,,,,,,,,,,,,,,,,,,,,,,,,,,,,,,,,,,,,,,,,,,,,,,,,,,,,,,,,,,,,,,,,,,,,,,,,,,,,,,,
SPIL,287,,,,,,,,,,,,2026-09-03 08:56:23,,,,,,,,,,,,,,,,,,,,,,,,,,,,,,,,,,,,,,,,,,,,,,,,,,,,,,,,,,,,,,,,,,,,,,,,,,,,,,,,,,,,,,,,,,,,,,,,,,,,,,,,,,,,,,,,,,,,,,,,,,,,,,,,,,,,,,,,,,,,,,,,,,,,,,,,,,,,,,,,,,,,,,,,,,,,,,,,,,,,,,,,,,,,,,,,,,,,,,,,,,,,,,,,,,,,,,,,,,,,,,,,,,,,,,
SPL,268,,,,,,,,,,,,2026-09-03 08:56:23,,,,,,,,,,,,,,,,,,,,,,,,,,,,,,,,,,,,,,,,,,,,,,,,,,,,,,,,,,,,,,,,,,,,,,,,,,,,,,,,,,,,,,,,,,,,,,,,,,,,,,,,,,,,,,,,,,,,,,,,,,,,,,,,,,,,,,,,,,,,,,,,,,,,,,,,,,,,,,,,,,,,,,,,,,,,,,,,,,,,,,,,,,,,,,,,,,,,,,,,,,,,,,,,,,,,,,,,,,,,,,,,,,,,,,
SRBL,20,,,,,,,,,,,,2026-09-03 08:56:23,,,,,,,,,,,,,,,,,,,,,,,,,,,,,,,,,,,,,,,,,,,,,,,,,,,,,,,,,,,,,,,,,,,,,,,,,,,,,,,,,,,,,,,,,,,,,,,,,,,,,,,,,,,,,,,,,,,,,,,,,,,,,,,,,,,,,,,,,,,,,,,,,,,,,,,,,,,,,,,,,,,,,,,,,,,,,,,,,,,,,,,,,,,,,,,,,,,,,,,,,,,,,,,,,,,,,,,,,,,,,,,,,,,,,,
SRLI,292,,,,,,,,,,,,2026-09-03 08:56:23,,,,,,,,,,,,,,,,,,,,,,,,,,,,,,,,,,,,,,,,,,,,,,,,,,,,,,,,,,,,,,,,,,,,,,,,,,,,,,,,,,,,,,,,,,,,,,,,,,,,,,,,,,,,,,,,,,,,,,,,,,,,,,,,,,,,,,,,,,,,,,,,,,,,,,,,,,,,,,,,,,,,,,,,,,,,,,,,,,,,,,,,,,,,,,,,,,,,,,,,,,,,,,,,,,,,,,,,,,,,,,,,,,,,,,
SSHL,175,,,,,,,,,,,,2026-09-03 08:56:28,,,,,,,,,,,,,,,,,,,,,,,,,,,,,,,,,,,,,,,,,,,,,,,,,,,,,,,,,,,,,,,,,,,,,,,,,,,,,,,,,,,,,,,,,,,,,,,,,,,,,,,,,,,,,,,,,,,,,,,,,,,,,,,,,,,,,,,,,,,,,,,,,,,,,,,,,,,,,,,,,,,,,,,,,,,,,,,,,,,,,,,,,,,,,,,,,,,,,,,,,,,,,,,,,,,,,,,,,,,,,,,,,,,,,,
SSIS,339,,,,,,,,,,,,2026-09-03 08:56:28,,,,,,,,,,,,,,,,,,,,,,,,,,,,,,,,,,,,,,,,,,,,,,,,,,,,,,,,,,,,,,,,,,,,,,,,,,,,,,,,,,,,,,,,,,,,,,,,,,,,,,,,,,,,,,,,,,,,,,,,,,,,,,,,,,,,,,,,,,,,,,,,,,,,,,,,,,,,,,,,,,,,,,,,,,,,,,,,,,,,,,,,,,,,,,,,,,,,,,,,,,,,,,,,,,,,,,,,,,,,,,,,,,,,,,
STC,199,,,,,,,,,,,,2026-09-03 08:56:28,,,,,,,,,,,,,,,,,,,,,,,,,,,,,,,,,,,,,,,,,,,,,,,,,,,,,,,,,,,,,,,,,,,,,,,,,,,,,,,,,,,,,,,,,,,,,,,,,,,,,,,,,,,,,,,,,,,,,,,,,,,,,,,,,,,,,,,,,,,,,,,,,,,,,,,,,,,,,,,,,,,,,,,,,,,,,,,,,,,,,,,,,,,,,,,,,,,,,,,,,,,,,,,,,,,,,,,,,,,,,,,,,,,,,,
SWASTIK,651,,,,,,,,,,,,2026-09-03 08:56:28,,,,,,,,,,,,,,,,,,,,,,,,,,,,,,,,,,,,,,,,,,,,,,,,,,,,,,,,,,,,,,,,,,,,,,,,,,,,,,,,,,,,,,,,,,,,,,,,,,,,,,,,,,,,,,,,,,,,,,,,,,,,,,,,,,,,,,,,,,,,,,,,,,,,,,,,,,,,,,,,,,,,,,,,,,,,,,,,,,,,,,,,,,,,,,,,,,,,,,,,,,,,,,,,,,,,,,,,,,,,,,,,,,,,,,
SWBBL,63,,,,,,,,,,,,2026-09-03 08:56:28,,,,,,,,,,,,,,,,,,,,,,,,,,,,,,,,,,,,,,,,,,,,,,,,,,,,,,,,,,,,,,,,,,,,,,,,,,,,,,,,,,,,,,,,,,,,,,,,,,,,,,,,,,,,,,,,,,,,,,,,,,,,,,,,,,,,,,,,,,,,,,,,,,,,,,,,,,,,,,,,,,,,,,,,,,,,,,,,,,,,,,,,,,,,,,,,,,,,,,,,,,,,,,,,,,,,,,,,,,,,,,,,,,,,,,
SYPNL,670,,,,,,,,,,,,2026-09-03 08:56:28,,,,,,,,,,,,,,,,,,,,,,,,,,,,,,,,,,,,,,,,,,,,,,,,,,,,,,,,,,,,,,,,,,,,,,,,,,,,,,,,,,,,,,,,,,,,,,,,,,,,,,,,,,,,,,,,,,,,,,,,,,,,,,,,,,,,,,,,,,,,,,,,,,,,,,,,,,,,,,,,,,,,,,,,,,,,,,,,,,,,,,,,,,,,,,,,,,,,,,,,,,,,,,,,,,,,,,,,,,,,,,,,,,,,,,
TAMOR,276,,,,,,,,,,,,2026-09-03 08:56:28,,,,,,,,,,,,,,,,,,,,,,,,,,,,,,,,,,,,,,,,,,,,,,,,,,,,,,,,,,,,,,,,,,,,,,,,,,,,,,,,,,,,,,,,,,,,,,,,,,,,,,,,,,,,,,,,,,,,,,,,,,,,,,,,,,,,,,,,,,,,,,,,,,,,,,,,,,,,,,,,,,,,,,,,,,,,,,,,,,,,,,,,,,,,,,,,,,,,,,,,,,,,,,,,,,,,,,,,,,,,,,,,,,,,,,
TPC,209,,,,,,,,,,,,2026-09-03 08:56:28,,,,,,,,,,,,,,,,,,,,,,,,,,,,,,,,,,,,,,,,,,,,,,,,,,,,,,,,,,,,,,,,,,,,,,,,,,,,,,,,,,,,,,,,,,,,,,,,,,,,,,,,,,,,,,,,,,,,,,,,,,,,,,,,,,,,,,,,,,,,,,,,,,,,,,,,,,,,,,,,,,,,,,,,,,,,,,,,,,,,,,,,,,,,,,,,,,,,,,,,,,,,,,,,,,,,,,,,,,,,,,,,,,,,,,
TPKHL,685,,,,,,,,,,,,2026-09-03 08:56:33,,,,,,,,,,,,,,,,,,,,,,,,,,,,,,,,,,,,,,,,,,,,,,,,,,,,,,,,,,,,,,,,,,,,,,,,,,,,,,,,,,,,,,,,,,,,,,,,,,,,,,,,,,,,,,,,,,,,,,,,,,,,,,,,,,,,,,,,,,,,,,,,,,,,,,,,,,,,,,,,,,,,,,,,,,,,,,,,,,,,,,,,,,,,,,,,,,,,,,,,,,,,,,,,,,,,,,,,,,,,,,,,,,,,,,
TRH,194,,,,,,,,,,,,2026-09-03 08:56:33,,,,,,,,,,,,,,,,,,,,,,,,,,,,,,,,,,,,,,,,,,,,,,,,,,,,,,,,,,,,,,,,,,,,,,,,,,,,,,,,,,,,,,,,,,,,,,,,,,,,,,,,,,,,,,,,,,,,,,,,,,,,,,,,,,,,,,,,,,,,,,,,,,,,,,,,,,,,,,,,,,,,,,,,,,,,,,,,,,,,,,,,,,,,,,,,,,,,,,,,,,,,,,,,,,,,,,,,,,,,,,,,,,,,,,
TSHL,305,,,,,,,,,,,,2026-09-03 08:56:33,,,,,,,,,,,,,,,,,,,,,,,,,,,,,,,,,,,,,,,,,,,,,,,,,,,,,,,,,,,,,,,,,,,,,,,,,,,,,,,,,,,,,,,,,,,,,,,,,,,,,,,,,,,,,,,,,,,,,,,,,,,,,,,,,,,,,,,,,,,,,,,,,,,,,,,,,,,,,,,,,,,,,,,,,,,,,,,,,,,,,,,,,,,,,,,,,,,,,,,,,,,,,,,,,,,,,,,,,,,,,,,,,,,,,,
TTL,648,,,,,,,,,,,,2026-09-03 08:56:33,,,,,,,,,,,,,,,,,,,,,,,,,,,,,,,,,,,,,,,,,,,,,,,,,,,,,,,,,,,,,,,,,,,,,,,,,,,,,,,,,,,,,,,,,,,,,,,,,,,,,,,,,,,,,,,,,,,,,,,,,,,,,,,,,,,,,,,,,,,,,,,,,,,,,,,,,,,,,,,,,,,,,,,,,,,,,,,,,,,,,,,,,,,,,,,,,,,,,,,,,,,,,,,,,,,,,,,,,,,,,,,,,,,,,,
TVCL,448,,,,,,,,,,,,2026-09-03 08:56:33,,,,,,,,,,,,,,,,,,,,,,,,,,,,,,,,,,,,,,,,,,,,,,,,,,,,,,,,,,,,,,,,,,,,,,,,,,,,,,,,,,,,,,,,,,,,,,,,,,,,,,,,,,,,,,,,,,,,,,,,,,,,,,,,,,,,,,,,,,,,,,,,,,,,,,,,,,,,,,,,,,,,,,,,,,,,,,,,,,,,,,,,,,,,,,,,,,,,,,,,,,,,,,,,,,,,,,,,,,,,,,,,,,,,,,
UAIL,297,,,,,,,,,,,,2026-09-03 08:56:33,,,,,,,,,,,,,,,,,,,,,,,,,,,,,,,,,,,,,,,,,,,,,,,,,,,,,,,,,,,,,,,,,,,,,,,,,,,,,,,,,,,,,,,,,,,,,,,,,,,,,,,,,,,,,,,,,,,,,,,,,,,,,,,,,,,,,,,,,,,,,,,,,,,,,,,,,,,,,,,,,,,,,,,,,,,,,,,,,,,,,,,,,,,,,,,,,,,,,,,,,,,,,,,,,,,,,,,,,,,,,,,,,,,,,,
UHEWA,251,,,,,,,,,,,,2026-09-03 08:56:33,,,,,,,,,,,,,,,,,,,,,,,,,,,,,,,,,,,,,,,,,,,,,,,,,,,,,,,,,,,,,,,,,,,,,,,,,,,,,,,,,,,,,,,,,,,,,,,,,,,,,,,,,,,,,,,,,,,,,,,,,,,,,,,,,,,,,,,,,,,,,,,,,,,,,,,,,,,,,,,,,,,,,,,,,,,,,,,,,,,,,,,,,,,,,,,,,,,,,,,,,,,,,,,,,,,,,,,,,,,,,,,,,,,,,,
UIC,126,,,,,,,,,,,,2026-09-03 08:56:33,,,,,,,,,,,,,,,,,,,,,,,,,,,,,,,,,,,,,,,,,,,,,,,,,,,,,,,,,,,,,,,,,,,,,,,,,,,,,,,,,,,,,,,,,,,,,,,,,,,,,,,,,,,,,,,,,,,,,,,,,,,,,,,,,,,,,,,,,,,,,,,,,,,,,,,,,,,,,,,,,,,,,,,,,,,,,,,,,,,,,,,,,,,,,,,,,,,,,,,,,,,,,,,,,,,,,,,,,,,,,,,,,,,,,,
ULBSL,238,,,,,,,,,,,,2026-09-03 08:56:38,,,,,,,,,,,,,,,,,,,,,,,,,,,,,,,,,,,,,,,,,,,,,,,,,,,,,,,,,,,,,,,,,,,,,,,,,,,,,,,,,,,,,,,,,,,,,,,,,,,,,,,,,,,,,,,,,,,,,,,,,,,,,,,,,,,,,,,,,,,,,,,,,,,,,,,,,,,,,,,,,,,,,,,,,,,,,,,,,,,,,,,,,,,,,,,,,,,,,,,,,,,,,,,,,,,,,,,,,,,,,,,,,,,,,,
ULHC,330,,,,,,,,,,,,2026-09-03 08:56:38,,,,,,,,,,,,,,,,,,,,,,,,,,,,,,,,,,,,,,,,,,,,,,,,,,,,,,,,,,,,,,,,,,,,,,,,,,,,,,,,,,,,,,,,,,,,,,,,,,,,,,,,,,,,,,,,,,,,,,,,,,,,,,,,,,,,,,,,,,,,,,,,,,,,,,,,,,,,,,,,,,,,,,,,,,,,,,,,,,,,,,,,,,,,,,,,,,,,,,,,,,,,,,,,,,,,,,,,,,,,,,,,,,,,,,
ULI,121,,,,,,,,,,,,2026-09-03 08:56:38,,,,,,,,,,,,,,,,,,,,,,,,,,,,,,,,,,,,,,,,,,,,,,,,,,,,,,,,,,,,,,,,,,,,,,,,,,,,,,,,,,,,,,,,,,,,,,,,,,,,,,,,,,,,,,,,,,,,,,,,,,,,,,,,,,,,,,,,,,,,,,,,,,,,,,,,,,,,,,,,,,,,,,,,,,,,,,,,,,,,,,,,,,,,,,,,,,,,,,,,,,,,,,,,,,,,,,,,,,,,,,,,,,,,,,
UMHL,154,,,,,,,,,,,,2026-09-03 08:56:38,,,,,,,,,,,,,,,,,,,,,,,,,,,,,,,,,,,,,,,,,,,,,,,,,,,,,,,,,,,,,,,,,,,,,,,,,,,,,,,,,,,,,,,,,,,,,,,,,,,,,,,,,,,,,,,,,,,,,,,,,,,,,,,,,,,,,,,,,,,,,,,,,,,,,,,,,,,,,,,,,,,,,,,,,,,,,,,,,,,,,,,,,,,,,,,,,,,,,,,,,,,,,,,,,,,,,,,,,,,,,,,,,,,,,,
UMRH,177,,,,,,,,,,,,2026-09-03 08:56:38,,,,,,,,,,,,,,,,,,,,,,,,,,,,,,,,,,,,,,,,,,,,,,,,,,,,,,,,,,,,,,,,,,,,,,,,,,,,,,,,,,,,,,,,,,,,,,,,,,,,,,,,,,,,,,,,,,,,,,,,,,,,,,,,,,,,,,,,,,,,,,,,,,,,,,,,,,,,,,,,,,,,,,,,,,,,,,,,,,,,,,,,,,,,,,,,,,,,,,,,,,,,,,,,,,,,,,,,,,,,,,,,,,,,,,
UNHPL,170,,,,,,,,,,,,2026-09-03 08:56:38,,,,,,,,,,,,,,,,,,,,,,,,,,,,,,,,,,,,,,,,,,,,,,,,,,,,,,,,,,,,,,,,,,,,,,,,,,,,,,,,,,,,,,,,,,,,,,,,,,,,,,,,,,,,,,,,,,,,,,,,,,,,,,,,,,,,,,,,,,,,,,,,,,,,,,,,,,,,,,,,,,,,,,,,,,,,,,,,,,,,,,,,,,,,,,,,,,,,,,,,,,,,,,,,,,,,,,,,,,,,,,,,,,,,,,
UNL,190,,,,,,,,,,,,2026-09-03 08:56:38,,,,,,,,,,,,,,,,,,,,,,,,,,,,,,,,,,,,,,,,,,,,,,,,,,,,,,,,,,,,,,,,,,,,,,,,,,,,,,,,,,,,,,,,,,,,,,,,,,,,,,,,,,,,,,,,,,,,,,,,,,,,,,,,,,,,,,,,,,,,,,,,,,,,,,,,,,,,,,,,,,,,,,,,,,,,,,,,,,,,,,,,,,,,,,,,,,,,,,,,,,,,,,,,,,,,,,,,,,,,,,,,,,,,,,
UNLB,285,,,,,,,,,,,,2026-09-03 08:56:38,,,,,,,,,,,,,,,,,,,,,,,,,,,,,,,,,,,,,,,,,,,,,,,,,,,,,,,,,,,,,,,,,,,,,,,,,,,,,,,,,,,,,,,,,,,,,,,,,,,,,,,,,,,,,,,,,,,,,,,,,,,,,,,,,,,,,,,,,,,,,,,,,,,,,,,,,,,,,,,,,,,,,,,,,,,,,,,,,,,,,,,,,,,,,,,,,,,,,,,,,,,,,,,,,,,,,,,,,,,,,,,,,,,,,,
UPCL,166,,,,,,,,,,,,2026-09-03 08:56:43,,,,,,,,,,,,,,,,,,,,,,,,,,,,,,,,,,,,,,,,,,,,,,,,,,,,,,,,,,,,,,,,,,,,,,,,,,,,,,,,,,,,,,,,,,,,,,,,,,,,,,,,,,,,,,,,,,,,,,,,,,,,,,,,,,,,,,,,,,,,,,,,,,,,,,,,,,,,,,,,,,,,,,,,,,,,,,,,,,,,,,,,,,,,,,,,,,,,,,,,,,,,,,,,,,,,,,,,,,,,,,,,,,,,,,
UPPER,164,,,,,,,,,,,,2026-09-03 08:56:43,,,,,,,,,,,,,,,,,,,,,,,,,,,,,,,,,,,,,,,,,,,,,,,,,,,,,,,,,,,,,,,,,,,,,,,,,,,,,,,,,,,,,,,,,,,,,,,,,,,,,,,,,,,,,,,,,,,,,,,,,,,,,,,,,,,,,,,,,,,,,,,,,,,,,,,,,,,,,,,,,,,,,,,,,,,,,,,,,,,,,,,,,,,,,,,,,,,,,,,,,,,,,,,,,,,,,,,,,,,,,,,,,,,,,,
USHEC,246,,,,,,,,,,,,2026-09-03 08:56:43,,,,,,,,,,,,,,,,,,,,,,,,,,,,,,,,,,,,,,,,,,,,,,,,,,,,,,,,,,,,,,,,,,,,,,,,,,,,,,,,,,,,,,,,,,,,,,,,,,,,,,,,,,,,,,,,,,,,,,,,,,,,,,,,,,,,,,,,,,,,,,,,,,,,,,,,,,,,,,,,,,,,,,,,,,,,,,,,,,,,,,,,,,,,,,,,,,,,,,,,,,,,,,,,,,,,,,,,,,,,,,,,,,,,,,
USHL,334,,,,,,,,,,,,2026-09-03 08:56:43,,,,,,,,,,,,,,,,,,,,,,,,,,,,,,,,,,,,,,,,,,,,,,,,,,,,,,,,,,,,,,,,,,,,,,,,,,,,,,,,,,,,,,,,,,,,,,,,,,,,,,,,,,,,,,,,,,,,,,,,,,,,,,,,,,,,,,,,,,,,,,,,,,,,,,,,,,,,,,,,,,,,,,,,,,,,,,,,,,,,,,,,,,,,,,,,,,,,,,,,,,,,,,,,,,,,,,,,,,,,,,,,,,,,,,
USLB,89,,,,,,,,,,,,2026-09-03 08:56:43,,,,,,,,,,,,,,,,,,,,,,,,,,,,,,,,,,,,,,,,,,,,,,,,,,,,,,,,,,,,,,,,,,,,,,,,,,,,,,,,,,,,,,,,,,,,,,,,,,,,,,,,,,,,,,,,,,,,,,,,,,,,,,,,,,,,,,,,,,,,,,,,,,,,,,,,,,,,,,,,,,,,,,,,,,,,,,,,,,,,,,,,,,,,,,,,,,,,,,,,,,,,,,,,,,,,,,,,,,,,,,,,,,,,,,
VLBS,76,,,,,,,,,,,,2026-09-03 08:56:43,,,,,,,,,,,,,,,,,,,,,,,,,,,,,,,,,,,,,,,,,,,,,,,,,,,,,,,,,,,,,,,,,,,,,,,,,,,,,,,,,,,,,,,,,,,,,,,,,,,,,,,,,,,,,,,,,,,,,,,,,,,,,,,,,,,,,,,,,,,,,,,,,,,,,,,,,,,,,,,,,,,,,,,,,,,,,,,,,,,,,,,,,,,,,,,,,,,,,,,,,,,,,,,,,,,,,,,,,,,,,,,,,,,,,,
VLUCL,444,,,,,,,,,,,,2026-09-03 08:56:43,,,,,,,,,,,,,,,,,,,,,,,,,,,,,,,,,,,,,,,,,,,,,,,,,,,,,,,,,,,,,,,,,,,,,,,,,,,,,,,,,,,,,,,,,,,,,,,,,,,,,,,,,,,,,,,,,,,,,,,,,,,,,,,,,,,,,,,,,,,,,,,,,,,,,,,,,,,,,,,,,,,,,,,,,,,,,,,,,,,,,,,,,,,,,,,,,,,,,,,,,,,,,,,,,,,,,,,,,,,,,,,,,,,,,,
WNLB,260,,,,,,,,,,,,2026-09-03 08:56:43,,,,,,,,,,,,,,,,,,,,,,,,,,,,,,,,,,,,,,,,,,,,,,,,,,,,,,,,,,,,,,,,,,,,,,,,,,,,,,,,,,,,,,,,,,,,,,,,,,,,,,,,,,,,,,,,,,,,,,,,,,,,,,,,,,,,,,,,,,,,,,,,,,,,,,,,,,,,,,,,,,,,,,,,,,,,,,,,,,,,,,,,,,,,,,,,,,,,,,,,,,,,,,,,,,,,,,,,,,,,,,,,,,,,,,
YMHL,688,,,,,,,,,,,,2026-09-03 08:56:48,,,,,,,,,,,,,,,,,,,,,,,,,,,,,,,,,,,,,,,,,,,,,,,,,,,,,,,,,,,,,,,,,,,,,,,,,,,,,,,,,,,,,,,,,,,,,,,,,,,,,,,,,,,,,,,,,,,,,,,,,,,,,,,,,,,,,,,,,,,,,,,,,,,,,,,,,,,,,,,,,,,,,,,,,,,,,,,,,,,,,,,,,,,,,,,,,,,,,,,,,,,,,,,,,,,,,,,,,,,,,,,,,,,,,,
