date,broker,buy_amount,sell_amount,net_amount,net_matching
2026-06-30,34,141112386.6,66448613.24,74663773.36,1200189.7
2026-06-30,101,65445334.1,5072534.3,60372799.8,0.0
2026-06-30,42,160305708.5,106737087.2,53568621.3,4639962.1
2026-06-30,44,94579570.1,63822137.2,30757432.9,1679907.8
2026-06-30,49,119265133.35,91111349.4,28153783.95,4561192.7
2026-06-30,52,63131061.7,35973246.9,27157814.8,510518.0
2026-06-30,65,59172940.3,34756782.0,24416158.3,0.0
2026-06-30,64,49459338.6,25757992.8,23701345.8,0.0
2026-06-30,32,185821133.3,162741290.9,23079842.4,125288359.9
2026-06-30,62,66091969.3,44725105.3,21366864.0,1870309.7
2026-06-30,13,35187153.5,22663907.8,12523245.7,71277.0
2026-06-30,82,16116855.6,3603607.4,12513248.2,0.0
2026-06-30,56,69178464.6,57341518.3,11836946.3,6401042.6
2026-06-30,80,20213009.9,8805661.6,11407348.3,6591.0
2026-06-30,85,15366796.1,6814200.4,8552595.7,0.0
2026-06-30,1,51559161.9,43146002.9,8413159.0,683880.6
2026-06-30,69,15498282.9,7350193.9,8148089.0,0.0
2026-06-30,95,20480823.9,12525553.2,7955270.7,0.0
2026-06-30,92,14870198.6,7030575.3,7839623.3,127718.0
2026-06-30,60,26237497.3,18496867.5,7740629.8,213750.0
2026-06-30,40,24045761.2,16804160.4,7241600.8,80072.0
2026-06-30,29,36135472.7,29519034.7,6616438.0,701443.7
2026-06-30,51,28449104.8,21852801.0,6596303.8,1288504.0
2026-06-30,63,31947801.7,25408585.0,6539216.7,1890638.5
2026-06-30,48,101580430.9,95964984.1,5615446.8,4390132.0
2026-06-30,70,24783184.9,19399225.5,5383959.4,0.0
2026-06-30,59,23136315.2,17877912.5,5258402.7,191029.0
2026-06-30,5,17898747.8,12673793.5,5224954.3,177200.0
2026-06-30,100,11093712.8,6794356.4,4299356.4,0.0
2026-06-30,78,4680815.0,994111.5,3686703.5,0.0
2026-06-30,67,14112352.7,10717966.9,3394385.8,40600.0
2026-06-30,7,21434402.3,18260311.2,3174091.1,223627.9
2026-06-30,37,14351966.3,11366234.1,2985732.2,237500.0
2026-06-30,6,47924527.6,45101632.9,2822894.7,1486174.7
2026-06-30,84,23441567.5,20792212.2,2649355.3,7530558.0
2026-06-30,53,33442468.7,31331039.95,2111428.75,292271.6
2026-06-30,76,2003260.8,596840.8,1406420.0,0.0
2026-06-30,98,2804426.2,1508730.4,1295695.8,724979.8
2026-06-30,10,13922404.0,13049051.15,873352.85,71209.0
2026-06-30,45,96237482.65,95816365.8,421116.85,3427980.9
2026-06-30,47,33174726.0,33164649.4,10076.6,1033625.0
2026-06-30,91,9429824.1,10094340.6,-664516.5,256070.0
2026-06-30,83,7876085.3,8564543.7,-688458.4,0.0
2026-06-30,88,17513445.6,18299125.6,-785680.0,105825.0
2026-06-30,87,2903644.2,3715381.5,-811737.3,0.0
2026-06-30,79,561969.0,1561168.7,-999199.7,0.0
2026-06-30,90,5178310.4,6314843.1,-1136532.7,1058385.0
2026-06-30,94,14600338.7,15830694.5,-1230355.8,0.0
2026-06-30,22,40851040.7,42100382.6,-1249341.9,346496.3
2026-06-30,66,14552603.7,15813551.6,-1260947.9,6370.0
2026-06-30,20,6252732.6,7556219.7,-1303487.1,0.0
2026-06-30,74,28728063.3,30104427.3,-1376364.0,492566.7
2026-06-30,61,1349613.7,3150071.6,-1800457.9,0.0
2026-06-30,18,6515003.3,8365425.2,-1850421.9,6400.0
2026-06-30,16,36717067.8,38711857.0,-1994789.2,657716.3
2026-06-30,72,7130964.1,9217457.5,-2086493.4,857112.0
2026-06-30,86,5548281.0,7770741.6,-2222460.6,0.0
2026-06-30,71,16165855.37,19681459.8,-3515604.43,0.0
2026-06-30,21,38789450.8,42679276.9,-3889826.1,456507.5
2026-06-30,99,5536637.6,9552752.6,-4016115.0,0.0
2026-06-30,11,13714333.5,17786360.5,-4072027.0,70680.0
2026-06-30,93,611105.3,4710823.3,-4099718.0,0.0
2026-06-30,36,35311472.0,39413706.8,-4102234.8,488706.9
2026-06-30,19,20321512.29,24706087.6,-4384575.31,143755.0
2026-06-30,14,64760670.1,69450343.66,-4689673.56,2295688.9
2026-06-30,68,5428686.6,10468915.4,-5040228.8,3270.0
2026-06-30,3,13254365.9,18334010.3,-5079644.4,103827.0
2026-06-30,89,4034519.7,9883179.1,-5848659.4,38000.0
2026-06-30,46,15016739.5,22324246.8,-7307507.3,57244.5
2026-06-30,4,80693765.71,88128507.3,-7434741.59,40214432.0
2026-06-30,54,10791577.5,18438393.4,-7646815.9,3221.0
2026-06-30,96,8658227.7,16382166.9,-7723939.2,0.0
2026-06-30,57,87835558.2,95989711.97,-8154153.77,2718076.5
2026-06-30,39,40795970.1,49019967.5,-8223997.4,455669.0
2026-06-30,17,54697664.4,64221077.4,-9523413.0,977298.4
2026-06-30,25,30824987.7,40350087.3,-9525099.6,452426.0
2026-06-30,41,57273851.7,67806917.8,-10533066.1,1216081.0
2026-06-30,38,61091327.6,72217651.4,-11126323.8,2004320.5
2026-06-30,35,49256501.7,63087184.1,-13830682.4,1496099.2
2026-06-30,97,5399008.8,21465550.1,-16066541.3,0.0
2026-06-30,81,11597627.1,30087363.2,-18489736.1,343544.0
2026-06-30,8,20301690.9,39640270.1,-19338579.2,657582.9
2026-06-30,26,33089358.6,53239858.9,-20150500.3,904044.1
2026-06-30,77,45951279.9,72164303.7,-26213023.8,279180.0
2026-06-30,50,27967739.8,56571576.6,-28603836.8,729196.7
2026-06-30,75,16506003.1,52544694.1,-36038691.0,186720.0
2026-06-30,43,17829436.9,56760495.5,-38931058.6,526437.0
2026-06-30,33,36473241.7,81168124.4,-44694882.7,445619.7
2026-06-30,28,47301571.2,101826393.8,-54524822.6,162331.0
2026-06-30,58,176047064.73,243529093.13,-67482028.4,17497460.63
2026-07-01,34,141112386.6,66448613.24,74663773.36,1200189.7
2026-07-01,101,65445334.1,5072534.3,60372799.8,0.0
2026-07-01,42,160305708.5,106737087.2,53568621.3,4639962.1
2026-07-01,44,94579570.1,63822137.2,30757432.9,1679907.8
2026-07-01,49,119265133.35,91111349.4,28153783.95,4561192.7
2026-07-01,52,63131061.7,35973246.9,27157814.8,510518.0
2026-07-01,65,59172940.3,34756782.0,24416158.3,0.0
2026-07-01,64,49459338.6,25757992.8,23701345.8,0.0
2026-07-01,32,185821133.3,162741290.9,23079842.4,125288359.9
2026-07-01,62,66091969.3,44725105.3,21366864.0,1870309.7
2026-07-01,13,35187153.5,22663907.8,12523245.7,71277.0
2026-07-01,82,16116855.6,3603607.4,12513248.2,0.0
2026-07-01,56,69178464.6,57341518.3,11836946.3,6401042.6
2026-07-01,80,20213009.9,8805661.6,11407348.3,6591.0
2026-07-01,85,15366796.1,6814200.4,8552595.7,0.0
2026-07-01,1,51559161.9,43146002.9,8413159.0,683880.6
2026-07-01,69,15498282.9,7350193.9,8148089.0,0.0
2026-07-01,95,20480823.9,12525553.2,7955270.7,0.0
2026-07-01,92,14870198.6,7030575.3,7839623.3,127718.0
2026-07-01,60,26237497.3,18496867.5,7740629.8,213750.0
2026-07-01,40,24045761.2,16804160.4,7241600.8,80072.0
2026-07-01,29,36135472.7,29519034.7,6616438.0,701443.7
2026-07-01,51,28449104.8,21852801.0,6596303.8,1288504.0
2026-07-01,63,31947801.7,25408585.0,6539216.7,1890638.5
2026-07-01,48,101580430.9,95964984.1,5615446.8,4390132.0
2026-07-01,70,24783184.9,19399225.5,5383959.4,0.0
2026-07-01,59,23136315.2,17877912.5,5258402.7,191029.0
2026-07-01,5,17898747.8,12673793.5,5224954.3,177200.0
2026-07-01,100,11093712.8,6794356.4,4299356.4,0.0
2026-07-01,78,4680815.0,994111.5,3686703.5,0.0
2026-07-01,67,14112352.7,10717966.9,3394385.8,40600.0
2026-07-01,7,21434402.3,18260311.2,3174091.1,223627.9
2026-07-01,37,14351966.3,11366234.1,2985732.2,237500.0
2026-07-01,6,47924527.6,45101632.9,2822894.7,1486174.7
2026-07-01,84,23441567.5,20792212.2,2649355.3,7530558.0
2026-07-01,53,33442468.7,31331039.95,2111428.75,292271.6
2026-07-01,76,2003260.8,596840.8,1406420.0,0.0
2026-07-01,98,2804426.2,1508730.4,1295695.8,724979.8
2026-07-01,10,13922404.0,13049051.15,873352.85,71209.0
2026-07-01,45,96237482.65,95816365.8,421116.85,3427980.9
2026-07-01,47,33174726.0,33164649.4,10076.6,1033625.0
2026-07-01,91,9429824.1,10094340.6,-664516.5,256070.0
2026-07-01,83,7876085.3,8564543.7,-688458.4,0.0
2026-07-01,88,17513445.6,18299125.6,-785680.0,105825.0
2026-07-01,87,2903644.2,3715381.5,-811737.3,0.0
2026-07-01,79,561969.0,1561168.7,-999199.7,0.0
2026-07-01,90,5178310.4,6314843.1,-1136532.7,1058385.0
2026-07-01,94,14600338.7,15830694.5,-1230355.8,0.0
2026-07-01,22,40851040.7,42100382.6,-1249341.9,346496.3
2026-07-01,66,14552603.7,15813551.6,-1260947.9,6370.0
2026-07-01,20,6252732.6,7556219.7,-1303487.1,0.0
2026-07-01,74,28728063.3,30104427.3,-1376364.0,492566.7
2026-07-01,61,1349613.7,3150071.6,-1800457.9,0.0
2026-07-01,18,6515003.3,8365425.2,-1850421.9,6400.0
2026-07-01,16,36717067.8,38711857.0,-1994789.2,657716.3
2026-07-01,72,7130964.1,9217457.5,-2086493.4,857112.0
2026-07-01,86,5548281.0,7770741.6,-2222460.6,0.0
2026-07-01,71,16165855.37,19681459.8,-3515604.43,0.0
2026-07-01,21,38789450.8,42679276.9,-3889826.1,456507.5
2026-07-01,99,5536637.6,9552752.6,-4016115.0,0.0
2026-07-01,11,13714333.5,17786360.5,-4072027.0,70680.0
2026-07-01,93,611105.3,4710823.3,-4099718.0,0.0
2026-07-01,36,35311472.0,39413706.8,-4102234.8,488706.9
2026-07-01,19,20321512.29,24706087.6,-4384575.31,143755.0
2026-07-01,14,64760670.1,69450343.66,-4689673.56,2295688.9
2026-07-01,68,5428686.6,10468915.4,-5040228.8,3270.0
2026-07-01,3,13254365.9,18334010.3,-5079644.4,103827.0
2026-07-01,89,4034519.7,9883179.1,-5848659.4,38000.0
2026-07-01,46,15016739.5,22324246.8,-7307507.3,57244.5
2026-07-01,4,80693765.71,88128507.3,-7434741.59,40214432.0
2026-07-01,54,10791577.5,18438393.4,-7646815.9,3221.0
2026-07-01,96,8658227.7,16382166.9,-7723939.2,0.0
2026-07-01,57,87835558.2,95989711.97,-8154153.77,2718076.5
2026-07-01,39,40795970.1,49019967.5,-8223997.4,455669.0
2026-07-01,17,54697664.4,64221077.4,-9523413.0,977298.4
2026-07-01,25,30824987.7,40350087.3,-9525099.6,452426.0
2026-07-01,41,57273851.7,67806917.8,-10533066.1,1216081.0
2026-07-01,38,61091327.6,72217651.4,-11126323.8,2004320.5
2026-07-01,35,49256501.7,63087184.1,-13830682.4,1496099.2
2026-07-01,97,5399008.8,21465550.1,-16066541.3,0.0
2026-07-01,81,11597627.1,30087363.2,-18489736.1,343544.0
2026-07-01,8,20301690.9,39640270.1,-19338579.2,657582.9
2026-07-01,26,33089358.6,53239858.9,-20150500.3,904044.1
2026-07-01,77,45951279.9,72164303.7,-26213023.8,279180.0
2026-07-01,50,27967739.8,56571576.6,-28603836.8,729196.7
2026-07-01,75,16506003.1,52544694.1,-36038691.0,186720.0
2026-07-01,43,17829436.9,56760495.5,-38931058.6,526437.0
2026-07-01,33,36473241.7,81168124.4,-44694882.7,445619.7
2026-07-01,28,47301571.2,101826393.8,-54524822.6,162331.0
2026-07-01,58,176047064.73,243529093.13,-67482028.4,17497460.63
2026-07-02,74,225546511.1,51754620.4,173791890.7,3498884.3
2026-07-02,77,153330606.7,71136801.4,82193805.3,1132041.2
2026-07-02,65,93634021.8,24720582.1,68913439.7,1106948.0
2026-07-02,42,133278747.8,65048261.6,68230486.2,2584773.8
2026-07-02,43,61948537.4,20753241.5,41195295.9,180497.6
2026-07-02,58,302981991.02,266059405.02,36922586.0,80977073.62
2026-07-02,40,47849420.1,14965870.5,32883549.6,150180.0
2026-07-02,101,45692996.8,16424643.4,29268353.4,482184.0
2026-07-02,48,112518403.35,85049172.3,27469231.05,5548565.8
2026-07-02,49,381969972.1,357131091.5,24838880.6,280104295.9
2026-07-02,28,71962478.8,47704866.2,24257612.6,406412.4
2026-07-02,35,63844186.4,43770976.7,20073209.7,2807784.8
2026-07-02,25,41425719.3,21547928.6,19877790.7,552291.5
2026-07-02,29,25338679.4,13540121.0,11798558.4,771555.5
2026-07-02,13,34900533.3,23423219.15,11477314.15,89498.0
2026-07-02,51,34997262.7,23602040.3,11395222.4,109419.8
2026-07-02,47,33091010.5,23642590.6,9448419.9,727097.6
2026-07-02,14,60763264.2,51545155.3,9218108.9,540164.0
2026-07-02,1,32448105.8,23502852.3,8945253.5,166808.0
2026-07-02,7,24538969.6,17247918.4,7291051.2,243590.0
2026-07-02,84,18873548.9,11750727.5,7122821.4,465000.0
2026-07-02,22,33527431.4,26431972.9,7095458.5,130529.0
2026-07-02,5,17655022.6,10626720.2,7028302.4,49185.0
2026-07-02,57,81768411.2,74863466.3,6904944.9,2494270.8
2026-07-02,95,15630437.4,9046329.6,6584107.8,0.0
2026-07-02,56,51336537.7,44972114.5,6364423.2,4560819.0
2026-07-02,66,13770030.5,7665814.5,6104216.0,0.0
2026-07-02,100,25739309.4,19645848.2,6093461.2,0.0
2026-07-02,18,11490507.1,5503035.1,5987472.0,13369.0
2026-07-02,11,17254924.6,11280816.7,5974107.9,22078.0
2026-07-02,83,15760364.4,9957912.6,5802451.8,92435.0
2026-07-02,26,32543906.6,27185557.2,5358349.4,244000.0
2026-07-02,46,12450300.5,7399149.3,5051151.2,100452.0
2026-07-02,41,66112455.2,61084946.7,5027508.5,659303.0
2026-07-02,63,41911409.7,37012313.0,4899096.7,12017430.0
2026-07-02,45,101190525.0,96350107.9,4840417.1,3066421.3
2026-07-02,87,31345302.2,26621037.6,4724264.6,0.0
2026-07-02,89,6935530.4,2871069.3,4064461.1,13260.0
2026-07-02,67,15581925.7,12459133.6,3122792.1,0.0
2026-07-02,52,33160489.45,30193732.1,2966757.35,578658.2
2026-07-02,61,4650636.6,1769741.6,2880895.0,17280.0
2026-07-02,38,55062140.85,52322146.5,2739994.35,1518587.8
2026-07-02,16,25850288.4,23182807.1,2667481.3,141250.9
2026-07-02,53,20585989.78,18454422.7,2131567.08,189845.0
2026-07-02,97,3056224.0,993766.7,2062457.3,0.0
2026-07-02,79,2292354.9,467757.0,1824597.9,0.0
2026-07-02,93,2627777.4,948790.0,1678987.4,0.0
2026-07-02,80,15800066.6,14479730.1,1320336.5,5750.0
2026-07-02,37,8713520.3,7433456.48,1280063.82,6060.0
2026-07-02,10,11641981.3,10544757.84,1097223.46,13381.0
2026-07-02,78,5650281.3,4817508.2,832773.1,0.0
2026-07-02,76,4323494.9,3888630.21,434864.69,0.0
2026-07-02,98,3187475.8,3011208.2,176267.6,0.0
2026-07-02,32,45121706.4,45088664.85,33041.55,718214.0
2026-07-02,86,6804080.1,7127021.4,-322941.3,4573750.0
2026-07-02,96,16921136.7,17650254.7,-729118.0,13890.0
2026-07-02,90,5000226.5,6081659.3,-1081432.8,1463900.0
2026-07-02,68,14479111.7,16453234.8,-1974123.1,0.0
2026-07-02,88,19365249.9,21396340.8,-2031090.9,426765.0
2026-07-02,72,7158932.1,9485676.1,-2326744.0,186404.5
2026-07-02,82,8759760.2,11708931.0,-2949170.8,266800.0
2026-07-02,19,15385662.14,20084441.3,-4698779.16,152506.5
2026-07-02,69,7047837.1,11767218.5,-4719381.4,0.0
2026-07-02,21,44593619.2,49668561.2,-5074942.0,609081.0
2026-07-02,81,19630844.7,24801205.9,-5170361.2,3250.0
2026-07-02,60,21563515.0,28561842.8,-6998327.8,113000.0
2026-07-02,8,15085948.3,22485553.55,-7399605.25,508315.0
2026-07-02,94,11511503.6,19316666.1,-7805162.5,169050.0
2026-07-02,92,7670104.5,15568540.3,-7898435.8,0.0
2026-07-02,99,13463266.2,22405424.7,-8942158.5,0.0
2026-07-02,36,36701869.2,45711175.3,-9009306.1,413197.9
2026-07-02,85,6029332.2,15635841.1,-9606508.9,0.0
2026-07-02,70,13953834.7,24007726.9,-10053892.2,0.0
2026-07-02,4,100367270.7,110590169.5,-10222898.8,43456645.0
2026-07-02,20,7743825.7,19652573.6,-11908747.9,0.0
2026-07-02,91,18433394.1,30549735.7,-12116341.6,1155579.8
2026-07-02,71,14844381.5,28862951.1,-14018569.6,0.0
2026-07-02,54,11457016.7,26541490.9,-15084474.2,3894.0
2026-07-02,17,64655222.6,79754394.7,-15099172.1,1822546.2
2026-07-02,3,19437842.3,35863257.0,-16425414.7,351937.0
2026-07-02,59,26800567.52,46930417.3,-20129849.78,165575.0
2026-07-02,44,93481135.6,127847014.4,-34365878.8,17915802.3
2026-07-02,6,32894682.45,69225157.1,-36330474.65,2313963.0
2026-07-02,39,35970664.1,75910645.2,-39939981.1,719431.4
2026-07-02,62,58613962.1,106732109.36,-48118147.26,1323026.0
2026-07-02,50,19864516.9,82725433.9,-62860917.0,27005.6
2026-07-02,64,25389929.1,92818694.6,-67428765.5,3141952.0
2026-07-02,34,80863089.4,150151872.7,-69288783.3,5871447.2
2026-07-02,33,37416318.9,167195597.7,-129779278.8,1175410.0
2026-07-02,75,49595236.9,199360272.2,-149765035.3,1585700.0
2026-07-03,52,405929154.6,26650223.4,379278931.2,302127.1
2026-07-03,4,171105331.85,24245916.2,146859415.65,1400489.6
2026-07-03,74,141239339.8,37112871.6,104126468.2,511060.0
2026-07-03,58,233292234.3,156461972.0,76830262.3,12167513.2
2026-07-03,63,52904564.1,27135415.0,25769149.1,1919587.0
2026-07-03,42,114949999.4,91982117.7,22967881.7,4915777.0
2026-07-03,96,28513919.9,7116026.5,21397893.4,0.0
2026-07-03,80,20955491.0,3926825.1,17028665.9,0.0
2026-07-03,45,93087349.6,76087884.7,16999464.9,2837781.6
2026-07-03,14,51345187.2,34902203.9,16442983.3,558815.0
2026-07-03,16,34084277.0,17822900.8,16261376.2,8650.0
2026-07-03,66,20182861.6,5859886.3,14322975.3,0.0
2026-07-03,41,56684916.6,44912716.1,11772200.5,2461682.1
2026-07-03,7,24611288.7,13708996.7,10902292.0,29834.0
2026-07-03,13,27955863.2,17335298.8,10620564.4,573100.0
2026-07-03,21,31036739.3,22300331.3,8736408.0,113539.0
2026-07-03,10,15752390.4,7478833.25,8273557.15,105300.0
2026-07-03,100,18031104.4,10304972.0,7726132.4,0.0
2026-07-03,57,60679980.4,53255227.1,7424753.3,2107455.7
2026-07-03,84,12701683.6,5885866.3,6815817.3,0.0
2026-07-03,60,26702318.8,19937723.4,6764595.4,95645.0
2026-07-03,87,9572228.3,3740004.0,5832224.3,0.0
2026-07-03,65,25965331.6,20372191.2,5593140.4,1506051.0
2026-07-03,19,17013555.5,11665927.1,5347628.4,36118.0
2026-07-03,64,30477884.0,25388681.3,5089202.7,187422.0
2026-07-03,53,18720003.6,13645976.3,5074027.3,18711.0
2026-07-03,50,27448115.3,22951566.9,4496548.4,79060.0
2026-07-03,71,21851061.58,17587199.1,4263862.48,0.0
2026-07-03,86,5343172.2,1496081.5,3847090.7,0.0
2026-07-03,38,66884395.5,63444572.6,3439822.9,1194774.5
2026-07-03,5,13195748.6,9930530.2,3265218.4,57780.0
2026-07-03,1,31899462.7,28737468.1,3161994.6,771458.0
2026-07-03,101,128632442.3,125573033.6,3059408.7,114353745.0
2026-07-03,40,16278280.2,13246132.3,3032147.9,63120.0
2026-07-03,51,28197099.0,25483750.2,2713348.8,234502.1
2026-07-03,91,13571186.9,10942441.5,2628745.4,8620.0
2026-07-03,95,21722627.9,19425222.0,2297405.9,3550.0
2026-07-03,88,19584963.9,17359980.6,2224983.3,9324.0
2026-07-03,37,10198948.1,8564856.4,1634091.7,0.0
2026-07-03,98,2595531.4,974520.0,1621011.4,0.0
2026-07-03,90,6960078.8,5346891.1,1613187.7,3483500.0
2026-07-03,92,15399636.9,13825563.0,1574073.9,9885307.0
2026-07-03,78,5512253.5,4183889.0,1328364.5,0.0
2026-07-03,72,6993406.5,5733960.9,1259445.6,0.0
2026-07-03,8,15296647.2,14358794.3,937852.9,519032.0
2026-07-03,79,975441.1,104183.0,871258.1,0.0
2026-07-03,83,10790534.7,9980476.9,810057.8,323900.0
2026-07-03,26,24213856.0,23612544.9,601311.1,128710.0
2026-07-03,29,20079050.4,19501162.5,577887.9,106017.0
2026-07-03,75,15169329.5,14766078.8,403250.7,0.0
2026-07-03,68,6918543.4,7087625.9,-169082.5,0.0
2026-07-03,99,2831307.5,3103440.5,-272133.0,0.0
2026-07-03,18,5823757.0,6120955.6,-297198.6,3598.0
2026-07-03,61,2225486.7,3869978.5,-1644491.8,0.0
2026-07-03,82,7502940.0,9150679.6,-1647739.6,0.0
2026-07-03,67,12082817.3,14281041.6,-2198224.3,8883.0
2026-07-03,3,8111447.1,11357741.0,-3246293.9,6073.5
2026-07-03,36,35045136.7,38307940.9,-3262804.2,3413687.1
2026-07-03,81,10311879.5,13850825.4,-3538945.9,215370.0
2026-07-03,76,5629716.0,9525706.0,-3895990.0,95700.0
2026-07-03,54,8795564.0,13394937.6,-4599373.6,215168.0
2026-07-03,22,24607076.5,29470638.3,-4863561.8,672750.0
2026-07-03,49,452218823.4,457334296.1,-5115472.7,367890503.8
2026-07-03,43,10765762.6,18615763.7,-7850001.1,11480.0
2026-07-03,85,9984651.5,19101996.8,-9117345.3,469490.0
2026-07-03,25,25959732.1,36250130.0,-10290397.9,203645.0
2026-07-03,62,71498978.9,82048524.6,-10549545.7,901377.0
2026-07-03,11,9805614.0,21850492.7,-12044878.7,46800.0
2026-07-03,70,5660237.9,17864311.6,-12204073.7,0.0
2026-07-03,17,52125767.1,64575618.7,-12449851.6,1353826.9
2026-07-03,48,66434607.95,80958669.0,-14524061.05,2159115.0
2026-07-03,46,6661457.9,22265852.7,-15604394.8,8630.0
2026-07-03,20,23758216.7,39453378.4,-15695161.7,10983007.0
2026-07-03,6,26740397.4,43594290.3,-16853892.9,501224.3
2026-07-03,33,23912533.9,41335957.7,-17423423.8,1879049.6
2026-07-03,47,24249671.5,42313415.2,-18063743.7,773641.0
2026-07-03,59,19351106.8,37445454.4,-18094347.6,235844.0
2026-07-03,56,30813422.5,49280698.0,-18467275.5,2816395.0
2026-07-03,28,37076435.1,58428620.4,-21352185.3,157002.0
2026-07-03,69,30348157.6,51706474.0,-21358316.4,1790000.0
2026-07-03,32,126801852.2,149794519.28,-22992667.08,363122.5
2026-07-03,35,47151525.9,76405168.8,-29253642.9,401853.0
2026-07-03,97,337912985.4,369005430.0,-31092444.6,332902025.0
2026-07-03,44,82934740.5,122304264.2,-39369523.7,4652848.5
2026-07-03,39,49332815.7,93233033.4,-43900217.7,2478584.6
2026-07-03,77,33143046.0,79944490.0,-46801444.0,417560.0
2026-07-03,94,10189092.1,58094663.5,-47905571.4,0.0
2026-07-03,34,94245612.1,155723733.15,-61478121.05,7634906.1
2026-07-03,89,4946085.6,411725917.0,-406779831.4,0.0
2026-07-06,13,454356339.2,15960663.0,438395676.2,402700.0
2026-07-06,28,300746046.1,49764182.9,250981863.2,1052563.2
2026-07-06,32,165785801.94,36759107.46,129026694.48,988929.7
2026-07-06,49,169193064.3,64027137.5,105165926.8,1602057.1
2026-07-06,4,152524908.5,51886814.5,100638094.0,26318.0
2026-07-06,77,93450881.4,42571226.3,50879655.1,0.0
2026-07-06,40,67672307.4,17362250.6,50310056.8,10450.0
2026-07-06,64,57533670.6,20455539.2,37078131.4,32430.0
2026-07-06,62,81088560.9,44919983.9,36168577.0,6726828.0
2026-07-06,26,63377904.2,33378062.6,29999841.6,560155.5
2026-07-06,57,88050048.2,58310239.7,29739808.5,1681078.9
2026-07-06,16,51936858.3,29818408.2,22118450.1,315906.0
2026-07-06,33,103417823.3,81912039.7,21505783.6,3046782.8
2026-07-06,75,28289238.4,9497907.4,18791331.0,983400.0
2026-07-06,80,26807693.0,8553940.5,18253752.5,209253.7
2026-07-06,14,79294591.3,63157765.5,16136825.8,1365508.8
2026-07-06,41,92186723.1,76383086.4,15803636.7,1051432.0
2026-07-06,100,24465742.5,10351848.3,14113894.2,0.0
2026-07-06,36,44650623.0,32785376.9,11865246.1,807804.0
2026-07-06,84,19741096.8,8075641.6,11665455.2,0.0
2026-07-06,88,42375764.3,31611830.6,10763933.7,759454.0
2026-07-06,67,16500600.7,5874625.3,10625975.4,0.0
2026-07-06,20,19062314.1,8478585.7,10583728.4,532440.0
2026-07-06,85,16291778.7,5888309.1,10403469.6,299143.9
2026-07-06,69,31062961.8,21746113.4,9316848.4,0.0
2026-07-06,58,254990647.65,245946017.5,9044630.15,22559383.7
2026-07-06,96,27954249.0,19115694.2,8838554.8,0.0
2026-07-06,48,99710565.6,91300495.0,8410070.6,18431256.9
2026-07-06,52,43336848.8,35698917.45,7637931.35,331410.0
2026-07-06,92,13873831.4,7390782.6,6483048.8,0.0
2026-07-06,42,118320221.2,111916675.2,6403546.0,5126666.5
2026-07-06,93,6695156.7,351815.4,6343341.3,0.0
2026-07-06,82,25800487.9,19463017.2,6337470.7,0.0
2026-07-06,66,14370347.3,8364823.9,6005523.4,621615.0
2026-07-06,68,11133048.1,5770153.4,5362894.7,5850.0
2026-07-06,94,18340424.3,13450000.7,4890423.6,0.0
2026-07-06,10,9948192.4,5159782.4,4788410.0,0.0
2026-07-06,46,12998995.6,8316021.0,4682974.6,64371.0
2026-07-06,19,20665288.3,16216257.3,4449031.0,9171.0
2026-07-06,1,21901665.8,17884751.5,4016914.3,87013.0
2026-07-06,5,13316795.1,9719398.3,3597396.8,0.0
2026-07-06,37,12818687.5,9625784.9,3192902.6,0.0
2026-07-06,76,7243615.0,4127929.2,3115685.8,0.0
2026-07-06,78,4254361.7,1230990.0,3023371.7,0.0
2026-07-06,72,12835473.0,10336895.8,2498577.2,3476200.0
2026-07-06,18,5000501.9,2796762.8,2203739.1,0.0
2026-07-06,43,24844417.8,22864166.2,1980251.6,138175.0
2026-07-06,79,2403849.9,437804.0,1966045.9,0.0
2026-07-06,98,4339686.0,2408196.9,1931489.1,37887.5
2026-07-06,95,9584504.4,9045881.9,538622.5,12536.0
2026-07-06,53,20838311.1,20662847.2,175463.9,13375.0
2026-07-06,51,25951658.1,25854574.9,97083.2,227237.9
2026-07-06,73,5200.0,1991.0,3209.0,0.0
2026-07-06,87,2148710.5,2219306.9,-70596.4,0.0
2026-07-06,90,5134099.1,5259012.6,-124913.5,3172000.0
2026-07-06,83,13617275.1,14152584.8,-535309.7,0.0
2026-07-06,38,67323840.8,69000432.2,-1676591.4,2502328.1
2026-07-06,61,1535513.2,3912692.8,-2377179.6,0.0
2026-07-06,25,32759444.1,35274458.4,-2515014.3,32407.2
2026-07-06,44,93646922.0,96425385.4,-2778463.4,4393631.7
2026-07-06,21,33252677.16,36884855.1,-3632177.94,707291.3
2026-07-06,65,22215184.6,26858606.4,-4643421.8,650101.0
2026-07-06,63,40070993.0,45324085.4,-5253092.4,2279893.0
2026-07-06,70,11352406.4,16647057.0,-5294650.6,40500.0
2026-07-06,50,29068847.8,35139653.6,-6070805.8,327370.4
2026-07-06,60,22600521.0,29483725.4,-6883204.4,485602.0
2026-07-06,3,13310073.4,20537847.4,-7227774.0,117439.0
2026-07-06,54,9137995.4,17090125.5,-7952130.1,0.0
2026-07-06,7,52128632.3,60183987.6,-8055355.3,19825379.0
2026-07-06,71,41105638.9,49739155.9,-8633517.0,20431043.2
2026-07-06,86,8371106.8,18926301.4,-10555194.6,5788800.0
2026-07-06,22,28339804.8,39243435.0,-10903630.2,545123.1
2026-07-06,6,32773041.5,45172909.2,-12399867.7,1505896.6
2026-07-06,29,28145664.2,42345298.2,-14199634.0,50328.6
2026-07-06,99,27982190.3,42471877.4,-14489687.1,9999.0
2026-07-06,8,14694814.0,30164967.4,-15470153.4,607072.5
2026-07-06,47,24583826.4,41643492.3,-17059665.9,83587.0
2026-07-06,91,11678056.8,30377821.7,-18699764.9,270671.9
2026-07-06,11,10060582.0,29580958.3,-19520376.3,221813.7
2026-07-06,81,13758774.4,38147898.0,-24389123.6,489539.0
2026-07-06,17,65731517.8,95433636.2,-29702118.4,5646089.6
2026-07-06,74,53064366.7,86333843.9,-33269477.2,1779483.0
2026-07-06,56,40249351.5,74162376.5,-33913025.0,841117.9
2026-07-06,89,10021412.6,51172940.4,-41151527.8,8760.0
2026-07-06,45,88406788.0,132716089.64,-44309301.64,4040033.4
2026-07-06,35,55902134.9,102221692.8,-46319557.9,1331677.7
2026-07-06,39,34446645.5,92671888.9,-58225243.4,1477614.0
2026-07-06,101,17590396.8,78765917.4,-61175520.6,0.0
2026-07-06,34,74932359.2,191860475.8,-116928116.6,3914266.5
2026-07-06,59,32478098.8,459114755.7,-426636656.9,377952.0
2026-07-06,97,112205429.2,567514847.9,-455309418.7,106089670.0
2026-07-07,49,651176086.6,79456010.7,571720075.9,3003448.7
2026-07-07,4,112417260.9,37894605.0,74522655.9,58048.5
2026-07-07,100,76673235.0,30776505.7,45896729.3,1685612.5
2026-07-07,64,54180435.3,21910741.2,32269694.1,586074.0
2026-07-07,33,60564772.1,29495503.3,31069268.8,2305770.0
2026-07-07,26,57794323.1,27751653.3,30042669.8,378426.3
2026-07-07,41,107515092.9,81859541.3,25655551.6,2175263.0
2026-07-07,42,100690790.2,76779850.5,23910939.7,4975920.4
2026-07-07,63,47556742.7,26344428.9,21212313.8,3900730.0
2026-07-07,28,59178802.1,39282740.5,19896061.6,1972748.4
2026-07-07,53,32650935.5,14576051.9,18074883.6,1399957.5
2026-07-07,62,63415166.5,47459149.69,15956016.81,240592.5
2026-07-07,44,105540910.6,89778388.1,15762522.5,4202526.8
2026-07-07,20,58789136.3,44185716.4,14603419.9,19472012.2
2026-07-07,16,29414604.8,14900588.4,14514016.4,24400.0
2026-07-07,52,32207001.0,18111516.5,14095484.5,90278.5
2026-07-07,80,34429045.0,21372911.9,13056133.1,0.0
2026-07-07,34,85725816.7,72939247.3,12786569.4,1910030.0
2026-07-07,67,21707036.25,9872581.5,11834454.75,343147.2
2026-07-07,38,63606042.29,53724062.0,9881980.29,1381292.8
2026-07-07,40,16565363.9,7218525.8,9346838.1,522886.9
2026-07-07,91,19921386.8,12260197.3,7661189.5,0.0
2026-07-07,51,19805731.5,12206970.6,7598760.9,48420.3
2026-07-07,22,26183478.0,18590880.1,7592597.9,460154.3
2026-07-07,32,81883645.2,74590640.7,7293004.5,8344057.3
2026-07-07,68,10368994.1,3775333.8,6593660.3,0.0
2026-07-07,1,25157970.3,18879837.5,6278132.8,102943.7
2026-07-07,84,10509802.1,4657412.0,5852390.1,0.0
2026-07-07,83,18545786.9,13231260.5,5314526.4,0.0
2026-07-07,95,14150047.0,9008506.8,5141540.2,0.0
2026-07-07,29,22012726.8,16879585.2,5133141.6,176242.5
2026-07-07,46,14000159.4,9259321.9,4740837.5,54786.0
2026-07-07,18,6903223.3,2606800.4,4296422.9,632.0
2026-07-07,13,26063716.5,22056753.2,4006963.3,25092.0
2026-07-07,47,16099894.6,12881922.8,3217971.8,114677.0
2026-07-07,19,20290218.2,17545403.2,2744815.0,5271.0
2026-07-07,82,20980145.1,18289487.2,2690657.9,0.0
2026-07-07,93,4431240.5,1973949.0,2457291.5,0.0
2026-07-07,60,34493193.9,32161127.2,2332066.7,1799354.0
2026-07-07,98,2385137.0,659716.0,1725421.0,0.0
2026-07-07,76,2293175.0,717553.8,1575621.2,0.0
2026-07-07,69,16597626.7,15124028.2,1473598.5,22868.5
2026-07-07,79,1758391.2,693562.0,1064829.2,0.0
2026-07-07,50,25895314.9,25141940.8,753374.1,151257.0
2026-07-07,90,6167598.4,5443765.6,723832.8,992952.5
2026-07-07,78,2181190.5,1575845.0,605345.5,0.0
2026-07-07,10,8479575.2,7927170.3,552404.9,122610.0
2026-07-07,66,11843922.5,12425866.2,-581943.7,0.0
2026-07-07,72,6923857.7,7658151.3,-734293.6,0.0
2026-07-07,7,22932487.9,23749594.9,-817107.0,20950.3
2026-07-07,56,44061822.5,45422444.9,-1360622.4,6600167.0
2026-07-07,43,20096937.8,21584744.8,-1487807.0,51000.0
2026-07-07,86,6551932.0,8254331.0,-1702399.0,346000.0
2026-07-07,61,1149077.2,2894114.6,-1745037.4,0.0
2026-07-07,5,12944778.9,14866081.1,-1921302.2,0.0
2026-07-07,92,16808801.8,19156708.7,-2347906.9,854420.0
2026-07-07,37,4655754.0,7316053.2,-2660299.2,26030.0
2026-07-07,54,9673743.3,12448837.2,-2775093.9,42170.0
2026-07-07,71,38026684.7,41820586.3,-3793901.6,739450.0
2026-07-07,94,17620287.1,21495596.4,-3875309.3,200469.0
2026-07-07,45,75937886.6,79991701.5,-4053814.9,4002912.9
2026-07-07,21,33642554.55,38037422.97,-4394868.42,315640.6
2026-07-07,59,22359662.1,26964814.1,-4605152.0,544782.0
2026-07-07,89,3222248.0,7908428.6,-4686180.6,0.0
2026-07-07,3,6417757.6,12941218.8,-6523461.2,0.0
2026-07-07,70,19325398.1,26441763.3,-7116365.2,26870.0
2026-07-07,25,23378686.3,30571263.8,-7192577.5,492328.0
2026-07-07,99,13140457.0,21357322.2,-8216865.2,0.0
2026-07-07,65,11063959.0,19403343.8,-8339384.8,60045.0
2026-07-07,39,82485836.42,91009302.1,-8523465.68,2393159.0
2026-07-07,11,11335709.5,19878595.2,-8542885.7,375622.7
2026-07-07,8,21822778.2,31191822.8,-9369044.6,543655.1
2026-07-07,88,5769124.3,16217755.6,-10448631.3,0.0
2026-07-07,87,2323502.0,13029923.0,-10706421.0,0.0
2026-07-07,48,79166079.2,90300294.3,-11134215.1,2380576.8
2026-07-07,57,56129703.9,67796016.7,-11666312.8,794306.3
2026-07-07,36,28534928.4,40884490.9,-12349562.5,227130.2
2026-07-07,85,16113580.5,30348910.7,-14235330.2,721350.0
2026-07-07,77,55060302.0,71447662.8,-16387360.8,39662.0
2026-07-07,14,46210725.7,65432588.6,-19221862.9,649119.4
2026-07-07,74,27982109.0,47270624.2,-19288515.2,224665.5
2026-07-07,6,42366992.2,62283364.4,-19916372.2,2879369.0
2026-07-07,17,45725797.5,76539917.0,-30814119.5,3014717.9
2026-07-07,81,12606063.5,48258945.0,-35652881.5,0.0
2026-07-07,35,32873992.6,74260754.5,-41386761.9,1573832.6
2026-07-07,96,12259640.6,82991540.8,-70731900.2,502450.0
2026-07-07,58,165827432.1,236788171.05,-70960738.95,13911046.9
2026-07-07,101,15252241.0,110791997.5,-95539756.5,126080.0
2026-07-07,75,46957432.8,574673109.1,-527715676.3,3364685.0
2026-07-08,4,310971944.9,48693812.1,262278132.8,2596498.0
2026-07-08,52,207062448.7,26566239.8,180496208.9,60176.0
2026-07-08,28,199784981.73,43127820.56,156657161.17,599087.3
2026-07-08,61,142025160.3,7686847.5,134338312.8,0.0
2026-07-08,6,163751885.5,82388396.7,81363488.8,266320.6
2026-07-08,49,159090380.2,84153276.0,74937104.2,3280433.1
2026-07-08,58,270208741.1,212906039.9,57302701.2,19471329.4
2026-07-08,14,93454138.7,42693773.4,50760365.3,814115.6
2026-07-08,32,104606030.5,57251361.1,47354669.4,463597.4
2026-07-08,100,59417172.8,25317695.4,34099477.4,338492.0
2026-07-08,74,65122549.8,39796606.0,25325943.8,351821.0
2026-07-08,67,33139198.5,9053292.3,24085906.2,25650.0
2026-07-08,82,29650671.6,6758257.0,22892414.6,0.0
2026-07-08,35,75463181.55,52984072.2,22479109.35,1044372.5
2026-07-08,43,44723906.6,22318830.0,22405076.6,647725.8
2026-07-08,39,131440455.4,112297779.4,19142676.0,1990352.4
2026-07-08,101,33253973.9,17815374.8,15438599.1,845250.0
2026-07-08,69,23336167.2,8718012.5,14618154.7,0.0
2026-07-08,38,74641502.5,60477928.5,14163574.0,1968811.9
2026-07-08,87,26511310.2,12432542.1,14078768.1,0.0
2026-07-08,51,32275400.6,19737722.6,12537678.0,119735.0
2026-07-08,29,35042105.8,23093180.2,11948925.6,41762.0
2026-07-08,40,31363629.2,20406272.3,10957356.9,510659.3
2026-07-08,13,30150124.7,21304744.9,8845379.8,172751.4
2026-07-08,64,35577390.3,27889502.7,7687887.6,89834.0
2026-07-08,92,11676675.3,4386935.9,7289739.4,6910.0
2026-07-08,84,13725595.4,6536829.5,7188765.9,0.0
2026-07-08,16,40533692.7,33405571.3,7128121.4,223189.6
2026-07-08,70,18568097.4,11619498.5,6948598.9,0.0
2026-07-08,75,56775071.2,49941773.8,6833297.4,28748130.4
2026-07-08,48,105190422.3,98495138.5,6695283.8,5297761.5
2026-07-08,65,19548096.1,14025580.6,5522515.5,12530.0
2026-07-08,53,16789832.2,11867256.9,4922575.3,0.0
2026-07-08,80,12837079.9,7997825.0,4839254.9,11022.0
2026-07-08,59,31087245.2,26463431.5,4623813.7,658633.6
2026-07-08,1,37378384.5,33182098.4,4196286.1,340858.7
2026-07-08,50,23061517.4,19156621.3,3904896.1,144356.0
2026-07-08,86,8760619.4,5521474.5,3239144.9,0.0
2026-07-08,47,24564138.8,21664464.5,2899674.3,354828.0
2026-07-08,63,30396495.5,28053008.5,2343487.0,889713.5
2026-07-08,89,7021283.1,4718921.5,2302361.6,11035.0
2026-07-08,91,11702937.4,9425435.8,2277501.6,27370.0
2026-07-08,66,10160110.5,8718924.4,1441186.1,171176.0
2026-07-08,78,9898857.7,8673238.9,1225618.8,0.0
2026-07-08,36,48220542.0,47144184.6,1076357.4,2293298.2
2026-07-08,11,8947889.02,7965363.7,982525.32,2200.0
2026-07-08,98,1771829.9,1667295.4,104534.5,0.0
2026-07-08,93,399515.0,334000.8,65514.2,0.0
2026-07-08,19,18352714.3,18323745.9,28968.4,27845.0
2026-07-08,73,1999.0,12870.0,-10871.0,0.0
2026-07-08,99,8297514.3,8427184.7,-129670.4,0.0
2026-07-08,20,35542827.9,35795828.9,-253001.0,2963500.0
2026-07-08,79,308831.0,823059.1,-514228.1,0.0
2026-07-08,85,22517187.9,23157703.0,-640515.1,0.0
2026-07-08,3,14476493.4,15241203.7,-764710.3,48752.0
2026-07-08,83,17756970.7,18886160.1,-1129189.4,0.0
2026-07-08,60,34943022.5,36223144.8,-1280122.3,116857.0
2026-07-08,68,9470722.0,10968368.6,-1497646.6,0.0
2026-07-08,57,79550767.7,81123540.66,-1572772.96,2566704.6
2026-07-08,71,20336102.5,22393351.2,-2057248.7,1908150.0
2026-07-08,22,32798197.9,34868817.1,-2070619.2,1104148.5
2026-07-08,88,24506487.4,27223887.6,-2717400.2,5318.0
2026-07-08,10,6329772.1,9052432.6,-2722660.5,15250.0
2026-07-08,42,104614294.9,107524340.7,-2910045.8,5255009.0
2026-07-08,90,5332927.0,8894174.3,-3561247.3,0.0
2026-07-08,56,45025476.9,48810937.3,-3785460.4,4491601.9
2026-07-08,18,7304310.2,11168152.2,-3863842.0,0.0
2026-07-08,37,6509330.8,10763789.5,-4254458.7,6392.5
2026-07-08,21,31055659.3,35778504.9,-4722845.6,63544.0
2026-07-08,76,13418817.4,18246805.7,-4827988.3,0.0
2026-07-08,95,9826860.4,14661426.8,-4834566.4,0.0
2026-07-08,45,118884460.6,124829724.4,-5945263.8,4590820.5
2026-07-08,26,36304340.3,42392658.8,-6088318.5,628034.3
2026-07-08,5,21123131.3,27403472.2,-6280340.9,6390.5
2026-07-08,25,27690077.5,34344684.9,-6654607.4,212321.7
2026-07-08,8,25645189.4,33825496.3,-8180306.9,757928.2
2026-07-08,54,10729089.9,22753402.2,-12024312.3,66831.0
2026-07-08,33,47424237.9,60624480.9,-13200243.0,765929.0
2026-07-08,41,79908932.2,95116020.6,-15207088.4,549080.0
2026-07-08,94,15755040.4,31436690.3,-15681649.9,11812.5
2026-07-08,81,17333787.4,34501119.1,-17167331.7,11765000.0
2026-07-08,72,14938790.3,32450305.1,-17511514.8,0.0
2026-07-08,62,35695242.3,53678210.1,-17982967.8,621061.0
2026-07-08,7,16582552.9,49324297.8,-32741744.9,45657.0
2026-07-08,44,127961271.0,168597346.6,-40636075.6,13651520.9
2026-07-08,17,81342670.1,137411138.92,-56068468.82,1485018.1
2026-07-08,46,18322543.2,97516114.8,-79193571.6,215773.0
2026-07-08,34,93475906.6,235444336.2,-141968429.6,3588588.4
2026-07-08,96,45987587.2,258244619.56,-212257032.36,10881806.5
2026-07-08,77,50319786.9,302920623.4,-252600836.5,365032.0
2026-07-08,97,5769308.5,412533188.3,-406763879.8,0.0
2026-07-09,28,501354611.9,29853921.77,471500690.13,180924.0
2026-07-09,4,472910446.14,47887647.1,425022799.04,392316.8
2026-07-09,52,460448185.25,45201626.0,415246559.25,292171.1
2026-07-09,74,246660792.0,28684510.78,217976281.22,909271.0
2026-07-09,32,153041956.3,60181380.2,92860576.1,358858.0
2026-07-09,40,79736072.0,9246470.7,70489601.3,285018.9
2026-07-09,67,70701039.2,8352662.9,62348376.3,0.0
2026-07-09,59,74994072.6,17334362.7,57659709.9,20782.0
2026-07-09,100,46121344.7,5032768.2,41088576.5,0.0
2026-07-09,101,222031616.6,184395926.6,37635690.0,162417397.0
2026-07-09,56,69057702.1,32048585.1,37009117.0,3894059.9
2026-07-09,42,120822190.1,84517979.65,36304210.45,3051238.2
2026-07-09,36,54967310.0,23549067.8,31418242.2,169307.0
2026-07-09,46,33241488.8,9291148.7,23950340.1,59515.0
2026-07-09,45,99120508.6,76126174.5,22994334.1,1815706.0
2026-07-09,64,29157670.8,6218081.2,22939589.6,31170.0
2026-07-09,58,202107484.79,179366635.46,22740849.33,17864418.6
2026-07-09,57,71041927.1,52460345.78,18581581.32,2112915.9
2026-07-09,71,25632694.3,11337743.0,14294951.3,0.0
2026-07-09,13,33911975.7,20567836.1,13344139.6,403174.0
2026-07-09,41,77016420.7,63743700.8,13272719.9,3325225.1
2026-07-09,49,82052695.9,71156833.8,10895862.1,1926977.6
2026-07-09,66,28397294.1,18792188.8,9605105.3,24860.0
2026-07-09,7,29938710.8,20440469.5,9498241.3,190069.0
2026-07-09,88,14182414.5,4827831.4,9354583.1,273626.0
2026-07-09,16,35038815.95,26113230.88,8925585.07,428060.5
2026-07-09,92,13774865.1,5249731.0,8525134.1,131560.0
2026-07-09,85,21184478.8,13150591.12,8033887.68,3279050.0
2026-07-09,54,19649327.2,11736147.9,7913179.3,14793.0
2026-07-09,95,13810162.1,6901280.4,6908881.7,5030.0
2026-07-09,50,27397673.0,20651458.6,6746214.4,81100.0
2026-07-09,48,97647896.0,91051055.4,6596840.6,13032276.8
2026-07-09,53,20301457.5,13998009.1,6303448.4,232062.5
2026-07-09,70,9128656.6,3905736.0,5222920.6,4852.0
2026-07-09,80,20066002.7,14845153.8,5220848.9,248440.0
2026-07-09,63,31022262.4,25831435.8,5190826.6,1334112.0
2026-07-09,8,25067391.7,20853205.1,4214186.6,867065.3
2026-07-09,84,12841002.74,8993882.5,3847120.24,4635.0
2026-07-09,65,22207581.1,18621129.8,3586451.3,23429.2
2026-07-09,83,20086672.9,16523770.1,3562902.8,291675.0
2026-07-09,6,71986518.1,68891702.5,3094815.6,5518910.8
2026-07-09,38,58496544.2,55637350.4,2859193.8,902165.9
2026-07-09,10,10821859.7,8185194.4,2636665.3,8559.0
2026-07-09,51,24819554.1,22352235.9,2467318.2,227736.0
2026-07-09,68,9546780.2,7187293.3,2359486.9,0.0
2026-07-09,69,13365210.4,11366837.9,1998372.5,634701.0
2026-07-09,3,10987978.16,9065178.2,1922799.96,69510.0
2026-07-09,1,27974883.3,26290717.8,1684165.5,225867.0
2026-07-09,76,7080560.1,5570861.8,1509698.3,0.0
2026-07-09,25,29483828.5,28011215.0,1472613.5,652488.0
2026-07-09,37,9841927.3,8445478.3,1396449.0,990.0
2026-07-09,21,36853447.48,35657464.4,1195983.08,316266.8
2026-07-09,90,8118224.2,6923070.2,1195154.0,4560800.0
2026-07-09,22,28317191.16,27321769.3,995421.86,343336.8
2026-07-09,98,4267902.03,3304840.5,963061.53,2759800.0
2026-07-09,87,4515227.7,3644663.0,870564.7,13944.8
2026-07-09,93,1306036.0,979634.0,326402.0,0.0
2026-07-09,89,11451393.3,11204167.2,247226.1,48660.0
2026-07-09,18,5240732.9,5168491.9,72241.0,3181.0
2026-07-09,73,70109.0,9760.0,60349.0,0.0
2026-07-09,79,213190.0,427232.0,-214042.0,0.0
2026-07-09,78,3272046.5,3830822.1,-558775.6,0.0
2026-07-09,29,23009257.3,23581672.2,-572414.9,168386.0
2026-07-09,11,9989167.1,10574930.7,-585763.6,70699.3
2026-07-09,43,22793730.6,23651273.2,-857542.6,181735.0
2026-07-09,61,1087910.4,2388625.9,-1300715.5,0.0
2026-07-09,75,24746389.11,26635753.8,-1889364.69,20066.0
2026-07-09,82,7768239.6,10447425.3,-2679185.7,0.0
2026-07-09,99,13242791.7,16054459.1,-2811667.4,227950.0
2026-07-09,47,25988594.27,29520174.9,-3531580.63,281426.8
2026-07-09,81,3089547.2,7162527.9,-4072980.7,0.0
2026-07-09,60,36416541.3,41390266.9,-4973725.6,0.0
2026-07-09,62,47274678.2,52256309.22,-4981631.02,586847.7
2026-07-09,86,8159124.5,13738900.1,-5579775.6,0.0
2026-07-09,19,17319749.0,23093048.7,-5773299.7,263154.0
2026-07-09,94,23792217.6,30349284.2,-6557066.6,4782.0
2026-07-09,91,7944153.6,14925973.7,-6981820.1,136890.0
2026-07-09,5,11310632.4,18651162.67,-7340530.27,4781.0
2026-07-09,35,46155265.7,56912195.6,-10756929.9,613297.3
2026-07-09,26,45516723.6,56714179.6,-11197456.0,568239.6
2026-07-09,39,55656381.7,67488261.05,-11831879.35,1797932.0
2026-07-09,72,7385004.0,24036869.9,-16651865.9,5870.0
2026-07-09,33,30106837.0,50008084.0,-19901247.0,2222848.0
2026-07-09,20,7690635.7,29800503.6,-22109867.9,9302.0
2026-07-09,14,62207393.2,100540112.75,-38332719.55,2194946.0
2026-07-09,17,53747768.2,110970377.7,-57222609.5,2546430.4
2026-07-09,34,78880587.4,137690789.3,-58810201.9,4194891.4
2026-07-09,44,38227518.8,128173457.35,-89945938.55,1378181.0
2026-07-09,96,18979936.3,310702915.7,-291722979.4,0.0
2026-07-09,77,22388144.2,539955942.8,-517567798.6,19610.0
2026-07-09,97,8485120.0,1109330880.8,-1100845760.8,0.0
2026-07-10,4,834501938.2,24276233.79,810225704.41,502244.0
2026-07-10,74,399186032.1,66822427.9,332363604.2,8152904.0
2026-07-10,34,238977444.25,108623467.4,130353976.85,24018129.7
2026-07-10,67,99432134.4,12837581.0,86594553.4,5520.0
2026-07-10,36,105818272.7,30059249.4,75759023.3,177121.5
2026-07-10,100,88748255.9,23701301.5,65046954.4,0.0
2026-07-10,43,76502293.1,16890024.4,59612268.7,176268.0
2026-07-10,65,66046409.6,26492849.7,39553559.9,9170.0
2026-07-10,58,190947906.57,158308228.11,32639678.46,10436488.86
2026-07-10,33,103661031.9,72241129.9,31419902.0,1628910.5
2026-07-10,52,53131397.9,25746980.6,27384417.3,1413433.0
2026-07-10,53,26015531.3,7492458.6,18523072.7,4950.0
2026-07-10,69,21871780.0,3737033.6,18134746.4,5750.0
2026-07-10,75,29206589.6,11215606.3,17990983.3,0.0
2026-07-10,49,123890382.13,106469847.6,17420534.53,1525884.3
2026-07-10,16,36508922.0,21001725.79,15507196.21,111234.8
2026-07-10,26,44627142.2,29496825.56,15130316.64,177164.0
2026-07-10,6,65365707.0,50966886.2,14398820.8,233039.7
2026-07-10,48,106257226.4,93099120.6,13158105.8,3659430.4
2026-07-10,46,34878786.0,21836222.9,13042563.1,665913.0
2026-07-10,50,26056664.2,13373324.2,12683340.0,0.0
2026-07-10,25,48729164.6,37874100.8,10855063.8,297082.8
2026-07-10,59,30166623.3,19905398.2,10261225.1,341589.0
2026-07-10,51,20995690.66,11675248.8,9320441.86,21963.0
2026-07-10,56,47847021.9,38949254.0,8897767.9,6342509.7
2026-07-10,82,14901621.1,6920498.5,7981122.6,1811500.0
2026-07-10,85,22442107.7,14643078.8,7799028.9,647225.0
2026-07-10,3,22189162.5,14944902.6,7244259.9,176423.5
2026-07-10,91,16415098.2,9623780.1,6791318.1,177498.0
2026-07-10,11,13596258.8,7257946.8,6338312.0,347792.0
2026-07-10,86,12229139.0,6043049.2,6186089.8,173050.0
2026-07-10,71,26332839.0,20479315.89,5853523.11,103500.0
2026-07-10,45,76634570.5,70784605.2,5849965.3,1526590.9
2026-07-10,29,23765403.3,17949894.2,5815509.1,24835.0
2026-07-10,32,57518511.8,52103657.95,5414853.85,1605053.0
2026-07-10,84,16614647.3,11685064.9,4929582.4,0.0
2026-07-10,28,24555491.1,20138951.4,4416539.7,2277323.1
2026-07-10,57,64224663.7,60622028.3,3602635.4,1251452.8
2026-07-10,101,12613126.0,9554296.4,3058829.6,256452.0
2026-07-10,5,11380023.3,8453995.73,2926027.57,17004.0
2026-07-10,78,7705797.74,4924275.7,2781522.04,0.0
2026-07-10,13,23124609.2,20603477.6,2521131.6,385527.9
2026-07-10,93,2646990.0,174465.0,2472525.0,0.0
2026-07-10,22,28269264.59,25882080.4,2387184.19,174753.0
2026-07-10,80,14708467.2,12615884.0,2092583.2,0.0
2026-07-10,83,15282811.3,13231173.6,2051637.7,0.0
2026-07-10,21,22718120.4,20717896.1,2000224.3,43956.2
2026-07-10,1,26199931.0,24558863.0,1641068.0,570049.0
2026-07-10,89,6411697.2,4908393.0,1503304.2,4500.0
2026-07-10,95,14379099.6,12882222.7,1496876.9,0.0
2026-07-10,18,8002874.5,7006571.0,996303.5,14888.0
2026-07-10,68,3559653.0,2973775.4,585877.6,0.0
2026-07-10,76,8934446.8,8449407.3,485039.5,0.0
2026-07-10,99,16131803.1,15707243.3,424559.8,0.0
2026-07-10,70,8099805.2,7850477.4,249327.8,0.0
2026-07-10,10,8456655.6,8341381.1,115274.5,4462.0
2026-07-10,90,7295258.2,7351906.6,-56648.4,3129000.0
2026-07-10,37,6325573.9,6468774.8,-143200.9,0.0
2026-07-10,7,22197603.7,22715825.8,-518222.1,160797.0
2026-07-10,98,417214.0,1008340.6,-591126.6,0.0
2026-07-10,87,3672468.5,4485551.7,-813083.2,0.0
2026-07-10,40,13801467.3,14959465.9,-1157998.6,20355.0
2026-07-10,79,63967.6,1520302.8,-1456335.2,0.0
2026-07-10,20,61041146.8,62769649.5,-1728502.7,35147820.0
2026-07-10,19,16745715.8,19140918.4,-2395202.6,445394.0
2026-07-10,77,77428754.2,80783175.3,-3354421.1,60270.0
2026-07-10,72,8498299.8,11921994.2,-3423694.4,3588611.0
2026-07-10,35,34372385.2,37799751.6,-3427366.4,150717.0
2026-07-10,64,33872104.9,37845228.6,-3973123.7,7384210.0
2026-07-10,92,9609670.4,13769102.5,-4159432.1,119323.5
2026-07-10,38,52197968.39,59936032.6,-7738064.21,1032290.4
2026-07-10,88,18169047.2,26531522.1,-8362474.9,10168.0
2026-07-10,94,13871167.4,22350971.2,-8479803.8,318500.0
2026-07-10,81,21621567.9,30144103.5,-8522535.6,13124000.0
2026-07-10,54,8647793.0,19682885.2,-11035092.2,205990.0
2026-07-10,47,18347535.3,31514752.2,-13167216.9,165482.0
2026-07-10,62,41068029.8,57141746.9,-16073717.1,482674.4
2026-07-10,63,37162330.8,54079551.4,-16917220.6,3858091.8
2026-07-10,14,74566125.1,91770978.8,-17204853.7,12992050.6
2026-07-10,8,41697780.8,59213589.8,-17515809.0,305316.0
2026-07-10,42,98183633.3,120584364.3,-22400731.0,9162343.3
2026-07-10,66,11999334.7,35278012.9,-23278678.2,277800.0
2026-07-10,60,23003187.9,51559127.4,-28555939.5,129153.7
2026-07-10,39,47821941.7,83152909.6,-35330967.9,1064134.4
2026-07-10,17,50038765.6,106337576.8,-56298811.2,2503706.5
2026-07-10,41,50529675.4,134802829.4,-84273154.0,581396.5
2026-07-10,61,42680452.5,145852892.3,-103172439.8,0.0
2026-07-10,44,46746899.3,236828400.9,-190081501.6,7932236.0
2026-07-10,97,8755522.0,572548655.11,-563793133.11,0.0
2026-07-10,96,57354070.3,792253708.2,-734899637.9,7202087.0
2026-07-13,4,1613541719.0,63724142.1,1549817576.9,16830298.7
2026-07-13,34,755995821.4,96572095.0,659423726.4,27247160.6
2026-07-13,28,449735667.0,49896759.0,399838908.0,237902.0
2026-07-13,52,355033997.9,28942016.1,326091981.8,993612.6
2026-07-13,61,172121538.2,2883647.4,169237890.8,0.0
2026-07-13,63,136612587.2,17755603.9,118856983.3,0.0
2026-07-13,49,188910732.8,98053738.5,90856994.3,3928328.3
2026-07-13,40,94542488.8,18685131.6,75857357.2,50350.0
2026-07-13,58,197567305.39,149892565.6,47674739.79,9324942.8
2026-07-13,100,53096592.1,6861081.2,46235510.9,0.0
2026-07-13,56,81638877.5,38011277.9,43627599.6,2860565.0
2026-07-13,35,80665672.4,37100373.3,43565299.1,700138.9
2026-07-13,26,77138850.1,35037641.3,42101208.8,6015443.7
2026-07-13,14,104557391.4,66239940.75,38317450.65,14950259.2
2026-07-13,65,54603094.8,16588219.0,38014875.8,82018.0
2026-07-13,41,69511631.6,42872050.4,26639581.2,518010.4
2026-07-13,45,128117898.5,103861451.9,24256446.6,9219846.3
2026-07-13,84,26573776.0,5201565.8,21372210.2,120862.8
2026-07-13,94,30983521.3,9945569.0,21037952.3,0.0
2026-07-13,53,30301755.6,10000965.4,20300790.2,14493.6
2026-07-13,74,115667504.2,95523960.0,20143544.2,2358905.6
2026-07-13,69,32209433.7,12623392.9,19586040.8,0.0
2026-07-13,50,33382816.6,17040318.0,16342498.6,150343.5
2026-07-13,70,24714884.8,8787479.2,15927405.6,366745.0
2026-07-13,11,22416602.4,9625818.7,12790783.7,23520.0
2026-07-13,25,26326806.7,15104277.2,11222529.5,27049.1
2026-07-13,32,50833331.8,39865150.82,10968180.98,552988.0
2026-07-13,64,26054197.4,15241266.6,10812930.8,281124.6
2026-07-13,1,30980207.0,20308660.9,10671546.1,115114.0
2026-07-13,59,42553864.0,32284418.5,10269445.5,142418.9
2026-07-13,21,32932210.92,22828346.8,10103864.12,329719.0
2026-07-13,46,16671564.0,6687172.3,9984391.7,6894.0
2026-07-13,82,18719356.0,9034661.3,9684694.7,0.0
2026-07-13,3,25127616.4,16698434.8,8429181.6,3280.0
2026-07-13,7,25226849.4,16916519.5,8310329.9,100300.0
2026-07-13,75,19786310.6,11650139.6,8136171.0,6015.0
2026-07-13,18,13089381.7,5864372.8,7225008.9,0.0
2026-07-13,13,35401834.6,28606523.3,6795311.3,393093.2
2026-07-13,85,28769195.5,21982559.2,6786636.3,19943364.0
2026-07-13,36,28004277.5,21266027.7,6738249.8,191235.1
2026-07-13,17,97985241.7,91512106.49,6473135.21,3202070.6
2026-07-13,22,30901957.7,24595064.3,6306893.4,55835.2
2026-07-13,37,14934273.8,9487369.4,5446904.4,59000.0
2026-07-13,92,29846998.5,24871239.0,4975759.5,18313556.0
2026-07-13,80,11906577.4,8121792.1,3784785.3,0.0
2026-07-13,87,28213781.3,24529037.8,3684743.5,0.0
2026-07-13,48,88045868.1,84745648.1,3300220.0,5285689.4
2026-07-13,93,3350816.5,206857.0,3143959.5,0.0
2026-07-13,19,25004914.2,22152909.2,2852005.0,126408.0
2026-07-13,16,38388037.6,35577601.7,2810435.9,528263.2
2026-07-13,47,26447121.1,24375465.9,2071655.2,104060.0
2026-07-13,5,10073080.2,8028533.5,2044546.7,165448.2
2026-07-13,29,19142931.3,17388582.8,1754348.5,15415.0
2026-07-13,77,89650772.4,87925418.1,1725354.3,33446100.0
2026-07-13,98,2431666.0,1077797.0,1353869.0,999834.0
2026-07-13,95,6231448.5,4959844.1,1271604.4,4861.0
2026-07-13,51,23001064.3,22002982.2,998082.1,556537.4
2026-07-13,78,4104525.75,4144544.4,-40018.65,0.0
2026-07-13,10,7466502.8,7509105.9,-42603.1,0.0
2026-07-13,79,147813.6,547319.0,-399505.4,0.0
2026-07-13,68,4597979.0,5002708.7,-404729.7,0.0
2026-07-13,54,15958670.3,16388552.9,-429882.6,981755.0
2026-07-13,90,4530214.2,5578529.5,-1048315.3,2000740.0
2026-07-13,86,7903454.6,9125728.1,-1222273.5,4232400.0
2026-07-13,62,54687957.6,56198092.4,-1510134.8,6388075.8
2026-07-13,8,29705290.7,31740978.7,-2035688.0,20814.6
2026-07-13,83,4313853.5,6929453.9,-2615600.4,0.0
2026-07-13,67,14335642.94,17131069.4,-2795426.46,516700.0
2026-07-13,76,5417295.7,8468886.0,-3051590.3,0.0
2026-07-13,99,6305462.3,9526029.6,-3220567.3,0.0
2026-07-13,20,60880136.0,64304087.1,-3423951.1,32768480.0
2026-07-13,91,8659190.2,14931082.9,-6271892.7,0.0
2026-07-13,38,72054158.2,84562135.3,-12507977.1,1791827.6
2026-07-13,71,11624221.6,24356664.0,-12732442.4,49414.0
2026-07-13,89,2990860.8,18210835.6,-15219974.8,0.0
2026-07-13,101,29192885.6,44524406.8,-15331521.2,134000.0
2026-07-13,43,32562853.7,48126067.0,-15563213.3,1348895.6
2026-07-13,66,41844790.9,60400938.1,-18556147.2,37534.6
2026-07-13,39,42507687.1,61123228.6,-18615541.5,581423.0
2026-07-13,81,31634531.2,50420644.9,-18786113.7,21716125.2
2026-07-13,88,7223247.0,27485131.9,-20261884.9,1030521.0
2026-07-13,33,35965687.9,56696412.0,-20730724.1,738234.0
2026-07-13,57,63047392.7,86934395.9,-23887003.2,2807853.7
2026-07-13,44,133504565.9,164906107.7,-31401541.8,3577475.1
2026-07-13,6,83659659.4,120756878.6,-37097219.2,10599859.5
2026-07-13,72,2935820.6,68994127.2,-66058306.6,0.0
2026-07-13,42,85531103.0,185282661.4,-99751558.4,6325196.8
2026-07-13,97,4766001.0,963180236.5,-958414235.5,0.0
2026-07-13,96,28923771.3,1322381561.74,-1293457790.44,8740350.0
2026-07-13,60,23058608.6,1394235624.8,-1371177016.2,1896037.0
2026-07-14,34,1392973021.35,155500459.5,1237472561.85,2334236.4
2026-07-14,4,1312667016.77,95218632.2,1217448384.57,1693439.9
2026-07-14,43,398372204.9,102096596.5,296275608.4,618639.0
2026-07-14,28,210601992.0,25377143.05,185224848.95,1714303.5
2026-07-14,35,171643825.2,48267070.3,123376754.9,648103.0
2026-07-14,33,162569105.8,39342431.6,123226674.2,162430.0
2026-07-14,56,129431560.1,32066573.3,97364986.8,6501799.1
2026-07-14,52,124555479.8,36494882.6,88060597.2,2904830.2
2026-07-14,100,96083577.0,10172017.8,85911559.2,0.0
2026-07-14,65,108235189.9,23599291.3,84635898.6,153897.1
2026-07-14,74,127936700.0,62358195.6,65578504.4,1360350.0
2026-07-14,50,70668414.7,22410045.6,48258369.1,4256577.1
2026-07-14,67,80247189.1,32084486.3,48162702.8,0.0
2026-07-14,63,52640944.7,13075071.5,39565873.2,597250.0
2026-07-14,57,97364281.2,64445590.6,32918690.6,3255716.0
2026-07-14,69,42868200.2,12965016.1,29903184.1,9507000.0
2026-07-14,29,43852854.4,14292335.6,29560518.8,232227.9
2026-07-14,94,43403793.6,16038766.9,27365026.7,0.0
2026-07-14,58,162101864.65,141454086.9,20647777.75,9417907.0
2026-07-14,26,40659474.0,20396398.3,20263075.7,43575.0
2026-07-14,22,51625650.6,33135998.2,18489652.4,1122267.9
2026-07-14,13,40732683.7,23200156.9,17532526.8,357603.0
2026-07-14,3,37175618.1,20267351.5,16908266.6,252077.5
2026-07-14,62,62751150.7,47748477.2,15002673.5,10351281.0
2026-07-14,19,32428806.5,17988757.1,14440049.4,100128.0
2026-07-14,32,56723939.6,42963897.9,13760041.7,807796.9
2026-07-14,16,44978669.2,31240234.14,13738435.06,71043.5
2026-07-14,53,24807893.2,11359353.3,13448539.9,99288.3
2026-07-14,88,17496683.1,4338155.7,13158527.4,0.0
2026-07-14,45,113029832.5,100276315.9,12753516.6,4364927.5
2026-07-14,87,14193632.4,2942123.4,11251509.0,740250.0
2026-07-14,44,120965534.4,110356565.7,10608968.7,4414068.4
2026-07-14,51,26432049.3,15863776.2,10568273.1,79256.0
2026-07-14,40,15922622.7,6026591.55,9896031.15,42925.0
2026-07-14,76,11286904.7,2330442.2,8956462.5,0.0
2026-07-14,82,11020192.0,2688041.0,8332151.0,0.0
2026-07-14,46,20453368.8,12281754.7,8171614.1,71824.0
2026-07-14,64,23675940.8,16050455.5,7625485.3,0.0
2026-07-14,1,35137861.7,27677880.5,7459981.2,135093.0
2026-07-14,11,16658140.6,9964307.6,6693833.0,1262.0
2026-07-14,75,11443259.2,4975935.2,6467324.0,61900.0
2026-07-14,99,16469317.3,10597651.8,5871665.5,0.0
2026-07-14,86,9815665.5,4908609.8,4907055.7,0.0
2026-07-14,84,35196054.5,30306007.2,4890047.3,0.0
2026-07-14,83,12348799.4,7472821.3,4875978.1,0.0
2026-07-14,18,12971346.7,8238400.4,4732946.3,8668.0
2026-07-14,80,14819464.5,10651311.7,4168152.8,528460.0
2026-07-14,7,22975620.7,19004011.2,3971609.5,154215.4
2026-07-14,92,33489709.4,29705740.8,3783968.6,148550.0
2026-07-14,93,5814035.3,3079099.0,2734936.3,0.0
2026-07-14,10,10506211.55,7957197.97,2549013.58,12974.0
2026-07-14,90,8699993.1,6400345.9,2299647.2,3144196.0
2026-07-14,85,17427708.2,16299420.7,1128287.5,3624569.2
2026-07-14,37,8466750.4,7687684.6,779065.8,333500.0
2026-07-14,78,11375362.5,10615383.5,759979.0,0.0
2026-07-14,79,953755.9,280300.5,673455.4,0.0
2026-07-14,54,22768637.14,22339102.4,429534.74,7000337.0
2026-07-14,73,1948.0,5584.0,-3636.0,0.0
2026-07-14,81,7007624.0,7051426.7,-43802.7,0.0
2026-07-14,98,2201498.9,2453229.0,-251730.1,677000.0
2026-07-14,89,6472950.9,6980193.3,-507242.4,950.0
2026-07-14,68,5978747.1,6675886.3,-697139.2,0.0
2026-07-14,5,18566602.6,20289208.2,-1722605.6,883510.0
2026-07-14,8,23520231.6,25756619.4,-2236387.8,67009.5
2026-07-14,61,2122643.8,4617358.6,-2494714.8,0.0
2026-07-14,95,6158146.6,8762268.9,-2604122.3,0.0
2026-07-14,71,29949297.5,34752871.4,-4803573.9,239896.0
2026-07-14,47,20788057.1,26059733.8,-5271676.7,103551.0
2026-07-14,72,4391383.0,10019013.0,-5627630.0,0.0
2026-07-14,14,54828181.4,65245878.9,-10417697.5,505422.4
2026-07-14,20,80643043.6,91689191.4,-11046147.8,50437460.0
2026-07-14,25,25169638.5,40774338.0,-15604699.5,511824.8
2026-07-14,48,64992631.6,82866363.9,-17873732.3,3341291.6
2026-07-14,42,105361033.55,125100665.4,-19739631.85,3042018.2
2026-07-14,41,45492644.4,66273323.0,-20780678.6,762421.5
2026-07-14,70,17640597.9,39080139.5,-21439541.6,0.0
2026-07-14,17,82405396.7,104629601.3,-22224204.6,2871203.2
2026-07-14,66,47135123.7,69395943.7,-22260820.0,32317240.0
2026-07-14,91,1811872.9,32567092.8,-30755219.9,38142.0
2026-07-14,21,33887601.2,68111672.8,-34224071.6,389797.0
2026-07-14,36,39509937.0,77436405.9,-37926468.9,550367.0
2026-07-14,39,42481193.2,88304089.4,-45822896.2,1325235.0
2026-07-14,38,71204510.3,125817722.3,-54613212.0,3487845.6
2026-07-14,97,2532049.0,73676689.3,-71144640.3,0.0
2026-07-14,59,40302079.4,114227682.2,-73925602.8,616461.5
2026-07-14,6,253335919.4,347178484.8,-93842565.4,184666836.2
2026-07-14,77,40456798.0,171641160.0,-131184362.0,2475372.0
2026-07-14,101,196688698.2,328787795.7,-132099097.5,162100170.0
2026-07-14,49,171376571.3,389023534.5,-217646963.2,6613915.5
2026-07-14,96,11218626.9,347567442.4,-336348815.5,0.0
2026-07-14,60,10038687.3,2757894160.3,-2747855473.0,83928.9
2026-07-15,52,815047834.6,29283005.4,785764829.2,483622.2
2026-07-15,4,726934821.4,46921192.22,680013629.18,4010006.7
2026-07-15,56,570632728.1,45697807.3,524934920.8,6170610.6
2026-07-15,63,456326077.4,38066220.4,418259857.0,1919320.0
2026-07-15,34,474306657.0,118283631.3,356023025.7,3198722.0
2026-07-15,69,299185319.0,6961372.1,292223946.9,0.0
2026-07-15,42,332415420.5,129027821.0,203387599.5,4985831.0
2026-07-15,74,239962608.0,59901452.5,180061155.5,7817692.0
2026-07-15,28,268651126.8,102378902.0,166272224.8,87727500.1
2026-07-15,49,184215585.68,98884008.97,85331576.71,2243154.05
2026-07-15,33,110702550.6,44649368.7,66053181.9,1905956.3
2026-07-15,35,102726572.85,62063387.27,40663185.58,1515121.0
2026-07-15,44,109605394.6,69377333.41,40228061.19,1028965.8
2026-07-15,100,63438942.9,24524525.0,38914417.9,16096.5
2026-07-15,17,91473912.6,53518954.14,37954958.46,2062853.8
2026-07-15,82,50832086.3,21562363.6,29269722.7,293692.0
2026-07-15,40,40251560.7,11991921.4,28259639.3,0.0
2026-07-15,57,100932798.44,72777129.8,28155668.64,2235362.6
2026-07-15,70,31675621.4,5291362.3,26384259.1,314825.0
2026-07-15,26,54369957.62,32652046.7,21717910.92,1894995.5
2026-07-15,65,37548953.9,17204044.1,20344909.8,305117.0
2026-07-15,36,59188235.8,39348391.5,19839844.3,457235.5
2026-07-15,51,27290236.5,12733699.8,14556536.7,85852.3
2026-07-15,13,34440622.2,20852251.5,13588370.7,25020.0
2026-07-15,50,30396477.4,17366504.9,13029972.5,248000.0
2026-07-15,1,34228361.1,21388897.6,12839463.5,188850.5
2026-07-15,3,31205746.7,20056254.2,11149492.5,136756.4
2026-07-15,59,39495234.2,29285962.7,10209271.5,592856.2
2026-07-15,47,31148047.1,21508700.3,9639346.8,369745.0
2026-07-15,18,15166809.8,6396009.8,8770800.0,0.0
2026-07-15,46,38370245.5,30143805.6,8226439.9,1046018.8
2026-07-15,88,11981612.2,5206948.6,6774663.6,2519.0
2026-07-15,54,19458651.7,12745028.0,6713623.7,894425.0
2026-07-15,21,40897743.6,34269515.7,6628227.9,667876.5
2026-07-15,43,49656793.4,43209973.81,6446819.59,822475.0
2026-07-15,53,19353035.6,12946163.8,6406871.8,21231.6
2026-07-15,22,32116450.2,26562402.4,5554047.8,570213.0
2026-07-15,25,42688543.6,37275132.7,5413410.9,994133.5
2026-07-15,67,24818775.1,19726414.8,5092360.3,16503.0
2026-07-15,83,20841819.4,16164328.2,4677491.2,34797.0
2026-07-15,29,32039930.8,27579419.9,4460510.9,256837.0
2026-07-15,95,17748557.5,13578245.7,4170311.8,0.0
2026-07-15,78,18159840.8,14085211.9,4074628.9,0.0
2026-07-15,64,30027263.8,26116635.4,3910628.4,142800.0
2026-07-15,37,12717192.3,9224500.7,3492691.6,343320.0
2026-07-15,68,6736549.5,4326279.3,2410270.2,0.0
2026-07-15,45,111438316.4,109101586.65,2336729.75,4709700.3
2026-07-15,75,14562591.9,13262674.9,1299917.0,46221.9
2026-07-15,98,7499965.0,6624552.0,875413.0,6354000.0
2026-07-15,93,2454302.5,1663473.5,790829.0,0.0
2026-07-15,79,598506.0,192563.5,405942.5,0.0
2026-07-15,81,31723214.8,31460838.1,262376.7,22609815.5
2026-07-15,101,16865504.4,16606443.1,259061.3,0.0
2026-07-15,87,2493708.5,2272182.5,221526.0,0.0
2026-07-15,11,14439382.8,14336276.1,103106.7,50949.2
2026-07-15,76,28763289.8,29313174.8,-549885.0,596655.0
2026-07-15,99,6296812.3,7642679.5,-1345867.2,0.0
2026-07-15,7,27859082.2,29288507.1,-1429424.9,739866.9
2026-07-15,92,5344868.0,6792594.0,-1447726.0,0.0
2026-07-15,5,14840489.7,16843382.2,-2002892.5,1218586.3
2026-07-15,90,6139270.4,8794038.2,-2654767.8,2289000.0
2026-07-15,10,9752878.4,12528996.7,-2776118.3,920950.0
2026-07-15,32,62780525.2,66719653.5,-3939128.3,1011671.3
2026-07-15,97,688423.0,4836282.9,-4147859.9,0.0
2026-07-15,48,90511286.9,95054176.02,-4542889.12,2228510.5
2026-07-15,72,11784144.7,18571951.6,-6787806.9,97892.0
2026-07-15,89,4500952.0,12074254.9,-7573302.9,0.0
2026-07-15,16,34474751.8,42149447.4,-7674695.6,229089.0
2026-07-15,94,18620164.7,27433763.2,-8813598.5,2165600.0
2026-07-15,71,31308679.0,41690212.9,-10381533.9,0.0
2026-07-15,20,63101114.7,76724287.7,-13623173.0,46151712.0
2026-07-15,19,22944471.4,36748407.2,-13803935.8,213350.0
2026-07-15,80,35064534.9,51731130.7,-16666595.8,3636000.0
2026-07-15,86,7641117.1,29208211.6,-21567094.5,31600.0
2026-07-15,62,108200207.6,131347098.1,-23146890.5,44717965.3
2026-07-15,84,20071338.1,44459204.3,-24387866.2,0.0
2026-07-15,8,23444003.7,55165180.69,-31721176.99,818130.0
2026-07-15,91,1812830.8,39518079.1,-37705248.3,25740.0
2026-07-15,41,36615803.1,77807202.3,-41191399.2,287354.8
2026-07-15,66,13187541.0,56178113.0,-42990572.0,0.0
2026-07-15,39,46552676.93,102839359.1,-56286682.17,2636655.0
2026-07-15,38,54990823.2,122995176.1,-68004352.9,2641442.5
2026-07-15,14,54279180.15,151821498.5,-97542318.35,3084885.8
2026-07-15,58,184953865.65,336883179.88,-151929314.23,14771147.5
2026-07-15,96,26420475.2,192095920.31,-165675445.11,41379.0
2026-07-15,61,5800586.6,230462985.8,-224662399.2,0.0
2026-07-15,85,7672845.9,365229284.3,-357556438.4,123857.0
2026-07-15,6,165967275.3,889608749.75,-723641474.45,81572561.9
2026-07-15,77,1071999659.4,1865191552.4,-793191893.0,639391817.0
2026-07-15,60,13773298.3,1317259233.1,-1303485934.8,38540.0
2026-07-16,4,553375169.8,37799664.6,515575505.2,684270.0
2026-07-16,63,355135476.6,46193168.3,308942308.3,437900.0
2026-07-16,42,369084224.1,102564137.5,266520086.6,23887512.0
2026-07-16,33,147197143.6,42326763.0,104870380.6,763192.8
2026-07-16,58,179973696.27,106443574.87,73530121.4,7818636.2
2026-07-16,35,82132527.0,48587567.5,33544959.5,1781533.0
2026-07-16,74,74158172.9,43879125.0,30279047.9,1762568.0
2026-07-16,88,27745546.9,569844.0,27175702.9,6539.0
2026-07-16,43,50373385.3,23844495.0,26528890.3,1776261.0
2026-07-16,100,32165016.3,7163187.2,25001829.1,0.0
2026-07-16,17,57139893.3,34321499.35,22818393.95,3386049.0
2026-07-16,22,39325766.4,17400782.8,21924983.6,293818.5
2026-07-16,48,143771607.4,123579082.8,20192524.6,52341881.5
2026-07-16,41,40402295.0,21232293.9,19170001.1,265656.2
2026-07-16,92,27024578.8,8255151.1,18769427.7,4680.0
2026-07-16,26,47110566.0,28768001.6,18342564.4,210867.0
2026-07-16,28,88182870.65,73417569.8,14765300.85,52843755.0
2026-07-16,6,319324749.8,305510185.2,13814564.6,252543686.0
2026-07-16,52,38078391.9,25833739.1,12244652.8,209642.7
2026-07-16,80,15499634.9,4533549.0,10966085.9,0.0
2026-07-16,16,32895905.0,22960485.7,9935419.3,706979.1
2026-07-16,69,15306900.4,6739280.3,8567620.1,0.0
2026-07-16,40,26537923.0,18252144.2,8285778.8,423585.0
2026-07-16,21,27225881.6,18968357.9,8257523.7,374803.1
2026-07-16,87,33553601.38,25321570.1,8232031.28,0.0
2026-07-16,67,14428394.3,6887603.62,7540790.68,0.0
2026-07-16,81,12745273.0,6014926.3,6730346.7,0.0
2026-07-16,83,18698478.9,12312680.7,6385798.2,385100.0
2026-07-16,7,23997705.6,18227583.4,5770122.2,710213.0
2026-07-16,101,30317422.9,24982047.9,5335375.0,586990.0
2026-07-16,78,7637532.0,2728513.4,4909018.6,0.0
2026-07-16,44,83451314.7,78756499.6,4694815.1,3070377.0
2026-07-16,54,11416960.6,7212045.3,4204915.3,5814.1
2026-07-16,45,80175585.6,76722683.0,3452902.6,1967103.2
2026-07-16,19,15447479.6,12562023.0,2885456.6,92083.8
2026-07-16,57,48648066.7,45899621.1,2748445.6,738160.5
2026-07-16,97,3462745.0,1044718.0,2418027.0,0.0
2026-07-16,32,44255732.6,41904466.7,2351265.9,532914.3
2026-07-16,51,13731118.9,12375865.0,1355253.9,193862.9
2026-07-16,76,12802593.7,11478689.1,1323904.6,119430.0
2026-07-16,11,13512927.1,12484402.2,1028524.9,49364.0
2026-07-16,66,15655376.2,14823751.8,831624.4,0.0
2026-07-16,14,37853577.67,37126564.6,727013.07,735729.1
2026-07-16,5,14238124.3,13605704.9,632419.4,59540.0
2026-07-16,37,7955618.6,7446472.7,509145.9,11926.0
2026-07-16,38,54255747.8,53864374.7,391373.1,1137254.2
2026-07-16,90,6515938.0,6244943.8,270994.2,2877600.0
2026-07-16,79,306230.0,211558.9,94671.1,0.0
2026-07-16,98,2703812.3,2897629.0,-193816.7,0.0
2026-07-16,3,13842650.0,14113057.2,-270407.2,8299.0
2026-07-16,68,4210135.6,4592037.1,-381901.5,0.0
2026-07-16,61,1436685.0,2020500.7,-583815.7,0.0
2026-07-16,29,15514390.0,16242065.9,-727675.9,16508.0
2026-07-16,84,6824422.3,7610603.4,-786181.1,0.0
2026-07-16,95,12593293.1,13565227.2,-971934.1,0.0
2026-07-16,70,2603704.0,3743668.3,-1139964.3,0.0
2026-07-16,71,11113786.4,12963179.0,-1849392.6,56700.0
2026-07-16,18,7417612.5,9308362.8,-1890750.3,731.0
2026-07-16,85,6099850.9,8210373.8,-2110522.9,0.0
2026-07-16,64,25466711.5,28079670.6,-2612959.1,1669200.0
2026-07-16,25,23130155.2,26054523.65,-2924368.45,107527.6
2026-07-16,62,28606422.6,31994161.5,-3387738.9,589510.0
2026-07-16,99,1950464.8,5457298.0,-3506833.2,0.0
2026-07-16,82,13178316.0,17095063.6,-3916747.6,1461009.0
2026-07-16,93,256905.0,4428730.1,-4171825.1,0.0
2026-07-16,10,4593004.8,8918315.35,-4325310.55,259278.0
2026-07-16,53,12647473.0,17084949.4,-4437476.4,3950.3
2026-07-16,1,19035914.5,24340340.9,-5304426.4,61700.0
2026-07-16,89,4659035.8,10578029.5,-5918993.7,0.0
2026-07-16,8,16300409.1,22268303.1,-5967894.0,0.0
2026-07-16,86,1831965.8,8110866.8,-6278901.0,0.0
2026-07-16,75,6811484.7,14093345.9,-7281861.2,0.0
2026-07-16,77,39453390.7,47996797.7,-8543407.0,0.0
2026-07-16,47,13404195.7,23544811.6,-10140615.9,314493.0
2026-07-16,59,25011814.1,35306607.8,-10294793.7,564127.4
2026-07-16,50,31440504.9,43648041.4,-12207536.5,154250.0
2026-07-16,36,20446478.1,33929620.2,-13483142.1,214784.5
2026-07-16,65,13094592.77,27592208.5,-14497615.73,0.0
2026-07-16,94,13288678.1,34666116.3,-21377438.2,1931065.0
2026-07-16,46,6448746.6,29469774.5,-23021027.9,1503500.0
2026-07-16,13,26683165.7,50261644.5,-23578478.8,216892.9
2026-07-16,39,45369802.1,71782544.8,-26412742.7,2049611.6
2026-07-16,72,10929900.3,43888768.8,-32958868.5,6368000.0
2026-07-16,20,21673449.5,55730437.2,-34056987.7,17733533.6
2026-07-16,91,1887882.2,48991632.9,-47103750.7,21905.0
2026-07-16,56,74439056.2,162826057.3,-88387001.1,18727118.9
2026-07-16,34,60305520.5,205935780.8,-145630260.3,6447329.6
2026-07-16,49,109181513.5,296851435.7,-187669922.2,24465505.0
2026-07-16,60,11774071.2,388325331.5,-376551260.3,863622.5
2026-07-16,96,3359669.5,551357930.8,-547998261.3,0.0
2026-07-17,94,417978818.6,38140880.4,379837938.2,9300.0
2026-07-17,63,287160416.5,21760313.45,265400103.05,1999482.0
2026-07-17,69,265269426.9,3487415.4,261782011.5,0.0
2026-07-17,58,409266566.04,286323121.58,122943444.46,143487256.88
2026-07-17,44,125406751.5,56598971.5,68807780.0,508372.0
2026-07-17,17,122655594.8,56043937.48,66611657.32,879356.6
2026-07-17,32,90393478.2,42333276.0,48060202.2,744528.8
2026-07-17,8,78833781.6,31002274.6,47831507.0,2980.0
2026-07-17,49,146748205.2,105518286.15,41229919.05,28006637.0
2026-07-17,64,80937404.8,41751727.0,39185677.8,305910.0
2026-07-17,42,83950062.4,48347199.3,35602863.1,1859555.1
2026-07-17,14,81237908.4,50026851.5,31211056.9,416157.1
2026-07-17,62,92218368.8,64572497.2,27645871.6,27932867.4
2026-07-17,33,77185977.6,50800833.2,26385144.4,800022.4
2026-07-17,50,42009210.3,16915756.5,25093453.8,3958493.7
2026-07-17,46,39661579.2,16977591.8,22683987.4,823489.5
2026-07-17,67,29321496.2,6804525.6,22516970.6,19145.0
2026-07-17,65,26613859.8,6608540.2,20005319.6,2835.0
2026-07-17,57,58075758.2,38467293.9,19608464.3,977806.5
2026-07-17,48,88110679.2,68649890.6,19460788.6,10717091.9
2026-07-17,22,36807741.7,18262398.2,18545343.5,153988.3
2026-07-17,74,51323146.7,33729890.45,17593256.25,510040.7
2026-07-17,101,44542027.5,27692661.2,16849366.3,4957729.0
2026-07-17,35,68310261.6,51943382.0,16366879.6,405223.0
2026-07-17,45,92130566.6,75928855.4,16201711.2,2318924.9
2026-07-17,59,36120169.4,20176992.6,15943176.8,1888669.0
2026-07-17,66,21374147.3,6967125.0,14407022.3,218626.0
2026-07-17,43,24216549.08,10145817.1,14070731.98,13157.5
2026-07-17,41,35613594.7,22995510.7,12618084.0,328586.0
2026-07-17,85,16025370.3,5431171.2,10594199.1,0.0
2026-07-17,38,53479297.0,43912748.98,9566548.02,1117496.4
2026-07-17,53,18401722.8,9380056.6,9021666.2,79820.0
2026-07-17,81,17428391.7,8614652.2,8813739.5,0.0
2026-07-17,80,12575888.2,3886129.1,8689759.1,227766.0
2026-07-17,1,28918182.5,20603696.7,8314485.8,97011.0
2026-07-17,99,20038300.1,12060655.4,7977644.7,0.0
2026-07-17,25,22161997.6,14683720.3,7478277.3,283280.0
2026-07-17,13,28275472.1,21223587.1,7051885.0,819282.5
2026-07-17,16,34242469.7,27317883.1,6924586.6,1353084.5
2026-07-17,5,17574012.4,10722772.7,6851239.7,145440.0
2026-07-17,21,28785869.3,22042442.9,6743426.4,59610.0
2026-07-17,70,13142194.6,7254775.1,5887419.5,1340025.0
2026-07-17,19,19271668.2,14272748.0,4998920.2,297822.0
2026-07-17,88,14326042.2,9973509.4,4352532.8,11713.0
2026-07-17,52,29489706.75,25270036.6,4219670.15,22181.0
2026-07-17,54,9781126.8,5702648.1,4078478.7,16372.5
2026-07-17,51,15667880.5,12896765.3,2771115.2,164849.3
2026-07-17,10,11395126.6,8871937.5,2523189.1,130074.0
2026-07-17,76,21248199.6,18865540.4,2382659.2,29900.0
2026-07-17,93,4745051.3,2515676.5,2229374.8,0.0
2026-07-17,37,7476576.9,5623938.4,1852638.5,81495.0
2026-07-17,92,31467179.8,29644749.9,1822429.9,825622.0
2026-07-17,95,12584767.5,10832302.9,1752464.6,0.0
2026-07-17,78,4465910.0,2720112.5,1745797.5,0.0
2026-07-17,90,6610900.0,5639474.8,971425.2,2709480.3
2026-07-17,98,2034662.0,1402280.0,632382.0,0.0
2026-07-17,11,12505930.9,11903128.6,602802.3,791562.2
2026-07-17,79,360216.3,60469.0,299747.3,0.0
2026-07-17,40,23933458.2,23735855.6,197602.6,6720.0
2026-07-17,4,37049406.84,37874414.6,-825007.76,956913.2
2026-07-17,36,31235506.9,32082851.1,-847344.2,475314.5
2026-07-17,82,38213714.7,39329475.1,-1115760.4,9544836.0
2026-07-17,97,1682651.0,2918339.0,-1235688.0,0.0
2026-07-17,61,367573.0,2289805.6,-1922232.6,0.0
2026-07-17,68,8348570.5,11111733.2,-2763162.7,880137.0
2026-07-17,83,12585100.0,15502633.2,-2917533.2,416902.2
2026-07-17,47,25320558.2,28763973.4,-3443415.2,208826.0
2026-07-17,7,22979081.9,27237886.8,-4258804.9,46621.0
2026-07-17,56,74301009.8,81936175.0,-7635165.2,7665682.5
2026-07-17,3,15356905.8,23007489.9,-7650584.1,1174915.5
2026-07-17,87,12617366.3,20343941.5,-7726575.2,16416.0
2026-07-17,84,5879468.2,13681707.7,-7802239.5,126536.5
2026-07-17,18,3958040.6,12135226.1,-8177185.5,0.0
2026-07-17,71,12835854.2,21605812.4,-8769958.2,0.0
2026-07-17,29,19585647.0,33277006.0,-13691359.0,73530.0
2026-07-17,26,23469705.8,37270134.6,-13800428.8,5169.8
2026-07-17,28,268373915.9,284565237.37,-16191321.47,240496190.0
2026-07-17,75,25618221.8,47109987.3,-21491765.5,4238.0
2026-07-17,100,3342764.1,37543385.8,-34200621.7,40310.0
2026-07-17,96,8962637.5,43251303.9,-34288666.4,94017.0
2026-07-17,39,38547336.4,73199941.9,-34652605.5,1320710.9
2026-07-17,20,30944522.55,71558131.6,-40613609.05,10705094.5
2026-07-17,89,1897648.3,45402032.2,-43504383.9,0.0
2026-07-17,72,4514296.5,49174437.3,-44660140.8,0.0
2026-07-17,86,7259009.8,53446593.1,-46187583.3,338000.0
2026-07-17,77,65906436.3,146578151.1,-80671714.8,7080.0
2026-07-17,60,13573923.0,127948990.3,-114375067.3,1466964.0
2026-07-17,34,70149273.0,211683129.6,-141533856.6,9031565.4
2026-07-17,91,3655023.2,145552145.8,-141897122.6,200000.0
2026-07-17,6,70247264.7,1057237541.1,-986990276.4,3330875.3
2026-07-20,92,157662915.1,42184664.2,115478250.9,10028246.8
2026-07-20,58,394498066.93,291867536.5,102630530.43,28580482.3
2026-07-20,60,112218938.7,31047195.8,81171742.9,438974.0
2026-07-20,77,138157489.1,75640318.4,62517170.7,54780.0
2026-07-20,86,39143493.4,6850305.3,32293188.1,0.0
2026-07-20,89,37018922.2,5235866.1,31783056.1,64500.0
2026-07-20,28,67147037.0,35536833.4,31610203.6,344897.5
2026-07-20,94,56338678.1,25913611.5,30425066.6,126260.0
2026-07-20,100,38130401.8,8336732.1,29793669.7,0.0
2026-07-20,49,151791288.4,122133845.8,29657442.6,7516493.4
2026-07-20,61,29616218.0,5500289.7,24115928.3,48380.0
2026-07-20,50,67413254.2,45579999.9,21833254.3,1048062.3
2026-07-20,38,100512515.3,80263638.68,20248876.62,2685907.3
2026-07-20,42,156516394.7,136393146.4,20123248.3,4291322.6
2026-07-20,34,152214367.2,135015968.5,17198398.7,14310722.6
2026-07-20,74,72874761.9,56240456.6,16634305.3,577166.4
2026-07-20,19,43899618.2,30516326.2,13383292.0,571225.0
2026-07-20,32,118188945.2,104871081.3,13317863.9,2341868.0
2026-07-20,18,22283533.7,10408972.8,11874560.9,180750.0
2026-07-20,81,55219834.4,44163612.7,11056221.7,7471672.0
2026-07-20,35,85303313.5,74751986.0,10551327.5,885629.0
2026-07-20,26,70057800.25,60333960.1,9723840.15,562949.1
2026-07-20,21,72340918.2,62867807.9,9473110.3,790085.0
2026-07-20,75,33082331.4,27127991.8,5954339.6,1523940.8
2026-07-20,57,103660490.3,97766189.35,5894300.95,2750559.6
2026-07-20,53,27933349.0,22322815.2,5610533.8,42369.0
2026-07-20,51,35078775.9,30174850.9,4903925.0,187776.0
2026-07-20,97,7486146.2,3051041.0,4435105.2,0.0
2026-07-20,85,12179493.2,7758728.6,4420764.6,0.0
2026-07-20,63,54874095.4,50857833.05,4016262.35,2335390.0
2026-07-20,20,38223626.5,34525325.5,3698301.0,26267740.0
2026-07-20,41,66869282.2,63932520.2,2936762.0,285605.1
2026-07-20,10,17665606.8,14899964.7,2765642.1,0.0
2026-07-20,69,17266310.1,16290291.9,976018.2,685999.0
2026-07-20,7,34726513.0,34077580.7,648932.3,192968.0
2026-07-20,36,62348628.63,61718451.33,630177.3,824286.53
2026-07-20,13,35324757.6,35164001.9,160755.7,432247.2
2026-07-20,73,7138.0,4080.0,3058.0,0.0
2026-07-20,79,357041.5,378714.4,-21672.9,0.0
2026-07-20,88,18867624.7,18930993.0,-63368.3,0.0
2026-07-20,82,29212458.1,29557806.7,-345348.6,41040.0
2026-07-20,83,21089336.1,21468256.5,-378920.4,0.0
2026-07-20,47,26972146.2,27368349.8,-396203.6,47330.0
2026-07-20,6,60139396.6,60578580.5,-439183.9,789299.6
2026-07-20,98,8184289.6,8951493.7,-767204.1,5354176.0
2026-07-20,70,15560715.5,16428304.8,-867589.3,0.0
2026-07-20,54,17354720.7,18365307.3,-1010586.6,92880.0
2026-07-20,76,10612924.5,12500820.0,-1887895.5,0.0
2026-07-20,37,10067110.2,12482890.9,-2415780.7,0.0
2026-07-20,11,16526058.8,19477009.8,-2950951.0,166210.0
2026-07-20,90,4880789.7,7905492.0,-3024702.3,1961819.0
2026-07-20,59,40255840.7,43371704.8,-3115864.1,95493.5
2026-07-20,99,11618337.2,14863064.2,-3244727.0,465880.0
2026-07-20,93,2013466.8,6881164.2,-4867697.4,0.0
2026-07-20,71,34135849.1,39259230.3,-5123381.2,78240.0
2026-07-20,87,20205128.5,25494598.5,-5289470.0,96867.9
2026-07-20,80,40985481.3,46334882.9,-5349401.6,3811034.0
2026-07-20,1,33329506.0,39623010.3,-6293504.3,164276.0
2026-07-20,78,3384717.6,10322090.1,-6937372.5,0.0
2026-07-20,52,33153394.0,40151631.3,-6998237.3,310844.0
2026-07-20,96,36192521.6,43218354.4,-7025832.8,169450.0
2026-07-20,101,14087648.2,21258473.3,-7170825.1,0.0
2026-07-20,95,23994320.9,31302473.7,-7308152.8,323240.0
2026-07-20,25,34330661.9,42482532.2,-8151870.3,578089.7
2026-07-20,40,19900622.9,28220051.9,-8319429.0,205900.0
2026-07-20,5,15816404.0,24191773.9,-8375369.9,5302.0
2026-07-20,68,9611496.6,18600914.5,-8989417.9,135742.0
2026-07-20,66,6968895.9,17664427.6,-10695531.7,4370.0
2026-07-20,65,35596130.4,47653522.7,-12057392.3,636050.0
2026-07-20,17,92311820.7,104786637.6,-12474816.9,2268433.6
2026-07-20,22,36451608.8,52306571.4,-15854962.6,1339090.4
2026-07-20,4,41557332.8,58548826.9,-16991494.1,331436.0
2026-07-20,48,130184375.8,147850934.8,-17666559.0,20178522.0
2026-07-20,14,69734043.4,87669831.8,-17935788.4,525825.0
2026-07-20,29,31282172.2,50114318.3,-18832146.1,157323.0
2026-07-20,62,83005134.2,101900375.5,-18895241.3,5991800.8
2026-07-20,39,59570775.1,81055093.7,-21484318.6,1132543.5
2026-07-20,64,39982748.2,61948344.8,-21965596.6,742508.0
2026-07-20,84,15875648.4,38763748.6,-22888100.2,308527.0
2026-07-20,67,38526510.5,61580056.4,-23053545.9,2777582.0
2026-07-20,3,26639474.1,54544837.2,-27905363.1,214846.5
2026-07-20,46,12345406.2,41340551.7,-28995145.5,680590.0
2026-07-20,44,82210135.0,112934782.1,-30724647.1,7698785.4
2026-07-20,56,50541736.3,82437000.9,-31895264.6,710011.5
2026-07-20,8,25820441.6,57851404.1,-32030962.5,384390.0
2026-07-20,45,131207681.6,165660936.2,-34453254.6,5708579.1
2026-07-20,33,39759634.8,78145016.5,-38385381.7,611310.4
2026-07-20,43,22805053.6,62496981.7,-39691928.1,253913.6
2026-07-20,16,39948073.8,79832041.6,-39883967.8,700847.5
2026-07-20,91,54832424.6,109785851.2,-54953426.6,743880.0
2026-07-20,72,8396600.3,95501232.3,-87104632.0,15000.0
2026-07-21,77,198860222.2,119546712.7,79313509.5,16504443.3
2026-07-21,45,251567078.6,172601994.77,78965083.83,6655492.6
2026-07-21,92,88486391.0,14848533.8,73637857.2,683640.0
2026-07-21,60,120580121.9,64568020.2,56012101.7,815230.0
2026-07-21,48,235831081.9,184621695.8,51209386.1,42391360.6
2026-07-21,58,405150319.0,361399894.57,43750424.43,29842077.7
2026-07-21,85,49579975.2,10382568.4,39197406.8,163770.0
2026-07-21,14,116542449.7,83939375.8,32603073.9,1126264.9
2026-07-21,61,36245429.2,5019463.2,31225966.0,0.0
2026-07-21,62,197978659.0,167314550.7,30664108.3,52552119.2
2026-07-21,100,36690560.9,7868513.6,28822047.3,0.0
2026-07-21,50,82673905.1,54064449.1,28609456.0,574915.5
2026-07-21,94,50128829.3,24469717.2,25659112.1,160503.0
2026-07-21,29,65567102.8,40401676.5,25165426.3,103636.0
2026-07-21,89,28393983.04,5513581.6,22880401.44,5150.0
2026-07-21,17,127374280.1,104976000.5,22398279.6,1925698.5
2026-07-21,87,28526705.0,11871063.6,16655641.4,0.0
2026-07-21,21,59257413.2,43712555.0,15544858.2,445853.7
2026-07-21,47,52794179.0,37519115.6,15275063.4,540150.3
2026-07-21,19,53522329.8,39866745.5,13655584.3,476252.0
2026-07-21,41,100700424.1,87199689.1,13500735.0,8096129.1
2026-07-21,81,71703731.9,59658665.4,12045066.5,15510656.0
2026-07-21,80,36044528.5,27142053.5,8902475.0,0.0
2026-07-21,70,24197486.0,15437176.4,8760309.6,440041.4
2026-07-21,101,45225758.7,36773299.5,8452459.2,1238851.0
2026-07-21,93,8903519.0,1014484.0,7889035.0,0.0
2026-07-21,38,132784632.75,125371029.3,7413603.45,1590633.9
2026-07-21,63,55428812.9,48591173.4,6837639.5,2460641.0
2026-07-21,82,33577282.6,26862766.3,6714516.3,652239.0
2026-07-21,95,42224988.8,35778648.3,6446340.5,1620.0
2026-07-21,75,53447689.1,48048858.8,5398830.3,0.0
2026-07-21,86,18504214.4,13180421.2,5323793.2,0.0
2026-07-21,83,24423020.1,19817563.3,4605456.8,826092.6
2026-07-21,36,69234295.3,65115445.6,4118849.7,439534.0
2026-07-21,37,15451659.5,11553664.5,3897995.0,0.0
2026-07-21,7,36532758.4,33101194.6,3431563.8,286861.1
2026-07-21,35,104302618.2,101149671.2,3152947.0,1565040.4
2026-07-21,91,30904711.2,27767935.6,3136775.6,0.0
2026-07-21,10,16362064.8,13413194.6,2948870.2,0.0
2026-07-21,25,45285020.7,42894920.0,2390100.7,266810.0
2026-07-21,18,10609931.4,8219936.3,2389995.1,0.0
2026-07-21,57,136937478.7,134670571.3,2266907.4,2628310.3
2026-07-21,11,19527677.2,18322833.5,1204843.7,133771.0
2026-07-21,78,10824950.0,9717185.9,1107764.1,0.0
2026-07-21,28,54948211.35,54440346.0,507865.35,669280.0
2026-07-21,20,9145573.7,9400357.9,-254784.2,4095500.0
2026-07-21,26,69473591.7,70790116.9,-1316525.2,437376.6
2026-07-21,79,575655.8,2169752.0,-1594096.2,0.0
2026-07-21,67,36836628.8,38499890.3,-1663261.5,544578.3
2026-07-21,54,15970947.6,17932079.9,-1961132.3,194160.0
2026-07-21,90,4102553.9,6142356.6,-2039802.7,906400.0
2026-07-21,76,12950706.9,15050078.4,-2099371.5,0.0
2026-07-21,51,28450903.3,30648786.15,-2197882.85,120364.4
2026-07-21,68,15731094.1,18048695.7,-2317601.6,0.0
2026-07-21,52,51716232.7,54978492.1,-3262259.4,697913.2
2026-07-21,99,13928348.5,17482785.4,-3554436.9,0.0
2026-07-21,84,24670598.4,28878275.7,-4207677.3,0.0
2026-07-21,53,25859309.4,30494481.1,-4635171.7,201950.0
2026-07-21,97,7071031.3,11748021.3,-4676990.0,0.0
2026-07-21,22,62061223.05,67108013.7,-5046790.65,759593.1
2026-07-21,88,15644843.6,21093545.0,-5448701.4,0.0
2026-07-21,13,39594265.7,45914982.0,-6320716.3,908662.0
2026-07-21,96,23361571.6,30522170.7,-7160599.1,702500.0
2026-07-21,64,31776009.5,39018257.9,-7242248.4,193892.0
2026-07-21,4,57826089.5,65510038.5,-7683949.0,54008.0
2026-07-21,71,37098148.8,46844133.3,-9745984.5,0.0
2026-07-21,6,70594819.36,80343667.0,-9748847.64,1968238.8
2026-07-21,49,150988147.7,162326511.2,-11338363.5,4613440.7
2026-07-21,98,2328420.0,14252696.4,-11924276.4,0.0
2026-07-21,5,23381898.9,35323456.9,-11941558.0,73956.0
2026-07-21,42,163447112.03,178470038.0,-15022925.97,3989613.9
2026-07-21,69,47992941.0,65332386.8,-17339445.8,3248705.0
2026-07-21,16,54231790.5,74492290.0,-20260499.5,297700.2
2026-07-21,1,42210355.4,62783043.4,-20572688.0,472797.8
2026-07-21,34,172205507.3,193398899.6,-21193392.3,4900193.8
2026-07-21,66,15067293.6,38540899.5,-23473605.9,23601.5
2026-07-21,65,32229532.2,55850717.3,-23621185.1,102030.0
2026-07-21,3,25431594.0,49217711.5,-23786117.5,28084.2
2026-07-21,74,77898384.5,103797964.6,-25899580.1,1504995.4
2026-07-21,59,50142145.1,76056299.0,-25914153.9,943730.0
2026-07-21,32,95361676.5,121495817.4,-26134140.9,1481589.0
2026-07-21,43,30709234.9,58412506.9,-27703272.0,855635.0
2026-07-21,72,17611588.3,50933103.2,-33321514.9,453662.0
2026-07-21,8,36947478.7,70324801.3,-33377322.6,458403.5
2026-07-21,39,57508339.7,104588190.5,-47079850.8,1285187.9
2026-07-21,56,78754009.2,131344648.79,-52590639.59,10571523.0
2026-07-21,40,20613503.8,78045905.7,-57432401.9,142720.0
2026-07-21,33,27019247.6,85728776.9,-58709529.3,49804.0
2026-07-21,46,20169693.0,97318150.7,-77148457.7,585832.0
2026-07-21,44,128663912.6,232789686.4,-104125773.8,5771411.1
2026-07-22,58,664319969.75,449367585.35,214952384.4,53922913.8
2026-07-22,63,207343998.6,53543380.8,153800617.8,121525.0
2026-07-22,77,172659133.2,97572552.3,75086580.9,523650.2
2026-07-22,60,109631794.6,57743923.5,51887871.1,1525690.0
2026-07-22,17,160546548.7,110614118.1,49932430.6,6828006.8
2026-07-22,75,82555881.1,35992734.1,46563147.0,0.0
2026-07-22,50,102198888.8,67363995.0,34834893.8,403549.0
2026-07-22,92,65073469.2,31102655.4,33970813.8,426682.0
2026-07-22,71,61912382.7,33450574.6,28461808.1,846121.0
2026-07-22,1,78329444.6,54472303.1,23857141.5,751522.6
2026-07-22,29,76012168.8,54709354.6,21302814.2,1065635.7
2026-07-22,86,27617396.7,13698180.5,13919216.2,0.0
2026-07-22,64,76097952.1,62424120.8,13673831.3,343274.0
2026-07-22,41,126599232.2,113400381.5,13198850.7,2104762.6
2026-07-22,57,168826278.2,155902308.8,12923969.4,4281858.9
2026-07-22,100,42630744.3,31488424.8,11142319.5,222150.0
2026-07-22,38,151567876.4,141513242.2,10054634.2,3560356.2
2026-07-22,95,47923699.9,38029618.4,9894081.5,410942.0
2026-07-22,76,35007810.0,25930896.2,9076913.8,105210.0
2026-07-22,45,192839713.4,183798260.7,9041452.7,5680690.6
2026-07-22,72,30213376.2,21580572.0,8632804.2,480540.0
2026-07-22,89,31084545.7,22537797.3,8546748.4,7450.0
2026-07-22,81,88505624.3,79976776.4,8528847.9,31497981.0
2026-07-22,18,23247854.3,15574047.7,7673806.6,10642.8
2026-07-22,88,23054695.8,15584254.7,7470441.1,0.0
2026-07-22,16,83895855.43,78007495.1,5888360.33,516609.0
2026-07-22,19,53626014.2,47744070.1,5881944.1,99030.0
2026-07-22,69,46691214.0,41017304.6,5673909.4,148320.0
2026-07-22,62,115796971.4,110150637.3,5646334.1,18142503.7
2026-07-22,91,21996461.3,16624506.4,5371954.9,0.0
2026-07-22,8,41190274.2,36594436.4,4595837.8,240557.9
2026-07-22,94,47705563.66,43553348.2,4152215.46,0.0
2026-07-22,39,123932834.1,120136799.5,3796034.6,2064413.3
2026-07-22,33,79586053.0,75824563.3,3761489.7,191467.0
2026-07-22,26,111372660.1,108239110.4,3133549.7,452545.2
2026-07-22,90,10240148.0,7107055.4,3133092.6,1244502.0
2026-07-22,61,10509388.6,7422821.7,3086566.9,0.0
2026-07-22,36,80325279.0,77356458.8,2968820.2,842622.6
2026-07-22,70,26493004.7,23664168.8,2828835.9,0.0
2026-07-22,10,22842763.5,20032456.7,2810306.8,211103.1
2026-07-22,93,10807735.8,8078144.9,2729590.9,0.0
2026-07-22,97,19974282.0,17906007.4,2068274.6,0.0
2026-07-22,101,52221603.1,51129686.7,1091916.4,162050.0
2026-07-22,37,21402553.1,20594058.2,808494.9,0.0
2026-07-22,7,58274762.7,57495465.7,779297.0,838202.7
2026-07-22,25,74869717.5,74782096.0,87621.5,178004.0
2026-07-22,59,68658908.5,68710984.0,-52075.5,603158.5
2026-07-22,79,1020244.9,1212974.6,-192729.7,0.0
2026-07-22,78,6560119.6,7249158.7,-689039.1,0.0
2026-07-22,98,5544842.9,6338661.8,-793818.9,0.0
2026-07-22,85,22110907.5,22938731.3,-827823.8,0.0
2026-07-22,34,205696351.9,206959441.83,-1263089.93,16001800.7
2026-07-22,96,45091042.6,46361281.9,-1270239.3,4830.0
2026-07-22,21,66487313.4,68073223.2,-1585909.8,603432.0
2026-07-22,32,78990964.0,80676039.48,-1685075.48,1277819.8
2026-07-22,68,22506218.3,25144508.5,-2638290.2,510645.0
2026-07-22,74,79022336.3,81823920.4,-2801584.1,1962445.8
2026-07-22,28,78372682.7,81782889.55,-3410206.85,772316.3
2026-07-22,13,51704088.6,55210265.3,-3506176.7,309201.1
2026-07-22,99,20118258.3,26908192.2,-6789933.9,0.0
2026-07-22,5,32745279.0,40497326.0,-7752047.0,327155.5
2026-07-22,54,16938592.8,25245714.8,-8307122.0,11935.0
2026-07-22,11,16658134.8,25213364.1,-8555229.3,6060.0
2026-07-22,53,28875512.1,37556305.7,-8680793.6,1500.0
2026-07-22,80,15307111.1,24120334.3,-8813223.2,0.0
2026-07-22,48,189600649.0,198428907.13,-8828258.13,7779649.4
2026-07-22,82,27678277.2,36992358.8,-9314081.6,108250.0
2026-07-22,20,41258834.3,51260937.3,-10002103.0,22403530.0
2026-07-22,51,40044350.1,51975253.7,-11930903.6,141358.0
2026-07-22,67,56101446.1,68980590.12,-12879144.02,9752626.0
2026-07-22,84,33254245.9,48991232.8,-15736986.9,0.0
2026-07-22,52,68995513.4,84978034.8,-15982521.4,1124220.1
2026-07-22,87,11970093.9,28242533.7,-16272439.8,14400.0
2026-07-22,3,40904411.6,58658249.7,-17753838.1,514128.1
2026-07-22,65,47088244.5,64929270.3,-17841025.8,680064.0
2026-07-22,56,87820654.3,105741946.9,-17921292.6,2520464.3
2026-07-22,4,74300677.2,92844688.14,-18544010.94,1164672.9
2026-07-22,83,33131936.2,53266953.4,-20135017.2,0.0
2026-07-22,40,25478682.1,47729815.2,-22251133.1,220229.0
2026-07-22,22,59946501.9,83148385.1,-23201883.2,1017075.2
2026-07-22,66,19835303.1,45657445.8,-25822142.7,1941.0
2026-07-22,6,60569725.04,87501801.3,-26932076.26,1319079.6
2026-07-22,46,29119965.1,65187009.9,-36067044.8,263020.0
2026-07-22,42,211445219.85,247926588.8,-36481368.95,11187076.4
2026-07-22,43,38482467.8,75949129.7,-37466661.9,270137.0
2026-07-22,47,46347391.6,87720655.3,-41373263.7,578327.8
2026-07-22,14,111913989.13,163016138.9,-51102149.77,2071206.6
2026-07-22,49,191837958.7,289092699.8,-97254741.1,10800035.2
2026-07-22,44,186763097.9,298329155.84,-111566057.94,32513703.8
2026-07-22,35,114685237.18,291120566.8,-176435329.62,3148736.2
2026-07-23,92,123365636.1,25331221.4,98034414.7,1795500.0
2026-07-23,58,455604256.68,381623606.3,73980650.38,40690038.8
2026-07-23,17,148331539.4,90941644.3,57389895.1,2886240.9
2026-07-23,77,113568051.4,76214513.8,37353537.6,3772300.0
2026-07-23,50,74904156.1,41728457.2,33175698.9,106538.0
2026-07-23,4,112229417.05,79230140.4,32999276.65,18672770.5
2026-07-23,67,59498733.7,26903052.85,32595680.85,1134760.0
2026-07-23,45,167882086.2,135946405.4,31935680.8,3635091.0
2026-07-23,32,104637100.2,79034035.7,25603064.5,1809302.5
2026-07-23,33,63429960.4,40023027.1,23406933.3,11808.0
2026-07-23,62,88518271.7,66533373.42,21984898.28,2130441.9
2026-07-23,56,88521771.1,66953356.5,21568414.6,1402888.2
2026-07-23,72,42032505.7,21474059.4,20558446.3,84000.0
2026-07-23,40,47638085.2,28182595.8,19455489.4,285750.0
2026-07-23,100,49783320.8,31066010.5,18717310.3,527838.2
2026-07-23,14,96270989.7,79268771.3,17002218.4,1592741.4
2026-07-23,60,98327325.3,81598209.1,16729116.2,3727957.0
2026-07-23,81,47830055.6,31520886.5,16309169.1,569000.0
2026-07-23,16,67940312.9,53948596.7,13991716.2,754046.0
2026-07-23,82,48759576.6,36684563.0,12075013.6,4584415.0
2026-07-23,95,28878112.0,19176748.9,9701363.1,545414.0
2026-07-23,29,82934940.2,74660224.31,8274715.89,1404816.9
2026-07-23,85,44337844.7,36824393.3,7513451.4,20032000.0
2026-07-23,78,11848274.7,5174109.2,6674165.5,0.0
2026-07-23,76,61009452.0,54456720.5,6552731.5,1352490.0
2026-07-23,35,81948662.66,75571044.4,6377618.26,997621.1
2026-07-23,25,54739514.4,48737345.0,6002169.4,599844.5
2026-07-23,68,22185314.3,16226847.5,5958466.8,0.0
2026-07-23,101,53910415.8,48778309.6,5132106.2,3005020.0
2026-07-23,93,5142983.3,406012.6,4736970.7,0.0
2026-07-23,53,31878324.2,27825828.7,4052495.5,463036.0
2026-07-23,5,30087641.9,26718007.4,3369634.5,101920.0
2026-07-23,87,8042004.5,5166798.6,2875205.9,0.0
2026-07-23,21,52565000.9,50335292.0,2229708.9,482193.8
2026-07-23,89,7563713.2,5452403.3,2111309.9,0.0
2026-07-23,61,7798949.3,5698544.3,2100405.0,0.0
2026-07-23,90,8009102.4,6104677.0,1904425.4,1828606.0
2026-07-23,18,7653382.6,5848846.5,1804536.1,0.0
2026-07-23,83,18655477.0,17410017.8,1245459.2,0.0
2026-07-23,28,63391787.1,62297946.68,1093840.42,1029258.5
2026-07-23,99,14326446.6,13235314.5,1091132.1,0.0
2026-07-23,57,132338888.3,131573208.72,765679.58,2973090.9
2026-07-23,79,1292658.5,609495.0,683163.5,0.0
2026-07-23,88,19779877.4,19281236.6,498640.8,5570.0
2026-07-23,98,5360414.6,5492649.7,-132235.1,0.0
2026-07-23,91,18414338.9,18569035.8,-154696.9,815490.0
2026-07-23,7,37218544.8,37454482.5,-235937.7,133393.5
2026-07-23,66,22079000.3,23045253.2,-966252.9,93250.0
2026-07-23,47,31414719.3,32709091.9,-1294372.6,173212.0
2026-07-23,11,10944182.9,12383372.2,-1439189.3,16774.0
2026-07-23,69,17989143.1,20489633.5,-2500490.4,41942.0
2026-07-23,49,166943933.6,169522378.05,-2578444.45,8010265.2
2026-07-23,97,8783262.3,12015062.6,-3231800.3,0.0
2026-07-23,52,55124119.15,58961629.9,-3837510.75,650041.0
2026-07-23,80,23725410.6,28140280.7,-4414870.1,0.0
2026-07-23,37,14957088.23,19429770.1,-4472681.87,0.0
2026-07-23,70,24568605.5,29235021.6,-4666416.1,0.0
2026-07-23,65,32285535.8,37164031.9,-4878496.1,585570.0
2026-07-23,26,76681483.0,83056431.9,-6374948.9,1039356.7
2026-07-23,6,45456411.4,52015877.8,-6559466.4,253929.0
2026-07-23,41,93815309.1,100605971.3,-6790662.2,682445.1
2026-07-23,13,31276025.5,38297099.1,-7021073.6,312482.1
2026-07-23,86,12813061.9,19887216.6,-7074154.7,0.0
2026-07-23,8,28687327.5,35767207.1,-7079879.6,710664.0
2026-07-23,75,35426442.9,42523893.2,-7097450.3,129675.0
2026-07-23,20,4565898.6,13841286.7,-9275388.1,3483949.0
2026-07-23,63,51221848.4,61007131.1,-9785282.7,9056699.0
2026-07-23,94,35235164.0,45063800.3,-9828636.3,1922400.0
2026-07-23,96,43405977.0,53417746.1,-10011769.1,41655.0
2026-07-23,51,38272898.7,48438147.9,-10165249.2,142779.1
2026-07-23,54,11561256.6,21742273.2,-10181016.6,37700.0
2026-07-23,19,42145625.8,55034195.6,-12888569.8,703196.0
2026-07-23,36,52317716.9,65477447.96,-13159731.06,901765.8
2026-07-23,71,33425059.1,48335336.5,-14910277.4,100000.0
2026-07-23,10,16643331.8,31896781.58,-15253449.78,98300.0
2026-07-23,48,133027208.6,149194588.1,-16167379.5,4715391.0
2026-07-23,43,37719631.3,53953188.7,-16233557.4,123545.4
2026-07-23,39,79238800.0,97588623.3,-18349823.3,1554053.0
2026-07-23,22,35844767.66,54425913.6,-18581145.94,1355347.4
2026-07-23,59,46507995.5,65151083.2,-18643087.7,352734.6
2026-07-23,1,36313052.88,56861785.4,-20548732.52,145410.0
2026-07-23,38,127083779.6,157977884.4,-30894104.8,3396588.9
2026-07-23,74,93608147.6,125190694.5,-31582546.9,2147225.8
2026-07-23,84,19232679.9,57081129.5,-37848449.6,0.0
2026-07-23,34,149931082.95,191031327.7,-41100244.75,8151482.1
2026-07-23,42,133530905.8,184357061.2,-50826155.4,4326344.1
2026-07-23,3,20161059.71,71455261.9,-51294202.19,368871.7
2026-07-23,46,32616842.7,83934545.6,-51317702.9,260094.1
2026-07-23,64,53948862.2,106082480.1,-52133617.9,459266.0
2026-07-23,44,112507913.3,176305277.9,-63797364.6,13089830.9
2026-07-24,92,76819304.8,29751246.1,47068058.7,8917.5
2026-07-24,39,104534440.2,61295614.4,43238825.8,822115.5
2026-07-24,48,168683098.5,128637162.7,40045935.8,7392074.3
2026-07-24,50,68030620.4,32338569.3,35692051.1,54868.0
2026-07-24,45,180219871.3,149435567.2,30784304.1,4676261.1
2026-07-24,33,106626233.6,76353176.3,30273057.3,34554542.0
2026-07-24,74,86491591.0,56397097.7,30094493.3,1949035.8
2026-07-24,62,113370823.9,87303543.1,26067280.8,2101533.1
2026-07-24,59,50881935.0,24983447.8,25898487.2,72272.4
2026-07-24,47,43370397.3,21095414.6,22274982.7,202670.0
2026-07-24,40,45672256.7,24221403.8,21450852.9,1481705.3
2026-07-24,43,40897912.1,20112425.6,20785486.5,0.0
2026-07-24,16,58700414.1,38553050.6,20147363.5,239205.3
2026-07-24,17,112637646.0,93635473.9,19002172.1,1150350.8
2026-07-24,69,38543379.5,19590895.6,18952483.9,0.0
2026-07-24,35,107891024.9,90589147.05,17301877.85,2913371.4
2026-07-24,66,36255907.1,19525391.7,16730515.4,538956.0
2026-07-24,96,43209070.1,27025371.0,16183699.1,137676.6
2026-07-24,80,40174045.2,24712969.5,15461075.7,780220.0
2026-07-24,67,25175735.2,11103284.4,14072450.8,0.0
2026-07-24,94,33193453.4,19803748.6,13389704.8,676430.0
2026-07-24,100,34538019.2,21232925.9,13305093.3,0.0
2026-07-24,20,18417381.8,7449116.6,10968265.2,1520579.4
2026-07-24,78,13634984.5,3017914.4,10617070.1,0.0
2026-07-24,3,35366791.6,25293321.8,10073469.8,341062.0
2026-07-24,21,46238200.6,37838129.3,8400071.3,227212.0
2026-07-24,32,76773667.3,69720249.4,7053417.9,926731.6
2026-07-24,18,14275731.5,7351213.5,6924518.0,0.0
2026-07-24,98,8428863.8,1904091.4,6524772.4,690759.0
2026-07-24,91,19980802.9,13577039.0,6403763.9,356590.0
2026-07-24,19,59084988.3,52768786.6,6316201.7,614682.6
2026-07-24,42,135319610.6,129164551.7,6155058.9,4844888.5
2026-07-24,99,34588763.4,28633482.3,5955281.1,0.0
2026-07-24,49,152277133.1,146773860.0,5503273.1,5431510.3
2026-07-24,101,57354531.3,52128742.4,5225788.9,147415.0
2026-07-24,25,40689416.24,35484320.6,5205095.64,471402.0
2026-07-24,87,21485570.4,16456997.6,5028572.8,272650.0
2026-07-24,36,66353432.1,61385592.55,4967839.55,469357.0
2026-07-24,95,29357450.9,24444623.2,4912827.7,46000.0
2026-07-24,70,18916699.4,14122559.5,4794139.9,545529.9
2026-07-24,97,15147234.5,10359903.0,4787331.5,0.0
2026-07-24,51,56000706.6,51409618.1,4591088.5,570634.6
2026-07-24,56,77120523.9,73405256.5,3715267.4,269488.0
2026-07-24,22,50713581.28,47911085.5,2802495.78,666910.0
2026-07-24,83,35440415.0,33381471.5,2058943.5,106210.0
2026-07-24,75,32024448.2,30022870.8,2001577.4,0.0
2026-07-24,29,30367780.6,28560049.5,1807731.1,173015.0
2026-07-24,4,46661569.5,45326954.64,1334614.86,153047.0
2026-07-24,90,8639788.5,7385991.5,1253797.0,2346000.0
2026-07-24,7,32934644.4,31892460.4,1042184.0,0.0
2026-07-24,88,18269700.9,17966769.8,302931.1,20068.0
2026-07-24,26,65121009.1,65053210.4,67798.7,1149312.9
2026-07-24,68,14045206.1,14016757.6,28448.5,33105.6
2026-07-24,61,6439632.8,6575638.0,-136005.2,41478.0
2026-07-24,28,34950564.25,35250381.86,-299817.61,9696.2
2026-07-24,79,959792.5,1314075.0,-354282.5,0.0
2026-07-24,93,1254775.4,2020912.6,-766137.2,0.0
2026-07-24,5,18901067.0,19676920.5,-775853.5,0.0
2026-07-24,13,31713542.7,32603593.0,-890050.3,129033.0
2026-07-24,53,22791346.5,24458298.0,-1666951.5,0.0
2026-07-24,72,7441626.4,9477752.0,-2036125.6,0.0
2026-07-24,37,12420969.0,14702062.0,-2281093.0,69346.1
2026-07-24,76,2692959.9,5237145.0,-2544185.1,0.0
2026-07-24,11,13299910.4,16316355.8,-3016445.4,334939.5
2026-07-24,65,16652273.5,20460174.4,-3807900.9,5900.0
2026-07-24,84,37062658.1,40923287.1,-3860629.0,1055942.0
2026-07-24,54,13561141.9,17654026.6,-4092884.7,105702.0
2026-07-24,81,43817433.1,47975485.6,-4158052.5,17144101.0
2026-07-24,86,11502481.36,16598880.4,-5096399.04,53555.0
2026-07-24,82,20404497.6,26567692.6,-6163195.0,0.0
2026-07-24,10,11318216.6,17649722.4,-6331505.8,456128.0
2026-07-24,52,43340967.8,50656592.7,-7315624.9,574542.0
2026-07-24,85,17188123.4,25829512.9,-8641389.5,16625.0
2026-07-24,89,9123887.0,18494505.4,-9370618.4,6511.0
2026-07-24,1,33069323.9,44549786.6,-11480462.7,176358.5
2026-07-24,8,21784666.0,40362200.1,-18577534.1,409665.0
2026-07-24,34,107239195.2,126507803.4,-19268608.2,4050682.5
2026-07-24,14,69893773.85,92092741.2,-22198967.35,2013695.0
2026-07-24,60,80783064.7,104135124.8,-23352060.1,2525240.4
2026-07-24,58,392650982.4,416545940.38,-23894957.98,61515664.5
2026-07-24,64,62601784.9,86738200.8,-24136415.9,3778975.0
2026-07-24,63,55829407.6,81835475.4,-26006067.8,721159.0
2026-07-24,57,93737078.7,120186632.6,-26449553.9,2739163.4
2026-07-24,71,16519091.2,43586212.9,-27067121.7,1832444.0
2026-07-24,41,83005653.4,110864723.6,-27859070.2,542174.8
2026-07-24,6,36285050.9,70506444.6,-34221393.7,710268.0
2026-07-24,44,90138627.1,140225151.9,-50086524.8,1389628.6
2026-07-24,38,85340536.6,139744618.4,-54404081.8,1639207.6
2026-07-24,46,24125851.9,132080354.3,-107954502.4,58280.0
2026-07-24,77,115070328.0,229506448.6,-114436120.6,10647445.0
2026-07-27,58,635654281.06,548524965.7,87129315.36,132508774.5
2026-07-27,46,116862348.06,31852617.9,85009730.16,361249.0
2026-07-27,77,135900749.8,66461260.0,69439489.8,484000.0
2026-07-27,92,95318271.4,27481363.0,67836908.4,350000.0
2026-07-27,74,140125879.9,95705998.6,44419881.3,2714723.0
2026-07-27,45,224005353.9,186562926.92,37442426.98,5168344.6
2026-07-27,33,86472892.0,50128329.0,36344563.0,476535.9
2026-07-27,84,60134852.9,25924345.8,34210507.1,6000.0
2026-07-27,49,304808414.3,270734341.0,34074073.3,82681814.4
2026-07-27,39,137485526.6,111051389.8,26434136.8,11808814.0
2026-07-27,63,70346324.5,46715589.5,23630735.0,2775570.0
2026-07-27,4,109596781.85,86711899.0,22884882.85,10845550.9
2026-07-27,64,68617473.15,48220438.7,20397034.45,1192625.0
2026-07-27,59,61113223.9,43029069.6,18084154.3,1049958.0
2026-07-27,96,79430753.1,62626910.8,16803842.3,0.0
2026-07-27,36,91538875.1,74944894.38,16593980.72,1332711.0
2026-07-27,35,140904496.9,125738482.3,15166014.6,2585153.8
2026-07-27,48,206534462.62,191478582.8,15055879.82,9143424.8
2026-07-27,86,28122505.2,14132631.9,13989873.3,0.0
2026-07-27,91,47668369.7,34344747.2,13323622.5,276000.0
2026-07-27,60,93809693.9,80532221.9,13277472.0,803831.0
2026-07-27,87,24691118.0,12115813.0,12575305.0,0.0
2026-07-27,89,26032740.2,16410864.0,9621876.2,434256.0
2026-07-27,37,23616859.7,14082701.7,9534158.0,0.0
2026-07-27,25,53897899.5,44790851.4,9107048.1,622122.3
2026-07-27,82,38090641.7,29651030.2,8439611.5,0.0
2026-07-27,97,10076300.7,1822239.4,8254061.3,0.0
2026-07-27,26,92731889.8,85870972.8,6860917.0,855634.2
2026-07-27,67,36782000.4,30301880.3,6480120.1,27600.0
2026-07-27,70,29262089.2,23227766.5,6034322.7,189675.0
2026-07-27,94,56750905.8,52177541.6,4573364.2,954484.0
2026-07-27,80,45746306.3,41677984.6,4068321.7,5811.0
2026-07-27,52,75275996.2,71303060.1,3972936.1,1083284.3
2026-07-27,47,44706203.5,41341524.8,3364678.7,251844.5
2026-07-27,14,152468577.6,149365702.2,3102875.4,9214987.9
2026-07-27,43,38112590.94,35095756.8,3016834.14,100286.0
2026-07-27,83,22135327.7,20510968.3,1624359.4,0.0
2026-07-27,21,51998168.23,50389434.7,1608733.53,377280.6
2026-07-27,29,70373416.5,69092760.2,1280656.3,598352.0
2026-07-27,68,21684056.7,20790889.7,893167.0,60145.6
2026-07-27,61,6286302.1,5568737.0,717565.1,0.0
2026-07-27,81,67359190.9,66696891.0,662299.9,9099968.0
2026-07-27,53,25039896.1,24767001.6,272894.5,0.0
2026-07-27,93,781487.4,782134.0,-646.6,0.0
2026-07-27,79,257508.5,538287.0,-280778.5,0.0
2026-07-27,50,70302759.5,71049507.5,-746748.0,1057179.4
2026-07-27,90,7462065.0,8490581.6,-1028516.6,3154600.0
2026-07-27,78,4756957.1,5823361.5,-1066404.4,0.0
2026-07-27,100,24952578.4,26054102.6,-1101524.2,10901.0
2026-07-27,13,41077027.22,42240148.34,-1163121.12,27795.2
2026-07-27,20,9958626.5,11288265.1,-1329638.6,397000.0
2026-07-27,19,50370630.7,53255169.7,-2884539.0,162207.0
2026-07-27,98,6384407.0,9927618.4,-3543211.4,1778400.0
2026-07-27,99,23367503.5,28106866.8,-4739363.3,598483.0
2026-07-27,16,65147234.8,70408476.1,-5261241.3,2345340.9
2026-07-27,65,32453130.8,37949407.5,-5496276.7,75600.0
2026-07-27,85,15356598.8,21056378.9,-5699780.1,148500.0
2026-07-27,101,38995170.1,45229559.7,-6234389.6,85745.0
2026-07-27,56,87082758.0,93569277.5,-6486519.5,1672744.0
2026-07-27,88,28157868.4,34756916.9,-6599048.5,27500.0
2026-07-27,1,54774709.0,62126237.3,-7351528.3,405610.5
2026-07-27,76,6931159.0,14654310.0,-7723151.0,315050.0
2026-07-27,44,140062309.7,147864859.0,-7802549.3,2291524.1
2026-07-27,5,18795805.5,27276110.3,-8480304.8,0.0
2026-07-27,41,87284017.4,96943102.4,-9659085.0,2322359.0
2026-07-27,66,19874744.2,30126761.2,-10252017.0,0.0
2026-07-27,3,33793145.3,44168482.0,-10375336.7,804843.8
2026-07-27,22,44872743.9,55367293.7,-10494549.8,707814.0
2026-07-27,10,17520974.0,28127159.0,-10606185.0,39506.0
2026-07-27,34,195012989.1,205924018.3,-10911029.2,17382545.5
2026-07-27,62,118825000.0,130444198.5,-11619198.5,7624369.6
2026-07-27,54,17300644.7,31333885.55,-14033240.85,173171.8
2026-07-27,51,36527421.1,50976786.8,-14449365.7,221472.2
2026-07-27,11,12143081.0,27088841.0,-14945760.0,81888.8
2026-07-27,18,16184076.0,31298114.3,-15114038.3,0.0
2026-07-27,95,30780160.2,47316172.5,-16536012.3,13220.0
2026-07-27,7,25313666.4,45962662.1,-20648995.7,64212.0
2026-07-27,71,46556654.3,67394057.5,-20837403.2,456000.0
2026-07-27,40,17202392.4,39528599.1,-22326206.7,7250.0
2026-07-27,28,42690554.6,66772283.31,-24081728.71,485111.2
2026-07-27,69,25190943.1,49910140.0,-24719196.9,508134.9
2026-07-27,57,142561241.4,167312960.2,-24751718.8,10128023.3
2026-07-27,75,24144069.6,50816673.1,-26672603.5,0.0
2026-07-27,32,93932923.1,125817554.9,-31884631.8,1288589.4
2026-07-27,8,45689169.2,81861725.4,-36172556.2,503832.4
2026-07-27,6,56808530.0,99079386.1,-42270856.1,1156075.1
2026-07-27,72,13128464.0,69244302.3,-56115838.3,0.0
2026-07-27,42,198879089.54,258939603.9,-60060514.36,9718542.4
2026-07-27,17,106110263.3,193078205.7,-86967942.4,3572573.0
2026-07-27,38,122015055.5,228104393.57,-106089338.07,8935860.9
2026-07-28,77,386786084.2,144808056.8,241978027.4,912304.0
2026-07-28,92,104182751.6,23186210.0,80996541.6,0.0
2026-07-28,41,168322038.2,107762429.1,60559609.1,3290283.6
2026-07-28,62,118114922.7,65059998.5,53054924.2,710937.4
2026-07-28,16,118613315.6,79097908.4,39515407.2,1005731.0
2026-07-28,39,145669111.97,112016488.0,33652623.97,3556234.9
2026-07-28,40,55235548.2,31300156.6,23935391.6,1809812.4
2026-07-28,61,27701526.5,6048501.5,21653025.0,0.0
2026-07-28,33,78744167.2,57399656.8,21344510.4,295951.2
2026-07-28,26,65619153.2,47489917.4,18129235.8,198284.0
2026-07-28,81,39048081.3,21238832.6,17809248.7,73991.0
2026-07-28,91,34074783.9,17176514.2,16898269.7,0.0
2026-07-28,95,38600103.5,22331851.4,16268252.1,734601.0
2026-07-28,88,69937078.1,53854398.9,16082679.2,843500.0
2026-07-28,4,85362484.0,69659801.8,15702682.2,1419721.2
2026-07-28,99,31256240.9,15826730.8,15429510.1,0.0
2026-07-28,69,34752337.96,19506314.0,15246023.96,1440.0
2026-07-28,44,147533719.2,133123824.7,14409894.5,7646069.7
2026-07-28,60,88984146.73,74624425.8,14359720.93,1827474.0
2026-07-28,29,61480838.4,48386066.6,13094771.8,548063.3
2026-07-28,86,29959037.5,16902246.1,13056791.4,0.0
2026-07-28,3,52545492.2,39817681.9,12727810.3,470181.0
2026-07-28,64,74843536.2,62203640.0,12639896.2,550276.8
2026-07-28,67,28825593.3,16796569.5,12029023.8,0.0
2026-07-28,19,46273112.0,37108440.7,9164671.3,131045.2
2026-07-28,74,75952126.7,67590755.8,8361370.9,692438.1
2026-07-28,14,102223592.2,94099180.3,8124411.9,2021277.4
2026-07-28,63,68783467.7,61498537.7,7284930.0,8637961.0
2026-07-28,65,34659930.2,27859891.4,6800038.8,0.0
2026-07-28,85,29479423.1,23445062.7,6034360.4,0.0
2026-07-28,100,24426025.9,18774791.8,5651234.1,0.0
2026-07-28,72,23661961.3,18280632.7,5381328.6,0.0
2026-07-28,84,31089051.6,25822495.6,5266556.0,5451.0
2026-07-28,35,118812838.74,113606778.9,5206059.84,2297334.1
2026-07-28,82,38133575.4,33191367.1,4942208.3,202400.0
2026-07-28,20,16698994.32,11771130.62,4927863.7,2332279.52
2026-07-28,21,61522096.5,56950549.6,4571546.9,460063.0
2026-07-28,97,5799986.2,2438229.2,3361757.0,0.0
2026-07-28,47,49783380.9,46636200.7,3147180.2,612557.0
2026-07-28,22,46269739.52,43750353.0,2519386.52,96922.0
2026-07-28,71,48857945.0,47316558.6,1541386.4,20646.0
2026-07-28,46,38753388.1,37219118.4,1534269.7,393551.0
2026-07-28,90,7590118.5,6302160.7,1287957.8,0.0
2026-07-28,18,16205708.7,14960404.5,1245304.2,0.0
2026-07-28,96,35375501.8,34690388.6,685113.2,28458.2
2026-07-28,37,14880369.2,14249893.0,630476.2,11824.0
2026-07-28,32,99560423.1,99857498.3,-297075.2,1823906.1
2026-07-28,93,641050.5,945900.0,-304849.5,0.0
2026-07-28,98,5944081.0,6428880.8,-484799.8,0.0
2026-07-28,76,165757173.4,166249212.3,-492038.9,1532640.0
2026-07-28,80,19635840.2,20131863.3,-496023.1,0.0
2026-07-28,79,213721.0,1498709.6,-1284988.6,0.0
2026-07-28,49,234306252.9,235988719.75,-1682466.85,71280360.4
2026-07-28,78,3017418.0,5004071.0,-1986653.0,0.0
2026-07-28,51,38659510.0,40711447.96,-2051937.96,277800.6
2026-07-28,59,59261465.4,61637884.6,-2376419.2,746588.7
2026-07-28,48,177713498.0,180292310.2,-2578812.2,3087467.4
2026-07-28,5,27461778.3,30499986.4,-3038208.1,44635.0
2026-07-28,68,12371050.7,16214611.7,-3843561.0,0.0
2026-07-28,83,25412419.4,30111543.8,-4699124.4,895205.6
2026-07-28,36,64158275.63,69041266.6,-4882990.97,1060552.0
2026-07-28,75,24767359.7,30231203.3,-5463843.6,7870.0
2026-07-28,70,18519696.6,24847209.7,-6327513.1,0.0
2026-07-28,8,40588483.3,47955439.45,-7366956.15,380230.0
2026-07-28,10,23557342.7,31554282.1,-7996939.4,19939.2
2026-07-28,89,11107787.1,19558400.5,-8450613.4,14085.0
2026-07-28,94,24247487.8,34893969.0,-10646481.2,5940.0
2026-07-28,50,59606903.1,70582136.4,-10975233.3,759280.8
2026-07-28,57,153695248.3,165235980.2,-11540731.9,4364268.0
2026-07-28,43,29898014.2,41590395.3,-11692381.1,319465.0
2026-07-28,56,71636184.4,83534903.4,-11898719.0,926501.0
2026-07-28,53,23000503.8,35214064.4,-12213560.6,258250.2
2026-07-28,11,15213941.3,28088359.0,-12874417.7,23088.5
2026-07-28,6,61739351.8,75546356.82,-13807005.02,2068703.0
2026-07-28,54,18061737.3,33086883.8,-15025146.5,149005.5
2026-07-28,13,41635789.7,56666360.32,-15030570.62,66052.0
2026-07-28,1,47809212.45,63198352.5,-15389140.05,513023.2
2026-07-28,7,37426974.6,53667042.8,-16240068.2,284185.0
2026-07-28,25,48144797.2,64906431.8,-16761634.6,329108.0
2026-07-28,66,23142139.3,43552782.8,-20410643.5,415153.0
2026-07-28,87,15323772.7,35864118.5,-20540345.8,5232.0
2026-07-28,38,125315938.2,151452775.0,-26136836.8,2948252.4
2026-07-28,52,65943358.45,109305820.9,-43362462.45,475952.7
2026-07-28,45,160767592.6,205578226.2,-44810633.6,3080677.6
2026-07-28,58,475221589.8,520380751.96,-45159162.16,41665493.8
2026-07-28,17,74097315.3,127387418.1,-53290102.8,1136467.9
2026-07-28,34,181364339.82,249981594.37,-68617254.55,16344302.7
2026-07-28,42,153426095.66,224812662.9,-71386567.24,5158125.8
2026-07-28,28,43838729.9,150431406.7,-106592676.8,167006.1
2026-07-28,101,54579946.9,212305288.1,-157725341.2,0.0
2026-07-29,58,468415901.07,368504390.2,99911510.87,35180959.7
2026-07-29,77,103012611.0,63403504.8,39609106.2,3187200.0
2026-07-29,14,91507364.9,53028939.8,38478425.1,174236.4
2026-07-29,92,86124618.1,49398049.7,36726568.4,30528680.0
2026-07-29,75,56538237.8,21136395.8,35401842.0,6100.0
2026-07-29,39,95048750.8,66596856.3,28451894.5,1343604.3
2026-07-29,43,53468180.21,26062099.3,27406080.91,295518.0
2026-07-29,62,97417399.2,70902998.5,26514400.7,1798838.8
2026-07-29,64,61405581.6,35467386.5,25938195.1,1540091.4
2026-07-29,35,114523047.5,89389827.28,25133220.22,8118457.0
2026-07-29,4,46063198.0,28440143.6,17623054.4,137562.0
2026-07-29,3,33205983.0,15843021.4,17362961.6,138074.3
2026-07-29,74,60057403.2,44048181.0,16009222.2,478589.4
2026-07-29,45,122668229.5,107640555.4,15027674.1,2084214.9
2026-07-29,44,94835053.6,79907408.7,14927644.9,3755002.5
2026-07-29,61,18262132.8,3769525.2,14492607.6,0.0
2026-07-29,57,121501389.7,108131027.5,13370362.2,2485108.1
2026-07-29,65,46085775.4,32854724.8,13231050.6,410955.2
2026-07-29,86,23757922.7,11312156.5,12445766.2,0.0
2026-07-29,82,35380592.6,23069560.3,12311032.3,1266853.4
2026-07-29,96,40936823.1,29825615.4,11111207.7,45674.0
2026-07-29,60,89064942.6,78020249.3,11044693.3,1642854.5
2026-07-29,84,22994675.5,13561906.6,9432768.9,245616.0
2026-07-29,81,32405513.5,23345044.7,9060468.8,224400.0
2026-07-29,48,122054647.1,113411867.1,8642780.0,4331476.4
2026-07-29,101,46949933.3,38431874.9,8518058.4,27195.0
2026-07-29,10,26786296.48,20217216.3,6569080.18,88210.5
2026-07-29,59,49491381.8,42949911.5,6541470.3,446493.0
2026-07-29,8,26881580.0,20665994.4,6215585.6,8700.0
2026-07-29,95,25186213.3,19008561.8,6177651.5,4708.0
2026-07-29,17,102359017.9,96303644.8,6055373.1,1962490.7
2026-07-29,20,7674531.4,1767103.0,5907428.4,0.0
2026-07-29,90,12948826.4,7203015.4,5745811.0,4132760.0
2026-07-29,7,27141778.8,22195689.4,4946089.4,195233.0
2026-07-29,32,75626189.8,70792239.6,4833950.2,1262421.0
2026-07-29,34,119106458.5,114812184.1,4294274.4,3612537.5
2026-07-29,46,20940894.01,16894202.69,4046691.32,18784.0
2026-07-29,98,7191935.1,3317556.0,3874379.1,0.0
2026-07-29,78,5025116.0,1225805.9,3799310.1,0.0
2026-07-29,91,17521749.0,14608778.1,2912970.9,10600.0
2026-07-29,83,18570654.9,15734834.3,2835820.6,32450.0
2026-07-29,67,17749111.31,15051390.0,2697721.31,645.0
2026-07-29,70,29187408.7,26968722.8,2218685.9,0.0
2026-07-29,99,26645231.7,24908966.1,1736265.6,0.0
2026-07-29,76,7363601.4,5862162.0,1501439.4,0.0
2026-07-29,52,52407750.7,51204723.2,1203027.5,151683.4
2026-07-29,37,8394366.4,7745567.4,648799.0,0.0
2026-07-29,41,159622535.0,159632286.6,-9751.6,11806277.0
2026-07-29,22,43566068.0,43632339.15,-66271.15,240150.8
2026-07-29,79,25126.4,136213.0,-111086.6,0.0
2026-07-29,63,42805818.1,42925107.5,-119289.4,14726541.1
2026-07-29,97,7521379.5,7959294.1,-437914.6,0.0
2026-07-29,33,60105201.7,60998719.9,-893518.2,823223.5
2026-07-29,85,8543829.7,10300866.8,-1757037.1,32603.3
2026-07-29,88,25064674.8,26883739.8,-1819065.0,68566.0
2026-07-29,53,15907538.6,18064526.9,-2156988.3,336610.0
2026-07-29,5,15632007.5,17889611.5,-2257604.0,44066.0
2026-07-29,11,16509012.3,19703037.6,-3194025.3,85604.2
2026-07-29,18,5192332.0,8588872.1,-3396540.1,5410.0
2026-07-29,47,25314018.2,29591693.5,-4277675.3,131321.0
2026-07-29,68,8318579.8,14014380.0,-5695800.2,0.0
2026-07-29,93,20149.0,6631023.7,-6610874.7,0.0
2026-07-29,89,16497131.1,23541580.7,-7044449.6,32550.0
2026-07-29,42,116795922.3,124396659.46,-7600737.16,4365200.6
2026-07-29,26,64648308.2,72343092.3,-7694784.1,1546894.8
2026-07-29,54,10182223.5,17891891.5,-7709668.0,6211.0
2026-07-29,21,35983194.6,44610788.5,-8627593.9,160762.0
2026-07-29,29,27951804.6,37876411.5,-9924606.9,138628.0
2026-07-29,16,33767341.34,44534193.4,-10766852.06,2416893.5
2026-07-29,1,32930704.5,44945395.8,-12014691.3,193066.5
2026-07-29,100,25811385.0,37937459.8,-12126074.8,52146.8
2026-07-29,69,39881390.4,53086127.4,-13204737.0,601690.0
2026-07-29,25,38280249.8,54422163.2,-16141913.4,466496.5
2026-07-29,40,27685553.4,44086727.9,-16401174.5,462560.0
2026-07-29,13,26630328.7,44865623.21,-18235294.51,708051.2
2026-07-29,87,22082306.2,42095549.8,-20013243.6,310050.0
2026-07-29,36,45755923.3,66690891.2,-20934967.9,2099874.0
2026-07-29,50,26711750.2,48437317.0,-21725566.8,201877.9
2026-07-29,19,22038714.99,45595626.1,-23556911.11,109285.0
2026-07-29,51,32891109.7,59026881.9,-26135772.2,77143.0
2026-07-29,66,17098237.56,44249986.5,-27151748.94,44839.0
2026-07-29,6,61310644.9,88662809.4,-27352164.5,3047076.2
2026-07-29,72,7706673.4,35082514.9,-27375841.5,0.0
2026-07-29,28,65904083.2,99318151.9,-33414068.7,16310745.0
2026-07-29,49,97483938.7,134245078.7,-36761140.0,2963141.8
2026-07-29,38,76139973.6,112970196.9,-36830223.3,1856487.0
2026-07-29,94,34426957.1,72528919.38,-38101962.28,13184586.6
2026-07-29,80,18630696.4,64980114.3,-46349417.9,11247.0
2026-07-29,56,46632221.5,93664243.1,-47032021.6,3047078.0
2026-07-29,71,52857037.0,112756729.9,-59899692.9,203316.0
2026-07-30,92,140270153.5,31079731.2,109190422.3,0.0
2026-07-30,43,93909626.0,20120627.05,73788998.95,4530.0
2026-07-30,49,172015027.4,133445713.3,38569314.1,19375425.9
2026-07-30,64,64134377.6,27996040.8,36138336.8,175600.0
2026-07-30,39,98713703.58,68358918.0,30354785.58,3104640.4
2026-07-30,44,117226298.2,88914294.9,28312003.3,15892061.3
2026-07-30,52,63845205.9,38315471.5,25529734.4,165750.0
2026-07-30,69,43973181.3,21686487.4,22286693.9,0.0
2026-07-30,80,49684494.7,28160247.5,21524247.2,90720.0
2026-07-30,101,39987731.4,20134510.0,19853221.4,0.0
2026-07-30,88,130000044.6,110760750.0,19239294.6,38662130.8
2026-07-30,74,69266539.7,50417270.5,18849269.2,1539214.8
2026-07-30,96,35342974.4,18872266.3,16470708.1,149693.0
2026-07-30,84,21162492.9,7521399.7,13641093.2,0.0
2026-07-30,20,22377349.6,10015800.7,12361548.9,7810795.0
2026-07-30,86,20153044.2,8644146.6,11508897.6,0.0
2026-07-30,63,42863943.1,31440719.4,11423223.7,1500590.0
2026-07-30,32,61569090.9,51233151.68,10335939.22,1552094.6
2026-07-30,71,60189643.5,51065114.7,9124528.8,184573.0
2026-07-30,51,36906800.7,27796543.1,9110257.6,88172.0
2026-07-30,59,32639774.7,23589700.3,9050074.4,333109.3
2026-07-30,45,104305555.9,96840791.8,7464764.1,2304486.6
2026-07-30,57,86970876.81,79967813.4,7003063.41,1650401.6
2026-07-30,67,16439748.0,9840580.9,6599167.1,0.0
2026-07-30,83,29967782.0,23424613.8,6543168.2,0.0
2026-07-30,8,21944687.2,15510592.3,6434094.9,513890.5
2026-07-30,14,77884408.65,71492487.35,6391921.3,699885.0
2026-07-30,18,12075260.9,5747649.8,6327611.1,8932.0
2026-07-30,46,48640723.6,42844148.1,5796575.5,738180.0
2026-07-30,29,40141159.9,35092012.8,5049147.1,800143.0
2026-07-30,75,20859604.3,15867287.1,4992317.2,14100.0
2026-07-30,48,104629710.8,100026159.9,4603550.9,2877236.4
2026-07-30,100,13645250.2,9863791.1,3781459.1,0.0
2026-07-30,90,7932624.0,4283883.6,3648740.4,1346010.0
2026-07-30,50,36376350.8,33129355.8,3246995.0,103192.0
2026-07-30,21,36927444.05,34110741.1,2816702.95,491823.5
2026-07-30,40,16529944.1,13995293.3,2534650.8,47291.4
2026-07-30,68,8698536.4,6886628.2,1811908.2,0.0
2026-07-30,98,3549214.0,2514787.8,1034426.2,0.0
2026-07-30,91,17056621.2,16036037.4,1020583.8,0.0
2026-07-30,97,6370011.9,5609430.8,760581.1,0.0
2026-07-30,81,36097420.4,35688965.3,408455.1,1303768.0
2026-07-30,78,1173062.8,1139424.6,33638.2,0.0
2026-07-30,7,29499323.1,29473739.0,25584.1,11100.0
2026-07-30,76,2536937.0,2523312.7,13624.3,0.0
2026-07-30,94,19812512.8,19859931.3,-47418.5,4800.0
2026-07-30,85,10509143.2,10657480.8,-148337.6,0.0
2026-07-30,10,9953007.7,10214880.1,-261872.4,0.0
2026-07-30,79,252005.0,718244.0,-466239.0,0.0
2026-07-30,19,24076100.5,24548736.2,-472635.7,1195754.0
2026-07-30,61,3261684.0,3774649.2,-512965.2,0.0
2026-07-30,1,39729033.9,40888716.3,-1159682.4,249800.0
2026-07-30,33,43488631.0,44773219.3,-1284588.3,11817157.6
2026-07-30,56,52373945.1,53792693.9,-1418748.8,268535.8
2026-07-30,60,78017352.0,79899519.0,-1882167.0,5402383.3
2026-07-30,37,11432954.4,13838321.7,-2405367.3,21464.0
2026-07-30,11,11551721.0,14090617.9,-2538896.9,652500.0
2026-07-30,95,18395033.4,21314433.8,-2919400.4,766568.0
2026-07-30,26,43969184.6,47041200.9,-3072016.3,1058110.0
2026-07-30,13,31096120.7,34323246.8,-3227126.1,324475.5
2026-07-30,41,44144062.5,47616390.6,-3472328.1,1018900.2
2026-07-30,16,40399488.0,44006295.5,-3606807.5,41032.1
2026-07-30,25,35276280.7,39528043.6,-4251762.9,556572.0
2026-07-30,82,10149157.0,14927933.8,-4778776.8,0.0
2026-07-30,36,35587755.8,40411483.55,-4823727.75,497126.1
2026-07-30,5,13766200.5,19054582.2,-5288381.7,25564.0
2026-07-30,93,2603430.5,8487588.8,-5884158.3,0.0
2026-07-30,17,76369395.49,82345073.2,-5975677.71,3087771.4
2026-07-30,4,30957735.7,37543504.0,-6585768.3,501900.0
2026-07-30,65,21459616.7,28255195.6,-6795578.9,5840.0
2026-07-30,99,14130876.0,21620690.0,-7489814.0,166500.0
2026-07-30,70,21511714.8,29332825.1,-7821110.3,77912.0
2026-07-30,6,43689646.8,52081621.4,-8391974.6,152178.0
2026-07-30,89,5524270.2,15229399.0,-9705128.8,14494.0
2026-07-30,3,24652397.6,35498026.4,-10845628.8,352980.0
2026-07-30,62,67919887.6,79007935.3,-11088047.7,2660927.0
2026-07-30,54,9838140.9,24291721.4,-14453580.5,6000.0
2026-07-30,42,122968047.2,138077815.2,-15109768.0,14003732.4
2026-07-30,22,35160997.7,50859959.4,-15698961.7,581148.8
2026-07-30,87,37950841.2,55405663.9,-17454822.7,88200.0
2026-07-30,28,34388252.6,52883592.7,-18495340.1,6714248.0
2026-07-30,77,93736990.8,113222674.4,-19485683.6,459430.6
2026-07-30,35,62201755.14,82702407.17,-20500652.03,4314005.0
2026-07-30,53,10562784.3,31321249.8,-20758465.5,323601.4
2026-07-30,47,19040424.6,43958168.3,-24917743.7,167788.0
2026-07-30,66,6784506.0,31837902.5,-25053396.5,206370.0
2026-07-30,72,6880519.5,37820587.7,-30940068.2,0.0
2026-07-30,34,150005928.6,219361504.24,-69355575.64,3997097.2
2026-07-30,38,57801114.25,141025716.3,-83224602.05,2141704.4
2026-07-30,58,298015525.61,428950054.64,-130934529.03,28755502.9
2026-07-31,91,64041029.8,19882944.4,44158085.4,539855.2
2026-07-31,74,68514092.8,37534005.0,30980087.8,519651.0
2026-07-31,49,120349352.97,90507750.0,29841602.97,1447002.0
2026-07-31,92,55763104.1,28048725.4,27714378.7,0.0
2026-07-31,39,59801255.6,33758954.8,26042300.8,316719.0
2026-07-31,16,51004518.7,25242547.9,25761970.8,91665.9
2026-07-31,17,71276536.1,45690362.1,25586174.0,826878.0
2026-07-31,47,31693605.9,14321430.8,17372175.1,225606.0
2026-07-31,64,38719927.8,21493481.8,17226446.0,1601850.0
2026-07-31,80,31134832.5,15014793.6,16120038.9,739610.0
2026-07-31,32,68923323.2,53090818.8,15832504.4,847016.0
2026-07-31,57,94134453.4,78664197.4,15470256.0,2567178.2
2026-07-31,44,85008743.0,70330301.9,14678441.1,8892477.9
2026-07-31,35,67232732.1,52849818.2,14382913.9,839080.0
2026-07-31,96,25791038.1,11614870.58,14176167.52,421800.0
2026-07-31,100,23356283.8,9239939.4,14116344.4,0.0
2026-07-31,62,79777206.6,66749606.0,13027600.6,6818396.1
2026-07-31,88,20214224.9,8281151.2,11933073.7,1227450.0
2026-07-31,8,25667281.4,14355722.6,11311558.8,27813.5
2026-07-31,43,25944491.8,15057228.0,10887263.8,67854.0
2026-07-31,71,34229788.4,23918917.2,10310871.2,0.0
2026-07-31,40,16214771.9,7845667.8,8369104.1,5992.0
2026-07-31,70,17892102.8,10477103.0,7414999.8,0.0
2026-07-31,5,18882106.9,11669502.8,7212604.1,70011.0
2026-07-31,4,36117333.58,29033089.6,7084243.98,782585.0
2026-07-31,51,24390358.0,18208121.2,6182236.8,254628.4
2026-07-31,95,20002187.3,13949080.3,6053107.0,0.0
2026-07-31,84,13684331.7,7810174.1,5874157.6,0.0
2026-07-31,10,10917486.9,5354340.6,5563146.3,0.0
2026-07-31,37,11425353.4,6059667.5,5365685.9,0.0
2026-07-31,18,9102002.3,4363707.1,4738295.2,0.0
2026-07-31,67,14867722.0,10483125.1,4384596.9,0.0
2026-07-31,56,58939251.3,54955937.7,3983313.6,3553327.9
2026-07-31,86,7253933.6,3551167.2,3702766.4,0.0
2026-07-31,90,7259384.5,3958717.5,3300667.0,1792500.0
2026-07-31,20,28714233.0,25610553.1,3103679.9,20959648.8
2026-07-31,69,30584561.0,28000745.4,2583815.6,0.0
2026-07-31,11,9764289.1,7372709.4,2391579.7,5871.0
2026-07-31,98,3529549.0,1177581.0,2351968.0,899750.0
2026-07-31,61,9139838.7,6813502.9,2326335.8,0.0
2026-07-31,101,20028377.3,17828944.6,2199432.7,0.0
2026-07-31,54,10363488.0,8181508.2,2181979.8,13454.5
2026-07-31,60,50534797.0,48798820.3,1735976.7,515050.0
2026-07-31,75,19239589.0,17815133.6,1424455.4,0.0
2026-07-31,87,19393756.7,18012136.9,1381619.8,264959.5
2026-07-31,22,37024832.6,35834143.58,1190689.02,1192653.2
2026-07-31,83,15118673.5,13991105.4,1127568.1,0.0
2026-07-31,52,59336382.98,58339799.0,996583.98,747619.7
2026-07-31,63,58337469.8,57494585.3,842884.5,10619620.0
2026-07-31,65,26000659.7,25350818.3,649841.4,391380.0
2026-07-31,78,1244056.7,631383.1,612673.6,0.0
2026-07-31,19,23689530.3,23138815.9,550714.4,445447.0
2026-07-31,6,54649178.5,54303971.6,345206.9,439976.4
2026-07-31,97,4973017.5,4766360.2,206657.3,0.0
2026-07-31,41,42167014.2,42107989.0,59025.2,370791.0
2026-07-31,85,8528794.0,8861854.4,-333060.4,317538.0
2026-07-31,53,13577136.0,13930839.7,-353703.7,3453.0
2026-07-31,28,37141431.08,37552542.2,-411111.12,1016582.0
2026-07-31,99,8183139.8,8641189.6,-458049.8,0.0
2026-07-31,79,729562.0,1400769.6,-671207.6,0.0
2026-07-31,66,18290385.36,19193605.4,-903220.04,0.0
2026-07-31,68,6232592.8,7486709.1,-1254116.3,0.0
2026-07-31,34,109671816.6,111116164.4,-1444347.8,2670675.1
2026-07-31,33,36811598.9,39391494.15,-2579895.25,75000.0
2026-07-31,59,21987767.9,25716637.7,-3728869.8,79122.9
2026-07-31,7,24804512.2,29285891.8,-4481379.6,260282.5
2026-07-31,21,38109905.52,43318954.6,-5209049.08,2551487.6
2026-07-31,36,42288040.3,48348097.47,-6060057.17,1256953.0
2026-07-31,89,9597672.9,15769763.5,-6172090.6,0.0
2026-07-31,13,19968316.4,27462469.8,-7494153.4,168639.0
2026-07-31,50,30184865.9,40057836.1,-9872970.2,293308.0
2026-07-31,81,43617022.6,53744604.9,-10127582.3,12838684.7
2026-07-31,3,22539878.0,32868921.5,-10329043.5,52050.2
2026-07-31,1,27627808.3,38642609.4,-11014801.1,64229.6
2026-07-31,25,30727395.0,43385379.1,-12657984.1,299490.1
2026-07-31,77,48250780.5,61915816.8,-13665036.3,330770.0
2026-07-31,76,53444312.5,67737401.1,-14293088.6,30829.0
2026-07-31,82,11312093.7,26671221.9,-15359128.2,80178.0
2026-07-31,48,83327414.2,99287150.8,-15959736.6,1689140.1
2026-07-31,29,27746697.6,45296583.9,-17549886.3,44821.6
2026-07-31,45,96020228.8,115495791.1,-19475562.3,5466356.4
2026-07-31,42,118155657.4,138156210.28,-20000552.88,3315010.9
2026-07-31,14,58538411.8,89217340.26,-30678928.46,1441483.2
2026-07-31,94,32275120.9,62969083.9,-30693963.0,12696992.2
2026-07-31,72,6688092.6,37538006.3,-30849913.7,50400.0
2026-07-31,46,18006783.4,56998449.0,-38991665.6,868510.0
2026-07-31,38,76147697.08,115185647.6,-39037950.52,1633836.5
2026-07-31,26,34193775.8,87107904.1,-52914128.3,1773466.0
2026-07-31,58,231158966.45,311908088.2,-80749121.75,23235282.9
2026-08-03,58,383910133.66,280638603.87,103271529.79,31623666.12
2026-08-03,92,72397594.2,9479745.4,62917848.8,222000.0
2026-08-03,49,147601466.35,108532214.9,39069251.45,6113124.1
2026-08-03,94,52335881.0,16328956.2,36006924.8,36700.0
2026-08-03,87,48353798.2,17310078.5,31043719.7,0.0
2026-08-03,64,64494481.9,35159488.3,29334993.6,1366178.5
2026-08-03,65,43952692.8,17559680.4,26393012.4,183753.0
2026-08-03,91,32983354.2,9517400.0,23465954.2,0.0
2026-08-03,17,65806001.3,44422558.6,21383442.7,1663891.5
2026-08-03,61,23025574.0,2593457.8,20432116.2,84400.0
2026-08-03,101,37838893.7,20074561.8,17764331.9,0.0
2026-08-03,42,133234952.8,118253600.4,14981352.4,2932864.9
2026-08-03,20,24554530.9,11782652.8,12771878.1,993270.0
2026-08-03,84,17223590.3,4698000.0,12525590.3,0.0
2026-08-03,51,27714063.7,15377944.9,12336118.8,40740.0
2026-08-03,59,34418181.9,23312178.3,11106003.6,184382.0
2026-08-03,28,39798262.9,30281769.7,9516493.2,123290.0
2026-08-03,56,57929562.5,48473241.1,9456321.4,1095123.0
2026-08-03,83,28281911.9,18846614.1,9435297.8,0.0
2026-08-03,38,76623464.0,67431695.3,9191768.7,1271148.7
2026-08-03,74,51942091.2,44727397.99,7214693.21,911762.3
2026-08-03,4,92744019.2,85639633.7,7104385.5,57598329.1
2026-08-03,69,15656101.1,8807524.3,6848576.8,0.0
2026-08-03,85,11785663.0,5236922.8,6548740.2,164330.8
2026-08-03,48,105178329.2,99984856.0,5193473.2,3551298.4
2026-08-03,76,9711205.3,4736972.7,4974232.6,0.0
2026-08-03,35,98374371.4,93480281.9,4894089.5,4185068.2
2026-08-03,72,13091708.6,8514759.0,4576949.6,7851.0
2026-08-03,22,28098997.9,23545959.85,4553038.05,106144.3
2026-08-03,60,39437100.5,35008302.3,4428798.2,4164.0
2026-08-03,13,31754965.5,27403485.8,4351479.7,1012637.9
2026-08-03,97,8262350.4,4435697.0,3826653.4,0.0
2026-08-03,67,26100209.5,22744201.8,3356007.7,223900.0
2026-08-03,53,18282262.1,15177510.2,3104751.9,0.0
2026-08-03,100,19226778.8,16205045.4,3021733.4,0.0
2026-08-03,40,18940370.3,15939866.6,3000503.7,0.0
2026-08-03,80,20939905.0,18349357.8,2590547.2,389000.0
2026-08-03,47,24577332.5,22205562.6,2371769.9,74129.0
2026-08-03,54,9927006.9,7764254.9,2162752.0,15276.6
2026-08-03,10,13593306.0,11450818.5,2142487.5,17680.0
2026-08-03,26,51264916.1,50267452.1,997464.0,1676977.8
2026-08-03,95,22769271.1,21793567.4,975703.7,0.0
2026-08-03,68,5202879.5,4453170.3,749709.2,0.0
2026-08-03,86,25057147.3,24375512.2,681635.1,2626740.0
2026-08-03,90,6245021.3,5657712.9,587308.4,961480.0
2026-08-03,18,10332322.2,9759134.6,573187.6,0.0
2026-08-03,98,914712.0,353440.0,561272.0,0.0
2026-08-03,78,2430581.1,1904634.6,525946.5,0.0
2026-08-03,99,8750179.0,8226618.8,523560.2,56850.0
2026-08-03,79,83581.0,382387.0,-298806.0,0.0
2026-08-03,88,12338208.9,12730540.8,-392331.9,0.0
2026-08-03,71,27021168.3,27544419.6,-523251.3,0.0
2026-08-03,1,31101212.6,31957446.5,-856233.9,330780.0
2026-08-03,63,58459014.4,59461265.1,-1002250.7,2095558.5
2026-08-03,37,5169051.6,7353931.5,-2184879.9,0.0
2026-08-03,32,86804232.7,89060648.56,-2256415.86,778226.4
2026-08-03,14,63047448.0,65845361.7,-2797913.7,329927.0
2026-08-03,46,18331244.8,21146085.4,-2814840.6,89629.0
2026-08-03,75,16920807.7,20077006.2,-3156198.5,5322.0
2026-08-03,43,20394471.6,25272116.6,-4877645.0,301303.0
2026-08-03,19,24523521.3,29419449.3,-4895928.0,5270.0
2026-08-03,41,70146821.4,75170308.2,-5023486.8,26512677.5
2026-08-03,89,16393735.5,21439217.2,-5045481.7,7320.0
2026-08-03,57,68310985.5,73447529.9,-5136544.4,1343586.9
2026-08-03,21,38894726.56,45330436.6,-6435710.04,862965.1
2026-08-03,3,23593415.3,30484516.5,-6891101.2,117695.0
2026-08-03,11,8812516.5,16130763.4,-7318246.9,52365.0
2026-08-03,36,43962948.9,52662997.64,-8700048.74,556069.5
2026-08-03,39,65698559.2,75793942.9,-10095383.7,3161371.0
2026-08-03,5,10338704.4,20710011.7,-10371307.3,6240.0
2026-08-03,82,30764052.1,41221983.9,-10457931.8,36750.0
2026-08-03,33,26368494.7,36951132.3,-10582637.6,9700.0
2026-08-03,93,3532704.7,14792994.9,-11260290.2,0.0
2026-08-03,25,28086062.95,40113619.6,-12027556.65,54970.0
2026-08-03,96,21857843.3,34520392.4,-12662549.1,47702.0
2026-08-03,16,34525832.1,47368260.1,-12842428.0,525571.0
2026-08-03,66,6096103.1,19319338.2,-13223235.1,0.0
2026-08-03,6,32920435.95,46384905.0,-13464469.05,82101.0
2026-08-03,44,67656402.99,82647345.9,-14990942.91,3980988.9
2026-08-03,70,31314257.3,48452749.6,-17138492.3,137066.1
2026-08-03,29,23021199.9,42170045.4,-19148845.5,54259.8
2026-08-03,81,21888883.0,42448257.5,-20559374.5,221730.0
2026-08-03,62,74122544.5,95454117.0,-21331572.5,12366020.0
2026-08-03,7,24652974.6,52200167.9,-27547193.3,3341899.0
2026-08-03,50,41935125.5,73962406.5,-32027281.0,1589767.0
2026-08-03,34,136516341.5,174284281.9,-37767940.4,12958900.8
2026-08-03,52,39480980.0,80974636.15,-41493656.15,4883470.1
2026-08-03,45,109528238.9,155763306.4,-46235067.5,2107856.3
2026-08-03,8,13627569.8,61636068.9,-48008499.1,123990.0
2026-08-03,77,74721232.0,165693950.0,-90972718.0,2911890.0
2026-08-04,92,94082734.8,24206578.1,69876156.7,5655636.0
2026-08-04,91,85232179.3,24679573.3,60552606.0,1662807.0
2026-08-04,87,101304777.6,53587284.2,47717493.4,116802.0
2026-08-04,58,563086780.83,516268023.4,46818757.43,104471547.9
2026-08-04,62,102484514.4,67646242.4,34838272.0,11201024.0
2026-08-04,60,86916910.6,60327664.5,26589246.1,697724.8
2026-08-04,38,104479015.7,79213413.7,25265602.0,2002998.9
2026-08-04,65,46020880.3,23487129.5,22533750.8,134970.0
2026-08-04,88,34811549.6,13604877.0,21206672.6,4696.0
2026-08-04,44,121521783.9,102219742.6,19302041.3,10723660.6
2026-08-04,29,67148386.7,53624753.1,13523633.6,1953635.7
2026-08-04,71,43827687.0,30569081.8,13258605.2,0.0
2026-08-04,82,39475072.6,27012026.2,12463046.4,78724.2
2026-08-04,80,35690439.1,23370260.9,12320178.2,82380.0
2026-08-04,39,97633552.9,85427133.9,12206419.0,7834354.0
2026-08-04,33,46862975.5,34897971.19,11965004.31,383786.6
2026-08-04,86,21086717.3,9194337.0,11892380.3,454590.0
2026-08-04,72,22697905.2,10810343.7,11887561.5,128821.0
2026-08-04,81,33391732.8,21616221.7,11775511.1,1026220.0
2026-08-04,84,23629658.6,12321962.5,11307696.1,0.0
2026-08-04,53,31904029.6,21128372.4,10775657.2,97463.0
2026-08-04,48,123270877.0,114141017.7,9129859.3,2497209.7
2026-08-04,10,15093845.4,6236642.9,8857202.5,0.0
2026-08-04,26,60226929.79,51507360.4,8719569.39,275957.6
2026-08-04,21,75370974.37,67223496.2,8147478.17,3587693.0
2026-08-04,42,142409637.0,134699438.29,7710198.71,5073623.2
2026-08-04,46,32434284.47,24894436.1,7539848.37,553185.0
2026-08-04,74,63606922.0,57060930.3,6545991.7,730671.6
2026-08-04,70,30931203.1,25372923.3,5558279.8,292000.0
2026-08-04,41,56215301.4,50671806.8,5543494.6,551214.0
2026-08-04,47,27701255.3,22582518.2,5118737.1,548269.4
2026-08-04,40,18396611.8,13511442.5,4885169.3,6855.0
2026-08-04,7,39605887.8,35185278.1,4420609.7,116787.4
2026-08-04,19,34617989.1,30291173.0,4326816.1,444661.8
2026-08-04,25,42154292.9,37985747.4,4168545.5,541422.3
2026-08-04,1,47366413.75,43562916.8,3803496.95,425640.0
2026-08-04,51,30556159.4,28536679.6,2019479.8,25615.5
2026-08-04,56,66338592.2,64421992.5,1916599.7,1579215.8
2026-08-04,97,7605451.0,5989514.0,1615937.0,0.0
2026-08-04,89,12897821.4,11508283.3,1389538.1,19260.0
2026-08-04,28,70186458.67,68978287.2,1208171.47,334455.0
2026-08-04,85,8578678.0,7462101.1,1116576.9,42160.0
2026-08-04,79,1912673.5,922975.7,989697.8,0.0
2026-08-04,18,10893479.5,10054742.4,838737.1,9050.0
2026-08-04,68,7373826.3,6751484.0,622342.3,0.0
2026-08-04,90,8110738.0,7923457.4,187280.6,3663700.0
2026-08-04,61,3831628.0,4044611.7,-212983.7,0.0
2026-08-04,13,34203248.1,34476590.2,-273342.1,140930.3
2026-08-04,99,21182754.7,21712835.9,-530081.2,0.0
2026-08-04,96,19680864.7,20344626.4,-663761.7,28500.0
2026-08-04,78,913045.2,1676584.3,-763539.1,0.0
2026-08-04,98,16011976.0,16784910.0,-772934.0,13469857.0
2026-08-04,37,11145420.0,12015048.1,-869628.1,0.0
2026-08-04,54,11690857.1,12670084.4,-979227.3,13894.0
2026-08-04,8,32280443.4,33379986.38,-1099542.98,37415.0
2026-08-04,20,19972578.5,21486450.4,-1513871.9,17475690.0
2026-08-04,67,22455353.9,24408017.14,-1952663.24,0.0
2026-08-04,5,13981638.2,16643931.92,-2662293.72,78470.0
2026-08-04,94,17815899.5,20495714.4,-2679814.9,5581000.0
2026-08-04,11,12888735.7,15858652.8,-2969917.1,34750.0
2026-08-04,36,41388927.1,45722629.6,-4333702.5,482278.5
2026-08-04,63,46979673.4,51781612.1,-4801938.7,651824.0
2026-08-04,100,13121934.2,18210926.8,-5088992.6,1711328.0
2026-08-04,75,35962771.8,41135121.1,-5172349.3,0.0
2026-08-04,95,15655572.7,21070644.7,-5415072.0,28996.3
2026-08-04,35,90863705.9,97384563.8,-6520857.9,1156789.9
2026-08-04,32,56952664.0,64367168.67,-7414504.67,509671.4
2026-08-04,83,9827013.9,18139220.9,-8312207.0,0.0
2026-08-04,59,39154181.3,47702005.6,-8547824.3,233517.0
2026-08-04,14,88557594.32,99331522.7,-10773928.38,511528.3
2026-08-04,43,26578492.3,38221356.3,-11642864.0,404570.5
2026-08-04,3,19647489.7,31779333.0,-12131843.3,0.0
2026-08-04,4,30575926.6,43048826.26,-12472899.66,362015.6
2026-08-04,16,52146196.2,64649493.3,-12503297.1,1501065.9
2026-08-04,49,139603880.0,152145258.8,-12541378.8,3734513.3
2026-08-04,22,39515525.3,55761110.7,-16245585.4,632346.0
2026-08-04,66,13961991.6,30561189.9,-16599198.3,50760.0
2026-08-04,57,86968215.7,104060784.1,-17092568.4,4247515.5
2026-08-04,52,52604559.8,69978123.65,-17373563.85,774081.6
2026-08-04,101,39300530.9,57389277.3,-18088746.4,0.0
2026-08-04,45,120578969.7,140089074.0,-19510104.3,4173745.9
2026-08-04,76,10862798.7,34614050.3,-23751251.6,57000.0
2026-08-04,69,32733128.9,57682063.6,-24948934.7,735334.0
2026-08-04,64,36386933.9,61731055.2,-25344121.3,561736.0
2026-08-04,34,106360963.1,133191844.3,-26830881.2,3092910.4
2026-08-04,50,37566414.2,75754198.2,-38187784.0,136087.5
2026-08-04,6,65264692.2,106678729.0,-41414036.8,956243.8
2026-08-04,17,82054555.1,126330499.7,-44275944.6,2780592.6
2026-08-04,93,119289.0,53256906.0,-53137617.0,0.0
2026-08-04,77,51971056.3,138004326.4,-86033270.1,500260.0
2026-08-05,58,403103654.65,321302971.73,81800682.92,25928964.2
2026-08-05,92,97112760.8,25118705.6,71994055.2,0.0
2026-08-05,46,79819968.12,22741989.7,57077978.42,1329405.0
2026-08-05,56,110347134.1,57479142.6,52867991.5,4341417.0
2026-08-05,32,139540118.7,87673625.7,51866493.0,11032795.5
2026-08-05,93,45474795.9,640924.0,44833871.9,0.0
2026-08-05,20,56736584.7,21996939.3,34739645.4,9374020.1
2026-08-05,63,88218640.8,58802982.0,29415658.8,4788293.0
2026-08-05,52,59616114.6,36252076.8,23364037.8,724669.0
2026-08-05,100,31299144.9,9423972.1,21875172.8,0.0
2026-08-05,64,51751374.4,33018262.1,18733112.3,1342090.0
2026-08-05,71,53106356.4,35561871.6,17544484.8,194734.0
2026-08-05,81,30362281.8,17276824.0,13085457.8,852984.0
2026-08-05,75,24426247.2,11986088.2,12440159.0,0.0
2026-08-05,39,66462022.4,54048776.5,12413245.9,559165.2
2026-08-05,8,27708046.1,16317247.0,11390799.1,5325.0
2026-08-05,80,39708445.0,28990736.8,10717708.2,408980.0
2026-08-05,91,27948629.5,17673266.7,10275362.8,0.0
2026-08-05,3,22578319.3,13490127.6,9088191.7,14237.1
2026-08-05,67,29974297.1,21262391.8,8711905.3,642816.0
2026-08-05,72,16783885.1,8282421.2,8501463.9,899000.0
2026-08-05,11,23232449.9,14962360.3,8270089.6,50517.6
2026-08-05,82,19369290.9,11203545.0,8165745.9,0.0
2026-08-05,1,40054374.6,33654921.3,6399453.3,1236560.0
2026-08-05,13,27653351.9,21779589.6,5873762.3,323237.0
2026-08-05,43,23060703.2,17492609.2,5568094.0,0.0
2026-08-05,40,18585949.2,13116732.6,5469216.6,111758.5
2026-08-05,89,16264522.7,11050550.3,5213972.4,0.0
2026-08-05,86,10964032.4,5995236.3,4968796.1,0.0
2026-08-05,90,10278729.8,6368678.0,3910051.8,1716800.0
2026-08-05,99,16146549.7,12428835.0,3717714.7,0.0
2026-08-05,83,13904332.6,10357344.7,3546987.9,0.0
2026-08-05,70,27765381.0,24568065.5,3197315.5,60000.0
2026-08-05,94,19318749.1,17082179.2,2236569.9,497100.0
2026-08-05,95,21818867.4,19609828.1,2209039.3,76626.0
2026-08-05,37,8705699.3,6627220.2,2078479.1,0.0
2026-08-05,60,55252722.7,53187626.2,2065096.5,400189.0
2026-08-05,57,89442737.4,87386149.35,2056588.05,1016443.7
2026-08-05,78,2632870.0,933023.0,1699847.0,0.0
2026-08-05,88,7307534.4,5949717.1,1357817.3,0.0
2026-08-05,47,26559834.9,25442713.8,1117121.1,106243.0
2026-08-05,10,11501406.0,10410899.7,1090506.3,51584.0
2026-08-05,41,73461988.2,72673721.6,788266.6,1325973.7
2026-08-05,69,20321040.4,19586125.0,734915.4,0.0
2026-08-05,48,108168703.4,107469679.5,699023.9,6594818.8
2026-08-05,68,8253070.7,7559382.8,693687.9,0.0
2026-08-05,85,13557512.6,12951196.8,606315.8,0.0
2026-08-05,79,409855.9,339159.7,70696.2,0.0
2026-08-05,98,2157513.8,2257325.0,-99811.2,0.0
2026-08-05,42,139216085.5,139573918.8,-357833.3,5710480.2
2026-08-05,96,23642063.9,24091664.9,-449601.0,0.0
2026-08-05,97,4802955.7,5255870.9,-452915.2,0.0
2026-08-05,29,36657422.9,37193090.1,-535667.2,148896.8
2026-08-05,18,10347289.3,11541542.4,-1194253.1,0.0
2026-08-05,101,25018948.8,26331929.4,-1312980.6,0.0
2026-08-05,21,41299720.0,42651784.6,-1352064.6,179398.6
2026-08-05,4,41767009.7,43238724.5,-1471714.8,255582.4
2026-08-05,35,74883935.5,76632312.8,-1748377.3,1443940.0
2026-08-05,66,7325860.4,9263305.7,-1937445.3,14625.0
2026-08-05,26,42081267.65,44398462.8,-2317195.15,382075.0
2026-08-05,54,8106678.8,10609431.0,-2502752.2,5236.0
2026-08-05,53,19322645.9,22123696.6,-2801050.7,201592.0
2026-08-05,5,12553153.0,16028454.2,-3475301.2,96471.0
2026-08-05,74,53913230.0,57512632.6,-3599402.6,592119.7
2026-08-05,77,31912726.6,35630499.6,-3717773.0,769991.1
2026-08-05,14,82843692.55,86710648.5,-3866955.95,1984304.5
2026-08-05,65,35152322.5,40298960.0,-5146637.5,549197.4
2026-08-05,59,26753291.2,32246882.0,-5493590.8,497355.6
2026-08-05,84,13634864.8,21080818.7,-7445953.9,10360.0
2026-08-05,50,45589864.5,53613484.8,-8023620.3,137353.3
2026-08-05,16,30927487.5,39671207.5,-8743720.0,281758.0
2026-08-05,36,32518447.5,41420557.57,-8902110.07,1306042.2
2026-08-05,76,3121965.6,12116436.4,-8994470.8,0.0
2026-08-05,62,47344961.3,58541832.2,-11196870.9,988838.1
2026-08-05,22,36522460.4,47942631.1,-11420170.7,1400141.5
2026-08-05,51,29111586.2,42774745.5,-13663159.3,777325.8
2026-08-05,87,1856382.3,17163246.1,-15306863.8,0.0
2026-08-05,25,39378480.8,54861026.1,-15482545.3,1117626.0
2026-08-05,19,20453627.98,36059427.3,-15605799.32,81902.0
2026-08-05,44,78269664.0,93944380.6,-15674716.6,1454243.1
2026-08-05,38,91224357.89,108113001.59,-16888643.7,3230594.99
2026-08-05,33,80328350.8,97730361.8,-17402011.0,349588.1
2026-08-05,6,47242175.6,69964907.3,-22722731.7,729230.6
2026-08-05,45,93375476.5,118028100.2,-24652623.7,1994705.6
2026-08-05,28,85103340.1,121256024.25,-36152684.15,94366.1
2026-08-05,61,1745226.9,67312831.9,-65567605.0,0.0
2026-08-05,7,23724653.4,95199498.6,-71474845.2,269400.0
2026-08-05,17,93284988.3,169911994.28,-76627005.98,1935798.1
2026-08-05,49,123179636.75,206292864.3,-83113227.55,6548746.2
2026-08-05,34,110774757.45,198417692.77,-87642935.32,7787204.8
2026-08-06,77,158252671.7,61607840.7,96644831.0,8915771.0
2026-08-06,92,95211125.6,39169649.2,56041476.4,731416.0
2026-08-06,28,76618204.7,32237994.0,44380210.7,53902.5
2026-08-06,64,81554594.9,39557108.6,41997486.3,496460.0
2026-08-06,80,47407657.7,13088154.4,34319503.3,4195.0
2026-08-06,46,59656747.5,26491635.7,33165111.8,150473.0
2026-08-06,44,106802977.3,74831370.5,31971606.8,3685227.3
2026-08-06,58,475050834.96,448104941.52,26945893.44,52000947.56
2026-08-06,14,87556326.7,62625678.0,24930648.7,1657949.5
2026-08-06,8,38148673.6,14353000.5,23795673.1,125050.0
2026-08-06,49,135766793.0,113143652.8,22623140.2,3091036.4
2026-08-06,96,78515696.9,56997907.1,21517789.8,7133262.2
2026-08-06,39,74060899.2,52797746.8,21263152.4,350118.0
2026-08-06,33,56791239.3,41112997.1,15678242.2,637474.3
2026-08-06,91,39258195.2,23749388.9,15508806.3,107800.0
2026-08-06,65,35269912.7,20951919.4,14317993.3,145689.0
2026-08-06,56,104686329.7,91251880.4,13434449.3,8502323.0
2026-08-06,21,53477402.8,42036927.6,11440475.2,289963.3
2026-08-06,69,43460009.9,32135595.5,11324414.4,0.0
2026-08-06,83,34092614.5,23313409.2,10779205.3,0.0
2026-08-06,74,56514549.7,48963174.0,7551375.7,509087.0
2026-08-06,62,64642711.8,57978042.3,6664669.5,5921471.3
2026-08-06,29,55018156.9,48511200.6,6506956.3,609974.0
2026-08-06,86,25820972.1,19961626.3,5859345.8,0.0
2026-08-06,41,52417599.0,47104727.3,5312871.7,274768.7
2026-08-06,81,37913168.8,34114826.6,3798342.2,281959.5
2026-08-06,48,96530855.9,92831579.5,3699276.4,2451905.8
2026-08-06,18,12891243.3,9751247.3,3139996.0,0.0
2026-08-06,93,9428928.0,6488905.7,2940022.3,18873.0
2026-08-06,97,28371397.9,25721134.8,2650263.1,0.0
2026-08-06,43,20656810.6,18415299.8,2241510.8,131068.5
2026-08-06,57,95996964.8,94008463.9,1988500.9,2460344.0
2026-08-06,100,16179733.3,14239734.1,1939999.2,0.0
2026-08-06,76,3297531.1,2368132.2,929398.9,6103.5
2026-08-06,72,19991604.2,19247244.6,744359.6,443002.0
2026-08-06,5,16935567.66,16192424.1,743143.56,0.0
2026-08-06,84,18373527.8,17719346.9,654180.9,31950.0
2026-08-06,79,904776.5,330856.1,573920.4,0.0
2026-08-06,52,45711414.55,45218210.3,493204.25,1044610.0
2026-08-06,90,8065655.2,7765960.0,299695.2,3536495.2
2026-08-06,98,2484455.3,2217292.5,267162.8,0.0
2026-08-06,95,27768360.0,27827676.1,-59316.1,220828.5
2026-08-06,60,51018753.3,51091175.2,-72421.9,342708.0
2026-08-06,7,32967887.7,33158233.9,-190346.2,149539.0
2026-08-06,61,6982753.9,7277826.5,-295072.6,0.0
2026-08-06,67,15010998.0,15614735.6,-603737.6,77800.0
2026-08-06,78,10058627.9,11039115.2,-980487.3,0.0
2026-08-06,53,19188007.3,20280368.1,-1092360.8,234078.0
2026-08-06,99,16655873.8,18176738.9,-1520865.1,0.0
2026-08-06,75,37350768.8,39343918.3,-1993149.5,0.0
2026-08-06,54,11746216.5,13833306.9,-2087090.4,22685.0
2026-08-06,89,9385655.1,11898227.95,-2512572.85,0.0
2026-08-06,13,27176802.2,29995077.1,-2818274.9,246055.0
2026-08-06,70,15256757.1,18127156.2,-2870399.1,0.0
2026-08-06,37,6810815.0,9840284.5,-3029469.5,89425.0
2026-08-06,101,30529668.5,34107428.7,-3577760.2,542970.0
2026-08-06,20,3209688.4,7298854.9,-4089166.5,570500.0
2026-08-06,36,38000249.1,42521730.45,-4521481.35,265491.0
2026-08-06,40,28884895.4,33647828.3,-4762932.9,135530.0
2026-08-06,45,126478553.7,131290092.8,-4811539.1,3358339.3
2026-08-06,68,7097041.6,12060765.1,-4963723.5,0.0
2026-08-06,59,25379211.5,32165545.5,-6786334.0,472056.0
2026-08-06,22,31077854.0,38241063.9,-7163209.9,277560.0
2026-08-06,10,5816300.9,13777299.3,-7960998.4,6140.0
2026-08-06,88,28909810.5,37415389.0,-8505578.5,10958.0
2026-08-06,71,54947018.1,63981999.8,-9034981.7,576000.0
2026-08-06,51,28822685.45,37923272.2,-9100586.75,127630.0
2026-08-06,11,17965929.1,27346258.7,-9380329.6,10820.0
2026-08-06,82,33561650.4,43542911.3,-9981260.9,1189247.0
2026-08-06,94,28116306.3,39876684.7,-11760378.4,6017436.8
2026-08-06,25,44709506.9,57026258.2,-12316751.3,587369.0
2026-08-06,1,30006123.0,42547676.1,-12541553.1,912143.4
2026-08-06,85,16675891.6,29668049.4,-12992157.8,0.0
2026-08-06,26,68582346.1,83378391.3,-14796045.2,554031.5
2026-08-06,4,35784667.2,50744266.2,-14959599.0,170874.0
2026-08-06,16,36885928.7,52085935.0,-15200006.3,2067420.0
2026-08-06,50,48284311.8,63814802.7,-15530490.9,422081.0
2026-08-06,42,146347974.7,162433597.4,-16085622.7,8165729.3
2026-08-06,66,8941743.8,27172203.9,-18230460.1,8312.0
2026-08-06,63,48523464.5,70653338.9,-22129874.4,3779471.0
2026-08-06,87,46663819.8,69335683.4,-22671863.6,712033.0
2026-08-06,47,26878207.6,49874328.0,-22996120.4,188368.0
2026-08-06,19,40053422.3,63089006.5,-23035584.2,85814.0
2026-08-06,3,11922012.0,41105485.2,-29183473.2,254083.0
2026-08-06,35,75320435.5,104545921.8,-29225486.3,1856101.0
2026-08-06,38,68661190.2,102070537.5,-33409347.3,840694.1
2026-08-06,32,80063862.4,119752441.0,-39688578.6,163601.3
2026-08-06,34,120328397.3,161835206.89,-41506809.59,7452803.0
2026-08-06,17,73763613.5,123345058.8,-49581445.3,6498178.2
2026-08-06,6,34545844.89,93038975.5,-58493130.61,269736.0
2026-08-07,39,108440223.2,53009550.7,55430672.5,165524.9
2026-08-07,45,168488653.6,116763813.1,51724840.5,5592727.8
2026-08-07,64,97039106.7,52771703.2,44267403.5,1184595.0
2026-08-07,49,158405100.7,120461310.35,37943790.35,4048625.5
2026-08-07,16,66054568.7,35372035.5,30682533.2,600969.0
2026-08-07,57,113459069.15,85644850.3,27814218.85,1594617.2
2026-08-07,53,43142562.8,16055953.4,27086609.4,142000.0
2026-08-07,85,31238298.8,8812900.4,22425398.4,0.0
2026-08-07,77,108295530.2,87704469.0,20591061.2,1567205.0
2026-08-07,52,53111870.4,36420245.4,16691625.0,220606.5
2026-08-07,41,65035200.1,49784839.6,15250360.5,382156.0
2026-08-07,87,29039695.5,14638582.5,14401113.0,0.0
2026-08-07,22,60398097.0,47024069.5,13374027.5,735042.0
2026-08-07,7,36170566.5,22885239.1,13285327.4,63442.0
2026-08-07,33,74402764.4,61349359.4,13053405.0,2443410.0
2026-08-07,70,35206653.6,22889147.4,12317506.2,114960.0
2026-08-07,19,43721813.9,31859660.2,11862153.7,1115595.9
2026-08-07,32,93386683.3,81989904.9,11396778.4,848855.9
2026-08-07,5,21766391.42,11484633.6,10281757.82,427750.0
2026-08-07,101,32201472.4,22803767.2,9397705.2,0.0
2026-08-07,25,43754858.8,34490963.7,9263895.1,77953.0
2026-08-07,100,40815707.4,32590862.9,8224844.5,40310.0
2026-08-07,51,33343816.0,25145549.2,8198266.8,2469567.7
2026-08-07,72,18921729.1,10798012.0,8123717.1,0.0
2026-08-07,48,111221385.8,103128052.0,8093333.8,2955870.2
2026-08-07,46,52770361.2,44765772.8,8004588.4,329161.0
2026-08-07,66,20306916.5,12575766.9,7731149.6,0.0
2026-08-07,10,16313753.2,8750444.83,7563308.37,16142.0
2026-08-07,8,34372224.0,27115252.2,7256971.8,482861.1
2026-08-07,88,48620443.5,42260601.2,6359842.3,81589.0
2026-08-07,6,69028330.46,62718436.8,6309893.66,1036792.5
2026-08-07,13,29924317.0,24227227.6,5697089.4,158417.0
2026-08-07,83,33930621.8,29026874.7,4903747.1,0.0
2026-08-07,26,51634825.3,46769414.25,4865411.05,106132.3
2026-08-07,89,16551791.6,11888117.3,4663674.3,5330.0
2026-08-07,68,28841982.1,24287137.1,4554845.0,0.0
2026-08-07,4,45283700.9,40918482.4,4365218.5,220520.0
2026-08-07,29,46778399.7,43386333.57,3392066.13,379987.5
2026-08-07,28,46949666.3,43740097.1,3209569.2,76804.0
2026-08-07,40,22001065.6,19159345.1,2841720.5,0.0
2026-08-07,99,13204844.3,10795949.8,2408894.5,0.0
2026-08-07,80,21951209.8,19626645.8,2324564.0,0.0
2026-08-07,90,6465626.3,4525309.7,1940316.6,1696480.0
2026-08-07,93,4164016.2,2385685.7,1778330.5,0.0
2026-08-07,91,25793787.3,24167727.9,1626059.4,5590.0
2026-08-07,78,6121684.7,4975649.3,1146035.4,343230.0
2026-08-07,20,12791259.2,11687897.8,1103361.4,146289.5
2026-08-07,50,44463534.4,43898320.7,565213.7,709935.9
2026-08-07,54,10617744.4,10057671.5,560072.9,1970.0
2026-08-07,18,12445058.0,12151891.7,293166.3,6629.0
2026-08-07,60,83755859.3,83700922.0,54937.3,22032398.8
2026-08-07,79,315386.9,469570.5,-154183.6,0.0
2026-08-07,98,5170958.7,5502498.3,-331539.6,0.0
2026-08-07,71,50978152.8,51318970.9,-340818.1,0.0
2026-08-07,61,4683656.9,5086430.1,-402773.2,0.0
2026-08-07,42,158268683.64,158902998.5,-634314.86,3795497.5
2026-08-07,65,24513358.1,25488424.7,-975066.6,196621.8
2026-08-07,3,16594578.8,17793119.7,-1198540.9,5310.0
2026-08-07,62,126688758.9,127921328.6,-1232569.7,22250432.6
2026-08-07,11,19173683.5,21406949.9,-2233266.4,47230.0
2026-08-07,95,22813114.1,25469702.6,-2656588.5,0.0
2026-08-07,97,6908232.3,9810705.2,-2902472.9,0.0
2026-08-07,37,8922509.0,12474032.4,-3551523.4,0.0
2026-08-07,36,33061563.0,36790949.42,-3729386.42,264719.5
2026-08-07,69,23863366.02,27794057.9,-3930691.88,514910.0
2026-08-07,75,37656004.4,41686203.8,-4030199.4,366219.4
2026-08-07,86,11812517.1,16491468.7,-4678951.6,0.0
2026-08-07,43,31491468.49,36179653.9,-4688185.41,565299.6
2026-08-07,96,32638639.7,37438131.7,-4799492.0,22900.0
2026-08-07,21,36605661.0,42541670.1,-5936009.1,465727.0
2026-08-07,14,81018068.3,87649195.5,-6631127.2,2802416.1
2026-08-07,59,44393700.1,51176722.0,-6783021.9,1142761.0
2026-08-07,84,33912157.3,40995416.2,-7083258.9,1209670.3
2026-08-07,35,104360227.0,113391875.7,-9031648.7,1617608.5
2026-08-07,67,14142400.8,24108227.9,-9965827.1,0.0
2026-08-07,44,84677085.8,95109909.2,-10432823.4,919820.1
2026-08-07,82,18717483.5,29921909.1,-11204425.6,2181939.0
2026-08-07,94,13949237.9,25602345.8,-11653107.9,0.0
2026-08-07,56,80332121.81,92445844.9,-12113723.09,5992976.3
2026-08-07,38,105377758.7,119884256.2,-14506497.5,3225686.5
2026-08-07,47,26927594.77,42201604.9,-15274010.13,341071.0
2026-08-07,63,31228211.0,48024870.5,-16796659.5,768090.0
2026-08-07,81,19513060.4,41943268.4,-22430208.0,6298285.0
2026-08-07,74,71892053.1,95051071.5,-23159018.4,2634370.0
2026-08-07,1,32852989.8,61337334.18,-28484344.38,347905.4
2026-08-07,17,77027297.0,111891959.3,-34864662.3,13974819.1
2026-08-07,92,55219069.2,97462207.2,-42243138.0,2596500.0
2026-08-07,76,3184077.1,51042722.1,-47858645.0,12850.0
2026-08-07,34,113920329.3,167530456.1,-53610126.8,7038521.0
2026-08-07,58,429501111.93,593655096.79,-164153984.86,50275912.3
2026-08-10,58,452318339.64,346012855.8,106305483.84,44704810.1
2026-08-10,69,45072502.7,6435982.7,38636520.0,0.0
2026-08-10,48,133925956.9,99975921.3,33950035.6,7244203.5
2026-08-10,77,80373343.0,53014850.0,27358493.0,0.0
2026-08-10,28,76775099.5,49828849.5,26946250.0,1272635.0
2026-08-10,97,28648295.15,5819383.1,22828912.05,0.0
2026-08-10,85,28407821.2,10677490.5,17730330.7,16050.0
2026-08-10,46,28232810.34,13005781.9,15227028.44,24580.3
2026-08-10,67,48220877.1,33391573.7,14829303.4,77067.0
2026-08-10,39,56250934.78,42262556.7,13988378.08,277262.0
2026-08-10,92,41369862.5,29604445.9,11765416.6,0.0
2026-08-10,100,25868779.4,14948109.5,10920669.9,0.0
2026-08-10,86,15410428.8,5717747.0,9692681.8,0.0
2026-08-10,41,43590801.8,35833957.6,7756844.2,981982.0
2026-08-10,96,23046434.4,15291872.2,7754562.2,6040.0
2026-08-10,52,52973831.7,45410587.76,7563243.94,541734.1
2026-08-10,84,11118381.5,4948521.1,6169860.4,24750.0
2026-08-10,7,26788637.1,21140315.9,5648321.2,12560.0
2026-08-10,4,49576918.7,44039672.9,5537245.8,404075.0
2026-08-10,91,21787188.7,16390998.6,5396190.1,0.0
2026-08-10,62,67441552.9,62173275.95,5268276.95,1622191.9
2026-08-10,72,12771204.1,7508376.7,5262827.4,0.0
2026-08-10,14,61701884.85,56853472.2,4848412.65,7911565.0
2026-08-10,75,31901786.4,27302403.4,4599383.0,1154034.7
2026-08-10,40,18230168.8,14129539.3,4100629.5,5091.6
2026-08-10,76,8938915.4,5098356.6,3840558.8,0.0
2026-08-10,101,20876475.3,17267094.9,3609380.4,41400.0
2026-08-10,18,11325840.0,7915565.4,3410274.6,0.0
2026-08-10,45,152072255.4,148980350.5,3091904.9,7538588.4
2026-08-10,94,22387553.0,19964218.0,2423335.0,0.0
2026-08-10,88,11019260.3,8738563.0,2280697.3,0.0
2026-08-10,63,31436714.6,29481499.8,1955214.8,128584.0
2026-08-10,29,34605515.0,32737282.4,1868232.6,111402.0
2026-08-10,90,8352253.3,6511145.2,1841108.1,1420031.0
2026-08-10,80,16975142.6,15270915.4,1704227.2,152000.0
2026-08-10,74,51814966.7,50272776.4,1542190.3,197476.0
2026-08-10,89,16818836.3,15282959.5,1535876.8,0.0
2026-08-10,61,4770880.2,3579363.4,1191516.8,0.0
2026-08-10,71,40946496.8,39940083.7,1006413.1,682600.0
2026-08-10,42,116397293.8,115415985.6,981308.2,3080251.6
2026-08-10,95,23785803.3,23060039.7,725763.6,44610.0
2026-08-10,1,28755822.1,28175723.69,580098.41,336305.0
2026-08-10,35,72385508.8,71948212.0,437296.8,681578.5
2026-08-10,65,38678903.6,38497680.6,181223.0,179735.0
2026-08-10,81,13908836.6,13753873.6,154963.0,0.0
2026-08-10,98,1738531.8,1811614.4,-73082.6,0.0
2026-08-10,54,8097493.86,8211625.1,-114131.24,100068.6
2026-08-10,3,13230053.9,13441183.4,-211129.5,0.0
2026-08-10,79,87157.5,713787.4,-626629.9,0.0
2026-08-10,93,2114869.6,2757985.5,-643115.9,0.0
2026-08-10,26,70566119.3,71408286.3,-842167.0,451690.0
2026-08-10,36,32021428.8,33323020.9,-1301592.1,378598.0
2026-08-10,32,76874347.9,78269744.4,-1395396.5,1628061.5
2026-08-10,20,4311618.9,5816500.7,-1504881.8,2825789.0
2026-08-10,59,33646288.6,35726129.78,-2079841.18,236348.7
2026-08-10,43,18744755.5,21155186.7,-2410431.2,219003.0
2026-08-10,47,24747628.9,27239157.0,-2491528.1,669142.0
2026-08-10,60,47494677.9,50463930.3,-2969252.4,685000.0
2026-08-10,78,4960589.5,8540785.5,-3580196.0,0.0
2026-08-10,56,60489375.5,64094463.0,-3605087.5,2339982.8
2026-08-10,68,10498375.3,14154977.6,-3656602.3,0.0
2026-08-10,8,23932399.8,27598910.3,-3666510.5,28671.0
2026-08-10,5,12045482.8,16154637.4,-4109154.6,0.0
2026-08-10,99,3477813.4,7646456.9,-4168643.5,0.0
2026-08-10,22,25426299.0,30162956.3,-4736657.3,56124.8
2026-08-10,6,37581686.64,42440237.78,-4858551.14,109106.0
2026-08-10,37,7636130.6,12726027.9,-5089897.3,4353.0
2026-08-10,19,33855478.72,38997698.0,-5142219.28,79494.4
2026-08-10,13,21879796.3,27864391.2,-5984594.9,426959.0
2026-08-10,82,53545623.7,60072389.1,-6526765.4,8600000.0
2026-08-10,10,9475731.88,16074771.1,-6599039.22,0.0
2026-08-10,70,27978924.5,34694993.0,-6716068.5,58585.0
2026-08-10,64,38622247.8,45406339.3,-6784091.5,333490.8
2026-08-10,83,8792916.1,15977205.4,-7184289.3,0.0
2026-08-10,25,41865997.1,49612698.7,-7746701.6,386376.6
2026-08-10,21,32530859.6,40455665.3,-7924805.7,201577.6
2026-08-10,53,19019962.8,28611541.7,-9591578.9,28440.0
2026-08-10,44,67233263.2,76874778.2,-9641515.0,5492069.3
2026-08-10,11,14815846.8,24881229.4,-10065382.6,737691.0
2026-08-10,51,22523585.5,34101043.0,-11577457.5,229812.3
2026-08-10,66,10756815.9,24792510.6,-14035694.7,0.0
2026-08-10,57,92147806.9,109856557.4,-17708750.5,3036133.3
2026-08-10,50,25994310.2,44374891.6,-18380581.4,47466.0
2026-08-10,33,39045637.1,59806464.1,-20760827.0,1920.0
2026-08-10,34,96564191.5,119079138.55,-22514947.05,3607343.9
2026-08-10,38,88800848.24,117703830.6,-28902982.36,2357772.4
2026-08-10,16,41450013.2,73305574.02,-31855560.82,2866259.0
2026-08-10,49,91839375.5,126956841.57,-35117466.07,1939543.3
2026-08-10,17,59698240.4,98572383.5,-38874143.1,2451594.9
2026-08-10,87,3929793.3,74601745.8,-70671952.5,422180.0
2026-08-11,48,195854025.6,116885391.8,78968633.8,25662393.4
2026-08-11,87,45415078.8,8563465.0,36851613.8,0.0
2026-08-11,61,37957492.9,5279927.3,32677565.6,0.0
2026-08-11,63,58098647.5,30968952.2,27129695.3,73417.5
2026-08-11,14,73571598.2,48011891.4,25559706.8,564959.4
2026-08-11,52,69138347.4,45636629.4,23501718.0,6063616.2
2026-08-11,16,65246884.6,43292994.6,21953890.0,330966.8
2026-08-11,49,123784289.4,103587549.0,20196740.4,3248022.7
2026-08-11,91,30451652.1,11958892.3,18492759.8,0.0
2026-08-11,85,36813956.4,19397468.2,17416488.2,3652.2
2026-08-11,75,53241590.9,36215699.5,17025891.4,394965.0
2026-08-11,84,30102824.8,13544885.4,16557939.4,0.0
2026-08-11,32,73376332.91,57636140.0,15740192.91,2085016.7
2026-08-11,70,44843019.4,31703309.8,13139709.6,856964.0
2026-08-11,67,28755070.7,16130416.9,12624653.8,9472.5
2026-08-11,92,49658166.8,37306764.5,12351402.3,150750.0
2026-08-11,65,46638750.3,34673279.0,11965471.3,0.0
2026-08-11,76,14952054.1,3101449.6,11850604.5,0.0
2026-08-11,7,31342793.4,20380894.9,10961898.5,121606.0
2026-08-11,95,32183514.2,21570372.1,10613142.1,2572880.0
2026-08-11,69,25489771.6,15261920.2,10227851.4,0.0
2026-08-11,100,30467377.9,20245841.7,10221536.2,534774.0
2026-08-11,4,41081173.7,32275939.4,8805234.3,342925.0
2026-08-11,19,54106870.5,45316678.7,8790191.8,127350.0
2026-08-11,44,88228935.0,79610172.4,8618762.6,558033.0
2026-08-11,88,21269937.7,12658202.4,8611735.3,9608.0
2026-08-11,59,40149600.3,32048730.8,8100869.5,1108295.0
2026-08-11,34,114648262.95,106758943.6,7889319.35,2589550.9
2026-08-11,43,29718197.2,22002847.4,7715349.8,376268.0
2026-08-11,8,29474852.2,23008973.0,6465879.2,79433.8
2026-08-11,6,48161565.2,41806246.9,6355318.3,2233617.5
2026-08-11,20,11065366.1,5510984.3,5554381.8,2072191.7
2026-08-11,81,68656999.4,63226157.4,5430842.0,33530087.6
2026-08-11,68,16976369.3,11927158.2,5049211.1,0.0
2026-08-11,83,29601638.6,25304219.3,4297419.3,0.0
2026-08-11,10,12393422.2,8856124.8,3537297.4,5372.4
2026-08-11,3,18038822.7,15111059.0,2927763.7,73576.0
2026-08-11,29,39046471.5,36229560.16,2816911.34,228658.0
2026-08-11,53,21892503.4,19779824.7,2112678.7,24386.0
2026-08-11,25,42114554.6,40321730.6,1792824.0,111997.6
2026-08-11,77,44455783.7,42755481.2,1700302.5,64400.0
2026-08-11,39,59527360.1,57939339.5,1588020.6,6020529.7
2026-08-11,40,18111793.9,16672395.5,1439398.4,29866.0
2026-08-11,89,17839938.9,16722885.0,1117053.9,31709.8
2026-08-11,37,12403853.7,11322571.3,1081282.4,34903.0
2026-08-11,93,4709481.3,3874400.9,835080.4,0.0
2026-08-11,78,3046192.7,2352786.6,693406.1,0.0
2026-08-11,5,14960396.8,14384601.6,575795.2,316410.0
2026-08-11,50,34726711.1,34371922.7,354788.4,11808.0
2026-08-11,57,98199412.8,97979296.3,220116.5,3275697.6
2026-08-11,98,3340087.9,3158822.2,181265.7,0.0
2026-08-11,79,634631.5,677069.6,-42438.1,0.0
2026-08-11,18,10200195.4,10360861.3,-160665.9,0.0
2026-08-11,96,38996522.6,39610481.2,-613958.6,0.0
2026-08-11,90,5309684.0,6075165.8,-765481.8,1694400.0
2026-08-11,36,38644149.4,39614751.36,-970601.96,76925.2
2026-08-11,35,83987004.4,85292329.0,-1305324.6,2542644.2
2026-08-11,21,42237450.3,43558650.9,-1321200.6,242065.0
2026-08-11,71,31677141.5,33109144.7,-1432003.2,635300.0
2026-08-11,22,31937812.3,33513370.7,-1575558.4,460745.8
2026-08-11,54,11964682.9,13579199.3,-1614516.4,21807.0
2026-08-11,97,1518401.3,3220437.1,-1702035.8,0.0
2026-08-11,51,31591418.5,33379544.8,-1788126.3,425973.6
2026-08-11,64,40446219.6,42260210.5,-1813990.9,0.0
2026-08-11,62,73205054.6,76967062.0,-3762007.4,1841715.8
2026-08-11,46,11435898.7,15489299.0,-4053400.3,118035.0
2026-08-11,28,23406595.4,27559631.3,-4153035.9,208934.1
2026-08-11,99,13556685.3,18989957.9,-5433272.6,48972.0
2026-08-11,47,28463539.1,35950093.8,-7486554.7,59098.0
2026-08-11,72,14493834.3,22189656.4,-7695822.1,0.0
2026-08-11,41,40381379.28,48838815.8,-8457436.52,619931.5
2026-08-11,101,22196046.5,30984825.9,-8788779.4,1352063.0
2026-08-11,13,27903284.6,37067756.07,-9164471.47,8550.0
2026-08-11,66,13654714.3,22928370.9,-9273656.6,86408.0
2026-08-11,45,139917627.3,150157321.6,-10239694.3,5888927.8
2026-08-11,94,24409173.4,36210003.75,-11800830.35,148650.0
2026-08-11,80,11433105.6,23932706.4,-12499600.8,76086.0
2026-08-11,1,26997346.7,39616102.4,-12618755.7,141400.0
2026-08-11,56,60346684.1,73942589.6,-13595905.5,8377156.8
2026-08-11,74,75720765.1,90992677.1,-15271912.0,781687.5
2026-08-11,11,14660074.7,30690664.9,-16030590.2,2012383.7
2026-08-11,26,50067690.3,70511834.6,-20444144.3,785388.5
2026-08-11,86,4421681.6,25852286.9,-21430605.3,0.0
2026-08-11,42,160214333.9,183914050.42,-23699716.52,5712217.1
2026-08-11,60,52799021.1,86732662.1,-33933641.0,1356255.0
2026-08-11,33,43965035.1,80096855.5,-36131820.4,1464864.0
2026-08-11,82,20369670.5,62712638.8,-42342968.3,10613440.0
2026-08-11,17,48562633.6,100395307.3,-51832673.7,2217019.1
2026-08-11,38,61393235.4,118952973.1,-57559737.7,1857687.7
2026-08-11,58,442524315.42,550399983.5,-107875668.08,62521607.6
